{
"type": "FeatureCollection",
"name": "grid",
"crs": { "type": "name", "properties": { "name": "urn:ogc:def:crs:EPSG::26910" } },
"features": [
{ "type": "Feature", "properties": { "grid_id": 0, "crime_count": 0.0, "name": "Dunbar-Southlands" }, "geometry": { "type": "Polygon", "coordinates": [ [ [ 484323.558100000023842, 5453515.0603 ], [ 484323.558100000023842, 5453356.606210238300264 ], [ 484114.798994862358086, 5453515.0603 ], [ 484323.558100000023842, 5453515.0603 ] ] ] } },
{ "type": "Feature", "properties": { "grid_id": 1, "crime_count": 0.0, "name": "Dunbar-Southlands" }, "geometry": { "type": "Polygon", "coordinates": [ [ [ 484073.558100000023842, 5453765.0603 ], [ 484323.558100000023842, 5453765.0603 ], [ 484323.558100000023842, 5453515.0603 ], [ 484114.798994862358086, 5453515.0603 ], [ 484073.558100000023842, 5453546.363310482352972 ], [ 484073.558100000023842, 5453765.0603 ] ] ] } },
{ "type": "Feature", "properties": { "grid_id": 2, "crime_count": 0.0, "name": "Dunbar-Southlands" }, "geometry": { "type": "Polygon", "coordinates": [ [ [ 484323.558100000023842, 5453765.0603 ], [ 484073.558100000023842, 5453765.0603 ], [ 484073.558100000023842, 5454015.0603 ], [ 484150.076767306250986, 5454015.0603 ], [ 484323.558100000023842, 5453912.348067077808082 ], [ 484323.558100000023842, 5453765.0603 ] ] ] } },
{ "type": "Feature", "properties": { "grid_id": 3, "crime_count": 0.0, "name": "Dunbar-Southlands" }, "geometry": { "type": "Polygon", "coordinates": [ [ [ 484073.558100000023842, 5454015.0603 ], [ 484073.558100000023842, 5454060.364328146912158 ], [ 484150.076767306250986, 5454015.0603 ], [ 484073.558100000023842, 5454015.0603 ] ] ] } },
{ "type": "Feature", "properties": { "grid_id": 4, "crime_count": 0.0, "name": "West Point Grey" }, "geometry": { "type": "Polygon", "coordinates": [ [ [ 484073.558100000023842, 5457265.0603 ], [ 484323.558100000023842, 5457265.0603 ], [ 484323.558100000023842, 5457199.113924759440124 ], [ 484203.552742958592717, 5457197.404226490296423 ], [ 484112.499249999353196, 5457188.336596047505736 ], [ 484073.558100000023842, 5457181.657302402891219 ], [ 484073.558100000023842, 5457265.0603 ] ] ] } },
{ "type": "Feature", "properties": { "grid_id": 5, "crime_count": 0.0, "name": "West Point Grey" }, "geometry": { "type": "Polygon", "coordinates": [ [ [ 484073.558100000023842, 5457265.0603 ], [ 484073.558100000023842, 5457515.0603 ], [ 484323.558100000023842, 5457515.0603 ], [ 484323.558100000023842, 5457265.0603 ], [ 484073.558100000023842, 5457265.0603 ] ] ] } },
{ "type": "Feature", "properties": { "grid_id": 6, "crime_count": 0.0, "name": "West Point Grey" }, "geometry": { "type": "Polygon", "coordinates": [ [ [ 484073.558100000023842, 5457515.0603 ], [ 484073.558100000023842, 5457765.0603 ], [ 484323.558100000023842, 5457765.0603 ], [ 484323.558100000023842, 5457515.0603 ], [ 484073.558100000023842, 5457515.0603 ] ] ] } },
{ "type": "Feature", "properties": { "grid_id": 7, "crime_count": 0.0, "name": "West Point Grey" }, "geometry": { "type": "Polygon", "coordinates": [ [ [ 484073.558100000023842, 5457765.0603 ], [ 484073.558100000023842, 5458015.0603 ], [ 484323.558100000023842, 5458015.0603 ], [ 484323.558100000023842, 5457765.0603 ], [ 484073.558100000023842, 5457765.0603 ] ] ] } },
{ "type": "Feature", "properties": { "grid_id": 8, "crime_count": 1.0, "name": "West Point Grey" }, "geometry": { "type": "Polygon", "coordinates": [ [ [ 484073.558100000023842, 5458015.0603 ], [ 484073.558100000023842, 5458265.0603 ], [ 484323.558100000023842, 5458265.0603 ], [ 484323.558100000023842, 5458015.0603 ], [ 484073.558100000023842, 5458015.0603 ] ] ] } },
{ "type": "Feature", "properties": { "grid_id": 9, "crime_count": 0.0, "name": "West Point Grey" }, "geometry": { "type": "Polygon", "coordinates": [ [ [ 484323.558100000023842, 5458265.0603 ], [ 484073.558100000023842, 5458265.0603 ], [ 484073.558100000023842, 5458458.847205387428403 ], [ 484323.558100000023842, 5458440.984321993775666 ], [ 484323.558100000023842, 5458265.0603 ] ] ] } },
{ "type": "Feature", "properties": { "grid_id": 10, "crime_count": 0.0, "name": "Dunbar-Southlands" }, "geometry": { "type": "Polygon", "coordinates": [ [ [ 484573.558100000023842, 5453265.0603 ], [ 484573.558100000023842, 5453166.849109994247556 ], [ 484444.167434407689143, 5453265.0603 ], [ 484573.558100000023842, 5453265.0603 ] ] ] } },
{ "type": "Feature", "properties": { "grid_id": 11, "crime_count": 0.0, "name": "Dunbar-Southlands" }, "geometry": { "type": "Polygon", "coordinates": [ [ [ 484323.558100000023842, 5453515.0603 ], [ 484573.558100000023842, 5453515.0603 ], [ 484573.558100000023842, 5453265.0603 ], [ 484444.167434407689143, 5453265.0603 ], [ 484323.558100000023842, 5453356.606210238300264 ], [ 484323.558100000023842, 5453515.0603 ] ] ] } },
{ "type": "Feature", "properties": { "grid_id": 12, "crime_count": 0.0, "name": "Dunbar-Southlands" }, "geometry": { "type": "Polygon", "coordinates": [ [ [ 484573.558100000023842, 5453515.0603 ], [ 484323.558100000023842, 5453515.0603 ], [ 484323.558100000023842, 5453765.0603 ], [ 484572.327671015751548, 5453765.0603 ], [ 484573.558100000023842, 5453764.331806008704007 ], [ 484573.558100000023842, 5453515.0603 ] ] ] } },
{ "type": "Feature", "properties": { "grid_id": 13, "crime_count": 0.0, "name": "Dunbar-Southlands" }, "geometry": { "type": "Polygon", "coordinates": [ [ [ 484323.558100000023842, 5453765.0603 ], [ 484323.558100000023842, 5453912.348067077808082 ], [ 484572.327671015751548, 5453765.0603 ], [ 484323.558100000023842, 5453765.0603 ] ] ] } },
{ "type": "Feature", "properties": { "grid_id": 14, "crime_count": 0.0, "name": "West Point Grey" }, "geometry": { "type": "Polygon", "coordinates": [ [ [ 484573.558100000023842, 5456265.0603 ], [ 484573.558100000023842, 5456189.879875816404819 ], [ 484327.806129976466764, 5456196.210107161663473 ], [ 484329.487701248493977, 5456265.0603 ], [ 484573.558100000023842, 5456265.0603 ] ] ] } },
{ "type": "Feature", "properties": { "grid_id": 15, "crime_count": 1.0, "name": "West Point Grey" }, "geometry": { "type": "Polygon", "coordinates": [ [ [ 484573.558100000023842, 5456515.0603 ], [ 484573.558100000023842, 5456265.0603 ], [ 484329.487701248493977, 5456265.0603 ], [ 484335.593607429473195, 5456515.0603 ], [ 484573.558100000023842, 5456515.0603 ] ] ] } },
{ "type": "Feature", "properties": { "grid_id": 16, "crime_count": 5.0, "name": "West Point Grey" }, "geometry": { "type": "Polygon", "coordinates": [ [ [ 484573.558100000023842, 5456765.0603 ], [ 484573.558100000023842, 5456515.0603 ], [ 484335.593607429473195, 5456515.0603 ], [ 484341.699513610452414, 5456765.0603 ], [ 484573.558100000023842, 5456765.0603 ] ] ] } },
{ "type": "Feature", "properties": { "grid_id": 17, "crime_count": 8.0, "name": "West Point Grey" }, "geometry": { "type": "Polygon", "coordinates": [ [ [ 484573.558100000023842, 5457015.0603 ], [ 484573.558100000023842, 5456765.0603 ], [ 484341.699513610452414, 5456765.0603 ], [ 484347.805419791431632, 5457015.0603 ], [ 484573.558100000023842, 5457015.0603 ] ] ] } },
{ "type": "Feature", "properties": { "grid_id": 18, "crime_count": 1.0, "name": "West Point Grey" }, "geometry": { "type": "Polygon", "coordinates": [ [ [ 484323.558100000023842, 5457265.0603 ], [ 484573.558100000023842, 5457265.0603 ], [ 484573.558100000023842, 5457015.0603 ], [ 484347.805419791431632, 5457015.0603 ], [ 484352.310681191389449, 5457199.523558458313346 ], [ 484323.558100000023842, 5457199.113924759440124 ], [ 484323.558100000023842, 5457265.0603 ] ] ] } },
{ "type": "Feature", "properties": { "grid_id": 19, "crime_count": 0.0, "name": "West Point Grey" }, "geometry": { "type": "Polygon", "coordinates": [ [ [ 484323.558100000023842, 5457265.0603 ], [ 484323.558100000023842, 5457515.0603 ], [ 484573.558100000023842, 5457515.0603 ], [ 484573.558100000023842, 5457265.0603 ], [ 484323.558100000023842, 5457265.0603 ] ] ] } },
{ "type": "Feature", "properties": { "grid_id": 20, "crime_count": 1.0, "name": "West Point Grey" }, "geometry": { "type": "Polygon", "coordinates": [ [ [ 484323.558100000023842, 5457515.0603 ], [ 484323.558100000023842, 5457765.0603 ], [ 484573.558100000023842, 5457765.0603 ], [ 484573.558100000023842, 5457515.0603 ], [ 484323.558100000023842, 5457515.0603 ] ] ] } },
{ "type": "Feature", "properties": { "grid_id": 21, "crime_count": 0.0, "name": "West Point Grey" }, "geometry": { "type": "Polygon", "coordinates": [ [ [ 484323.558100000023842, 5457765.0603 ], [ 484323.558100000023842, 5458015.0603 ], [ 484573.558100000023842, 5458015.0603 ], [ 484573.558100000023842, 5457765.0603 ], [ 484323.558100000023842, 5457765.0603 ] ] ] } },
{ "type": "Feature", "properties": { "grid_id": 22, "crime_count": 0.0, "name": "West Point Grey" }, "geometry": { "type": "Polygon", "coordinates": [ [ [ 484323.558100000023842, 5458015.0603 ], [ 484323.558100000023842, 5458265.0603 ], [ 484573.558100000023842, 5458265.0603 ], [ 484573.558100000023842, 5458015.0603 ], [ 484323.558100000023842, 5458015.0603 ] ] ] } },
{ "type": "Feature", "properties": { "grid_id": 23, "crime_count": 0.0, "name": "West Point Grey" }, "geometry": { "type": "Polygon", "coordinates": [ [ [ 484573.558100000023842, 5458265.0603 ], [ 484323.558100000023842, 5458265.0603 ], [ 484323.558100000023842, 5458440.984321993775666 ], [ 484573.558100000023842, 5458423.121438600122929 ], [ 484573.558100000023842, 5458265.0603 ] ] ] } },
{ "type": "Feature", "properties": { "grid_id": 24, "crime_count": 0.0, "name": "Dunbar-Southlands" }, "geometry": { "type": "Polygon", "coordinates": [ [ [ 484823.558100000023842, 5453015.0603 ], [ 484823.558100000023842, 5452857.346427278593183 ], [ 484791.764833207300398, 5452928.199924991466105 ], [ 484771.308569526590873, 5452963.031129130162299 ], [ 484748.627189443504903, 5452996.596328339539468 ], [ 484734.19920393783832, 5453015.0603 ], [ 484823.558100000023842, 5453015.0603 ] ] ] } },
{ "type": "Feature", "properties": { "grid_id": 25, "crime_count": 0.0, "name": "Dunbar-Southlands" }, "geometry": { "type": "Polygon", "coordinates": [ [ [ 484573.558100000023842, 5453265.0603 ], [ 484823.558100000023842, 5453265.0603 ], [ 484823.558100000023842, 5453015.0603 ], [ 484734.19920393783832, 5453015.0603 ], [ 484723.719541526690591, 5453028.471471621654928 ], [ 484697.697733935492579, 5453059.077580858021975 ], [ 484669.449678027653135, 5453087.993685226887465 ], [ 484639.530834118719213, 5453115.218269693665206 ], [ 484607.941199096152559, 5453140.751361266709864 ], [ 484573.558100000023842, 5453166.849109994247556 ], [ 484573.558100000023842, 5453265.0603 ] ] ] } },
{ "type": "Feature", "properties": { "grid_id": 26, "crime_count": 0.0, "name": "Dunbar-Southlands" }, "geometry": { "type": "Polygon", "coordinates": [ [ [ 484573.558100000023842, 5453265.0603 ], [ 484573.558100000023842, 5453515.0603 ], [ 484823.558100000023842, 5453515.0603 ], [ 484823.558100000023842, 5453265.0603 ], [ 484573.558100000023842, 5453265.0603 ] ] ] } },
{ "type": "Feature", "properties": { "grid_id": 27, "crime_count": 0.0, "name": "Dunbar-Southlands" }, "geometry": { "type": "Polygon", "coordinates": [ [ [ 484823.558100000023842, 5453515.0603 ], [ 484573.558100000023842, 5453515.0603 ], [ 484573.558100000023842, 5453764.331806008704007 ], [ 484814.784545627597254, 5453621.510059798136353 ], [ 484823.558100000023842, 5453630.501214935444295 ], [ 484823.558100000023842, 5453515.0603 ] ] ] } },
{ "type": "Feature", "properties": { "grid_id": 28, "crime_count": 1.0, "name": "West Point Grey" }, "geometry": { "type": "Polygon", "coordinates": [ [ [ 484573.558100000023842, 5456265.0603 ], [ 484823.558100000023842, 5456265.0603 ], [ 484823.558100000023842, 5456183.440221085213125 ], [ 484573.558100000023842, 5456189.879875816404819 ], [ 484573.558100000023842, 5456265.0603 ] ] ] } },
{ "type": "Feature", "properties": { "grid_id": 29, "crime_count": 5.0, "name": "West Point Grey" }, "geometry": { "type": "Polygon", "coordinates": [ [ [ 484573.558100000023842, 5456265.0603 ], [ 484573.558100000023842, 5456515.0603 ], [ 484823.558100000023842, 5456515.0603 ], [ 484823.558100000023842, 5456265.0603 ], [ 484573.558100000023842, 5456265.0603 ] ] ] } },
{ "type": "Feature", "properties": { "grid_id": 30, "crime_count": 0.0, "name": "West Point Grey" }, "geometry": { "type": "Polygon", "coordinates": [ [ [ 484573.558100000023842, 5456515.0603 ], [ 484573.558100000023842, 5456765.0603 ], [ 484823.558100000023842, 5456765.0603 ], [ 484823.558100000023842, 5456515.0603 ], [ 484573.558100000023842, 5456515.0603 ] ] ] } },
{ "type": "Feature", "properties": { "grid_id": 31, "crime_count": 5.0, "name": "West Point Grey" }, "geometry": { "type": "Polygon", "coordinates": [ [ [ 484573.558100000023842, 5456765.0603 ], [ 484573.558100000023842, 5457015.0603 ], [ 484823.558100000023842, 5457015.0603 ], [ 484823.558100000023842, 5456765.0603 ], [ 484573.558100000023842, 5456765.0603 ] ] ] } },
{ "type": "Feature", "properties": { "grid_id": 32, "crime_count": 0.0, "name": "West Point Grey" }, "geometry": { "type": "Polygon", "coordinates": [ [ [ 484573.558100000023842, 5457015.0603 ], [ 484573.558100000023842, 5457265.0603 ], [ 484823.558100000023842, 5457265.0603 ], [ 484823.558100000023842, 5457015.0603 ], [ 484573.558100000023842, 5457015.0603 ] ] ] } },
{ "type": "Feature", "properties": { "grid_id": 33, "crime_count": 6.0, "name": "West Point Grey" }, "geometry": { "type": "Polygon", "coordinates": [ [ [ 484573.558100000023842, 5457265.0603 ], [ 484573.558100000023842, 5457515.0603 ], [ 484823.558100000023842, 5457515.0603 ], [ 484823.558100000023842, 5457265.0603 ], [ 484573.558100000023842, 5457265.0603 ] ] ] } },
{ "type": "Feature", "properties": { "grid_id": 34, "crime_count": 2.0, "name": "West Point Grey" }, "geometry": { "type": "Polygon", "coordinates": [ [ [ 484573.558100000023842, 5457515.0603 ], [ 484573.558100000023842, 5457765.0603 ], [ 484823.558100000023842, 5457765.0603 ], [ 484823.558100000023842, 5457515.0603 ], [ 484573.558100000023842, 5457515.0603 ] ] ] } },
{ "type": "Feature", "properties": { "grid_id": 35, "crime_count": 0.0, "name": "West Point Grey" }, "geometry": { "type": "Polygon", "coordinates": [ [ [ 484573.558100000023842, 5457765.0603 ], [ 484573.558100000023842, 5458015.0603 ], [ 484823.558100000023842, 5458015.0603 ], [ 484823.558100000023842, 5457765.0603 ], [ 484573.558100000023842, 5457765.0603 ] ] ] } },
{ "type": "Feature", "properties": { "grid_id": 36, "crime_count": 0.0, "name": "West Point Grey" }, "geometry": { "type": "Polygon", "coordinates": [ [ [ 484573.558100000023842, 5458015.0603 ], [ 484573.558100000023842, 5458265.0603 ], [ 484823.558100000023842, 5458265.0603 ], [ 484823.558100000023842, 5458015.0603 ], [ 484573.558100000023842, 5458015.0603 ] ] ] } },
{ "type": "Feature", "properties": { "grid_id": 37, "crime_count": 0.0, "name": "West Point Grey" }, "geometry": { "type": "Polygon", "coordinates": [ [ [ 484823.558100000023842, 5458265.0603 ], [ 484573.558100000023842, 5458265.0603 ], [ 484573.558100000023842, 5458423.121438600122929 ], [ 484823.558100000023842, 5458405.258555206470191 ], [ 484823.558100000023842, 5458265.0603 ] ] ] } },
{ "type": "Feature", "properties": { "grid_id": 38, "crime_count": 0.0, "name": "Dunbar-Southlands" }, "geometry": { "type": "Polygon", "coordinates": [ [ [ 485073.558100000023842, 5452515.0603 ], [ 485073.558100000023842, 5452451.612650040537119 ], [ 485036.644868062867317, 5452488.181042352691293 ], [ 485013.44607492024079, 5452515.0603 ], [ 485073.558100000023842, 5452515.0603 ] ] ] } },
{ "type": "Feature", "properties": { "grid_id": 39, "crime_count": 0.0, "name": "Dunbar-Southlands" }, "geometry": { "type": "Polygon", "coordinates": [ [ [ 485073.558100000023842, 5452765.0603 ], [ 485073.558100000023842, 5452515.0603 ], [ 485013.44607492024079, 5452515.0603 ], [ 485007.294916819431819, 5452522.18733296263963 ], [ 484979.615321379445959, 5452557.461472437717021 ], [ 484954.161573196062818, 5452594.001918541267514 ], [ 484930.379305670037866, 5452632.234238279052079 ], [ 484908.821678970532957, 5452671.3087322069332 ], [ 484888.934326936898287, 5452711.650976227596402 ], [ 484864.96858163527213, 5452765.0603 ], [ 485073.558100000023842, 5452765.0603 ] ] ] } },
{ "type": "Feature", "properties": { "grid_id": 40, "crime_count": 0.0, "name": "Dunbar-Southlands" }, "geometry": { "type": "Polygon", "coordinates": [ [ [ 484823.558100000023842, 5453015.0603 ], [ 485073.558100000023842, 5453015.0603 ], [ 485073.558100000023842, 5452765.0603 ], [ 484864.96858163527213, 5452765.0603 ], [ 484823.558100000023842, 5452857.346427278593183 ], [ 484823.558100000023842, 5453015.0603 ] ] ] } },
{ "type": "Feature", "properties": { "grid_id": 41, "crime_count": 0.0, "name": "Dunbar-Southlands" }, "geometry": { "type": "Polygon", "coordinates": [ [ [ 484823.558100000023842, 5453015.0603 ], [ 484823.558100000023842, 5453265.0603 ], [ 485073.558100000023842, 5453265.0603 ], [ 485073.558100000023842, 5453015.0603 ], [ 484823.558100000023842, 5453015.0603 ] ] ] } },
{ "type": "Feature", "properties": { "grid_id": 42, "crime_count": 0.0, "name": "Dunbar-Southlands" }, "geometry": { "type": "Polygon", "coordinates": [ [ [ 484823.558100000023842, 5453265.0603 ], [ 484823.558100000023842, 5453515.0603 ], [ 485073.558100000023842, 5453515.0603 ], [ 485073.558100000023842, 5453265.0603 ], [ 484823.558100000023842, 5453265.0603 ] ] ] } },
{ "type": "Feature", "properties": { "grid_id": 43, "crime_count": 0.0, "name": "Dunbar-Southlands" }, "geometry": { "type": "Polygon", "coordinates": [ [ [ 485073.558100000023842, 5453765.0603 ], [ 485073.558100000023842, 5453515.0603 ], [ 484823.558100000023842, 5453515.0603 ], [ 484823.558100000023842, 5453630.501214935444295 ], [ 484954.860633560398128, 5453765.0603 ], [ 485073.558100000023842, 5453765.0603 ] ] ] } },
{ "type": "Feature", "properties": { "grid_id": 44, "crime_count": 0.0, "name": "Dunbar-Southlands" }, "geometry": { "type": "Polygon", "coordinates": [ [ [ 485073.558100000023842, 5453765.0603 ], [ 484954.860633560398128, 5453765.0603 ], [ 485033.111291931301821, 5453845.25172289647162 ], [ 485073.558100000023842, 5453828.609894955530763 ], [ 485073.558100000023842, 5453765.0603 ] ] ] } },
{ "type": "Feature", "properties": { "grid_id": 45, "crime_count": 0.0, "name": "West Point Grey" }, "geometry": { "type": "Polygon", "coordinates": [ [ [ 484823.558100000023842, 5456265.0603 ], [ 485073.558100000023842, 5456265.0603 ], [ 485073.558100000023842, 5456177.00056635402143 ], [ 484823.558100000023842, 5456183.440221085213125 ], [ 484823.558100000023842, 5456265.0603 ] ] ] } },
{ "type": "Feature", "properties": { "grid_id": 46, "crime_count": 0.0, "name": "West Point Grey" }, "geometry": { "type": "Polygon", "coordinates": [ [ [ 484823.558100000023842, 5456265.0603 ], [ 484823.558100000023842, 5456515.0603 ], [ 485073.558100000023842, 5456515.0603 ], [ 485073.558100000023842, 5456265.0603 ], [ 484823.558100000023842, 5456265.0603 ] ] ] } },
{ "type": "Feature", "properties": { "grid_id": 47, "crime_count": 1.0, "name": "West Point Grey" }, "geometry": { "type": "Polygon", "coordinates": [ [ [ 484823.558100000023842, 5456515.0603 ], [ 484823.558100000023842, 5456765.0603 ], [ 485073.558100000023842, 5456765.0603 ], [ 485073.558100000023842, 5456515.0603 ], [ 484823.558100000023842, 5456515.0603 ] ] ] } },
{ "type": "Feature", "properties": { "grid_id": 48, "crime_count": 2.0, "name": "West Point Grey" }, "geometry": { "type": "Polygon", "coordinates": [ [ [ 484823.558100000023842, 5456765.0603 ], [ 484823.558100000023842, 5457015.0603 ], [ 485073.558100000023842, 5457015.0603 ], [ 485073.558100000023842, 5456765.0603 ], [ 484823.558100000023842, 5456765.0603 ] ] ] } },
{ "type": "Feature", "properties": { "grid_id": 49, "crime_count": 1.0, "name": "West Point Grey" }, "geometry": { "type": "Polygon", "coordinates": [ [ [ 484823.558100000023842, 5457015.0603 ], [ 484823.558100000023842, 5457265.0603 ], [ 485073.558100000023842, 5457265.0603 ], [ 485073.558100000023842, 5457015.0603 ], [ 484823.558100000023842, 5457015.0603 ] ] ] } },
{ "type": "Feature", "properties": { "grid_id": 50, "crime_count": 2.0, "name": "West Point Grey" }, "geometry": { "type": "Polygon", "coordinates": [ [ [ 484823.558100000023842, 5457265.0603 ], [ 484823.558100000023842, 5457515.0603 ], [ 485073.558100000023842, 5457515.0603 ], [ 485073.558100000023842, 5457265.0603 ], [ 484823.558100000023842, 5457265.0603 ] ] ] } },
{ "type": "Feature", "properties": { "grid_id": 51, "crime_count": 0.0, "name": "West Point Grey" }, "geometry": { "type": "Polygon", "coordinates": [ [ [ 484823.558100000023842, 5457515.0603 ], [ 484823.558100000023842, 5457765.0603 ], [ 485073.558100000023842, 5457765.0603 ], [ 485073.558100000023842, 5457515.0603 ], [ 484823.558100000023842, 5457515.0603 ] ] ] } },
{ "type": "Feature", "properties": { "grid_id": 52, "crime_count": 0.0, "name": "West Point Grey" }, "geometry": { "type": "Polygon", "coordinates": [ [ [ 484823.558100000023842, 5457765.0603 ], [ 484823.558100000023842, 5458015.0603 ], [ 485073.558100000023842, 5458015.0603 ], [ 485073.558100000023842, 5457765.0603 ], [ 484823.558100000023842, 5457765.0603 ] ] ] } },
{ "type": "Feature", "properties": { "grid_id": 53, "crime_count": 2.0, "name": "West Point Grey" }, "geometry": { "type": "Polygon", "coordinates": [ [ [ 484823.558100000023842, 5458015.0603 ], [ 484823.558100000023842, 5458265.0603 ], [ 485073.558100000023842, 5458265.0603 ], [ 485073.558100000023842, 5458015.0603 ], [ 484823.558100000023842, 5458015.0603 ] ] ] } },
{ "type": "Feature", "properties": { "grid_id": 54, "crime_count": 0.0, "name": "West Point Grey" }, "geometry": { "type": "Polygon", "coordinates": [ [ [ 485073.558100000023842, 5458265.0603 ], [ 484823.558100000023842, 5458265.0603 ], [ 484823.558100000023842, 5458405.258555206470191 ], [ 485073.558100000023842, 5458387.395671813748777 ], [ 485073.558100000023842, 5458265.0603 ] ] ] } },
{ "type": "Feature", "properties": { "grid_id": 55, "crime_count": 0.0, "name": "Dunbar-Southlands" }, "geometry": { "type": "Polygon", "coordinates": [ [ [ 485323.558100000023842, 5452265.0603 ], [ 485323.558100000023842, 5452203.948124386370182 ], [ 485261.869637096358929, 5452265.0603 ], [ 485323.558100000023842, 5452265.0603 ] ] ] } },
{ "type": "Feature", "properties": { "grid_id": 56, "crime_count": 0.0, "name": "Dunbar-Southlands" }, "geometry": { "type": "Polygon", "coordinates": [ [ [ 485073.558100000023842, 5452515.0603 ], [ 485323.558100000023842, 5452515.0603 ], [ 485323.558100000023842, 5452265.0603 ], [ 485261.869637096358929, 5452265.0603 ], [ 485073.558100000023842, 5452451.612650040537119 ], [ 485073.558100000023842, 5452515.0603 ] ] ] } },
{ "type": "Feature", "properties": { "grid_id": 57, "crime_count": 0.0, "name": "Dunbar-Southlands" }, "geometry": { "type": "Polygon", "coordinates": [ [ [ 485073.558100000023842, 5452515.0603 ], [ 485073.558100000023842, 5452765.0603 ], [ 485323.558100000023842, 5452765.0603 ], [ 485323.558100000023842, 5452515.0603 ], [ 485073.558100000023842, 5452515.0603 ] ] ] } },
{ "type": "Feature", "properties": { "grid_id": 58, "crime_count": 0.0, "name": "Dunbar-Southlands" }, "geometry": { "type": "Polygon", "coordinates": [ [ [ 485073.558100000023842, 5452765.0603 ], [ 485073.558100000023842, 5453015.0603 ], [ 485323.558100000023842, 5453015.0603 ], [ 485323.558100000023842, 5452765.0603 ], [ 485073.558100000023842, 5452765.0603 ] ] ] } },
{ "type": "Feature", "properties": { "grid_id": 59, "crime_count": 0.0, "name": "Dunbar-Southlands" }, "geometry": { "type": "Polygon", "coordinates": [ [ [ 485073.558100000023842, 5453015.0603 ], [ 485073.558100000023842, 5453265.0603 ], [ 485323.558100000023842, 5453265.0603 ], [ 485323.558100000023842, 5453015.0603 ], [ 485073.558100000023842, 5453015.0603 ] ] ] } },
{ "type": "Feature", "properties": { "grid_id": 60, "crime_count": 0.0, "name": "Dunbar-Southlands" }, "geometry": { "type": "Polygon", "coordinates": [ [ [ 485073.558100000023842, 5453265.0603 ], [ 485073.558100000023842, 5453515.0603 ], [ 485323.558100000023842, 5453515.0603 ], [ 485323.558100000023842, 5453265.0603 ], [ 485073.558100000023842, 5453265.0603 ] ] ] } },
{ "type": "Feature", "properties": { "grid_id": 61, "crime_count": 0.0, "name": "Dunbar-Southlands" }, "geometry": { "type": "Polygon", "coordinates": [ [ [ 485323.558100000023842, 5453515.0603 ], [ 485073.558100000023842, 5453515.0603 ], [ 485073.558100000023842, 5453765.0603 ], [ 485228.01098096818896, 5453765.0603 ], [ 485323.558100000023842, 5453725.747464424930513 ], [ 485323.558100000023842, 5453515.0603 ] ] ] } },
{ "type": "Feature", "properties": { "grid_id": 62, "crime_count": 0.0, "name": "Dunbar-Southlands" }, "geometry": { "type": "Polygon", "coordinates": [ [ [ 485073.558100000023842, 5453765.0603 ], [ 485073.558100000023842, 5453828.609894955530763 ], [ 485228.01098096818896, 5453765.0603 ], [ 485073.558100000023842, 5453765.0603 ] ] ] } },
{ "type": "Feature", "properties": { "grid_id": 63, "crime_count": 0.0, "name": "Dunbar-Southlands" }, "geometry": { "type": "Polygon", "coordinates": [ [ [ 485323.558100000023842, 5455015.0603 ], [ 485323.558100000023842, 5455002.422554358839989 ], [ 485307.145021072588861, 5455015.0603 ], [ 485323.558100000023842, 5455015.0603 ] ] ] } },
{ "type": "Feature", "properties": { "grid_id": 64, "crime_count": 0.0, "name": "Dunbar-Southlands" }, "geometry": { "type": "Polygon", "coordinates": [ [ [ 485323.558100000023842, 5455015.0603 ], [ 485307.145021072588861, 5455015.0603 ], [ 485085.062395604676567, 5455186.059522293508053 ], [ 485323.558100000023842, 5455250.906295843422413 ], [ 485323.558100000023842, 5455015.0603 ] ] ] } },
{ "type": "Feature", "properties": { "grid_id": 65, "crime_count": 0.0, "name": "Dunbar-Southlands" }, "geometry": { "type": "Polygon", "coordinates": [ [ [ 485323.558100000023842, 5456015.0603 ], [ 485323.558100000023842, 5456000.641696808859706 ], [ 485237.17015893838834, 5456002.857643943279982 ], [ 485235.455168563639745, 5456015.0603 ], [ 485323.558100000023842, 5456015.0603 ] ] ] } },
{ "type": "Feature", "properties": { "grid_id": 66, "crime_count": 0.0, "name": "Dunbar-Southlands" }, "geometry": { "type": "Polygon", "coordinates": [ [ [ 485073.558100000023842, 5456265.0603 ], [ 485323.558100000023842, 5456265.0603 ], [ 485323.558100000023842, 5456015.0603 ], [ 485235.455168563639745, 5456015.0603 ], [ 485213.20123039506143, 5456173.403552172705531 ], [ 485073.558100000023842, 5456177.00056635402143 ], [ 485073.558100000023842, 5456265.0603 ] ] ] } },
{ "type": "Feature", "properties": { "grid_id": 67, "crime_count": 1.0, "name": "West Point Grey" }, "geometry": { "type": "Polygon", "coordinates": [ [ [ 485073.558100000023842, 5456265.0603 ], [ 485073.558100000023842, 5456515.0603 ], [ 485323.558100000023842, 5456515.0603 ], [ 485323.558100000023842, 5456265.0603 ], [ 485073.558100000023842, 5456265.0603 ] ] ] } },
{ "type": "Feature", "properties": { "grid_id": 68, "crime_count": 1.0, "name": "West Point Grey" }, "geometry": { "type": "Polygon", "coordinates": [ [ [ 485073.558100000023842, 5456515.0603 ], [ 485073.558100000023842, 5456765.0603 ], [ 485323.558100000023842, 5456765.0603 ], [ 485323.558100000023842, 5456515.0603 ], [ 485073.558100000023842, 5456515.0603 ] ] ] } },
{ "type": "Feature", "properties": { "grid_id": 69, "crime_count": 2.0, "name": "West Point Grey" }, "geometry": { "type": "Polygon", "coordinates": [ [ [ 485073.558100000023842, 5456765.0603 ], [ 485073.558100000023842, 5457015.0603 ], [ 485323.558100000023842, 5457015.0603 ], [ 485323.558100000023842, 5456765.0603 ], [ 485073.558100000023842, 5456765.0603 ] ] ] } },
{ "type": "Feature", "properties": { "grid_id": 70, "crime_count": 0.0, "name": "West Point Grey" }, "geometry": { "type": "Polygon", "coordinates": [ [ [ 485073.558100000023842, 5457015.0603 ], [ 485073.558100000023842, 5457265.0603 ], [ 485323.558100000023842, 5457265.0603 ], [ 485323.558100000023842, 5457015.0603 ], [ 485073.558100000023842, 5457015.0603 ] ] ] } },
{ "type": "Feature", "properties": { "grid_id": 71, "crime_count": 0.0, "name": "West Point Grey" }, "geometry": { "type": "Polygon", "coordinates": [ [ [ 485073.558100000023842, 5457265.0603 ], [ 485073.558100000023842, 5457515.0603 ], [ 485323.558100000023842, 5457515.0603 ], [ 485323.558100000023842, 5457265.0603 ], [ 485073.558100000023842, 5457265.0603 ] ] ] } },
{ "type": "Feature", "properties": { "grid_id": 72, "crime_count": 1.0, "name": "West Point Grey" }, "geometry": { "type": "Polygon", "coordinates": [ [ [ 485073.558100000023842, 5457515.0603 ], [ 485073.558100000023842, 5457765.0603 ], [ 485323.558100000023842, 5457765.0603 ], [ 485323.558100000023842, 5457515.0603 ], [ 485073.558100000023842, 5457515.0603 ] ] ] } },
{ "type": "Feature", "properties": { "grid_id": 73, "crime_count": 0.0, "name": "West Point Grey" }, "geometry": { "type": "Polygon", "coordinates": [ [ [ 485073.558100000023842, 5457765.0603 ], [ 485073.558100000023842, 5458015.0603 ], [ 485323.558100000023842, 5458015.0603 ], [ 485323.558100000023842, 5457765.0603 ], [ 485073.558100000023842, 5457765.0603 ] ] ] } },
{ "type": "Feature", "properties": { "grid_id": 74, "crime_count": 0.0, "name": "West Point Grey" }, "geometry": { "type": "Polygon", "coordinates": [ [ [ 485073.558100000023842, 5458015.0603 ], [ 485073.558100000023842, 5458265.0603 ], [ 485323.558100000023842, 5458265.0603 ], [ 485323.558100000023842, 5458015.0603 ], [ 485073.558100000023842, 5458015.0603 ] ] ] } },
{ "type": "Feature", "properties": { "grid_id": 75, "crime_count": 0.0, "name": "West Point Grey" }, "geometry": { "type": "Polygon", "coordinates": [ [ [ 485323.558100000023842, 5458265.0603 ], [ 485073.558100000023842, 5458265.0603 ], [ 485073.558100000023842, 5458387.395671813748777 ], [ 485078.200199865153991, 5458387.063986659049988 ], [ 485323.558100000023842, 5458318.662687617354095 ], [ 485323.558100000023842, 5458265.0603 ] ] ] } },
{ "type": "Feature", "properties": { "grid_id": 76, "crime_count": 0.0, "name": "Dunbar-Southlands" }, "geometry": { "type": "Polygon", "coordinates": [ [ [ 485573.558100000023842, 5452015.0603 ], [ 485573.558100000023842, 5452004.190962947905064 ], [ 485555.360368026362266, 5452011.401970134116709 ], [ 485547.095327537390403, 5452015.0603 ], [ 485573.558100000023842, 5452015.0603 ] ] ] } },
{ "type": "Feature", "properties": { "grid_id": 77, "crime_count": 0.0, "name": "Dunbar-Southlands" }, "geometry": { "type": "Polygon", "coordinates": [ [ [ 485323.558100000023842, 5452265.0603 ], [ 485573.558100000023842, 5452265.0603 ], [ 485573.558100000023842, 5452015.0603 ], [ 485547.095327537390403, 5452015.0603 ], [ 485537.047948167833965, 5452019.507541132159531 ], [ 485519.850047760584857, 5452028.882486142218113 ], [ 485502.654437427408993, 5452039.10564055480063 ], [ 485486.01556684949901, 5452049.751463153399527 ], [ 485470.491231092892122, 5452061.666639341041446 ], [ 485454.969201512634754, 5452074.430015129968524 ], [ 485440.560595375020057, 5452088.03865431714803 ], [ 485323.558100000023842, 5452203.948124386370182 ], [ 485323.558100000023842, 5452265.0603 ] ] ] } },
{ "type": "Feature", "properties": { "grid_id": 78, "crime_count": 0.0, "name": "Dunbar-Southlands" }, "geometry": { "type": "Polygon", "coordinates": [ [ [ 485323.558100000023842, 5452265.0603 ], [ 485323.558100000023842, 5452515.0603 ], [ 485573.558100000023842, 5452515.0603 ], [ 485573.558100000023842, 5452265.0603 ], [ 485323.558100000023842, 5452265.0603 ] ] ] } },
{ "type": "Feature", "properties": { "grid_id": 79, "crime_count": 1.0, "name": "Dunbar-Southlands" }, "geometry": { "type": "Polygon", "coordinates": [ [ [ 485323.558100000023842, 5452515.0603 ], [ 485323.558100000023842, 5452765.0603 ], [ 485573.558100000023842, 5452765.0603 ], [ 485573.558100000023842, 5452515.0603 ], [ 485323.558100000023842, 5452515.0603 ] ] ] } },
{ "type": "Feature", "properties": { "grid_id": 80, "crime_count": 0.0, "name": "Dunbar-Southlands" }, "geometry": { "type": "Polygon", "coordinates": [ [ [ 485323.558100000023842, 5452765.0603 ], [ 485323.558100000023842, 5453015.0603 ], [ 485573.558100000023842, 5453015.0603 ], [ 485573.558100000023842, 5452765.0603 ], [ 485323.558100000023842, 5452765.0603 ] ] ] } },
{ "type": "Feature", "properties": { "grid_id": 81, "crime_count": 1.0, "name": "Dunbar-Southlands" }, "geometry": { "type": "Polygon", "coordinates": [ [ [ 485323.558100000023842, 5453015.0603 ], [ 485323.558100000023842, 5453265.0603 ], [ 485573.558100000023842, 5453265.0603 ], [ 485573.558100000023842, 5453015.0603 ], [ 485323.558100000023842, 5453015.0603 ] ] ] } },
{ "type": "Feature", "properties": { "grid_id": 82, "crime_count": 0.0, "name": "Dunbar-Southlands" }, "geometry": { "type": "Polygon", "coordinates": [ [ [ 485323.558100000023842, 5453265.0603 ], [ 485323.558100000023842, 5453515.0603 ], [ 485573.558100000023842, 5453515.0603 ], [ 485573.558100000023842, 5453265.0603 ], [ 485323.558100000023842, 5453265.0603 ] ] ] } },
{ "type": "Feature", "properties": { "grid_id": 83, "crime_count": 0.0, "name": "Dunbar-Southlands" }, "geometry": { "type": "Polygon", "coordinates": [ [ [ 485573.558100000023842, 5453515.0603 ], [ 485323.558100000023842, 5453515.0603 ], [ 485323.558100000023842, 5453725.747464424930513 ], [ 485573.558100000023842, 5453622.885033893398941 ], [ 485573.558100000023842, 5453515.0603 ] ] ] } },
{ "type": "Feature", "properties": { "grid_id": 84, "crime_count": 0.0, "name": "Dunbar-Southlands" }, "geometry": { "type": "Polygon", "coordinates": [ [ [ 485573.558100000023842, 5453767.801899869926274 ], [ 485544.970478838076815, 5453767.973635734058917 ], [ 485545.503707298368681, 5453971.107452814467251 ], [ 485573.558100000023842, 5453974.36550051625818 ], [ 485573.558100000023842, 5453767.801899869926274 ] ] ] } },
{ "type": "Feature", "properties": { "grid_id": 85, "crime_count": 0.0, "name": "Dunbar-Southlands" }, "geometry": { "type": "Polygon", "coordinates": [ [ [ 485323.558100000023842, 5455015.0603 ], [ 485573.558100000023842, 5455015.0603 ], [ 485573.558100000023842, 5454844.828578847460449 ], [ 485549.464036874938756, 5454845.130531682632864 ], [ 485546.687652096850798, 5454845.137820544652641 ], [ 485543.355990365147591, 5454845.14656902756542 ], [ 485540.025442594196647, 5454845.579399122856557 ], [ 485537.25017220841255, 5454846.010772343724966 ], [ 485533.920739854045678, 5454846.867685735225677 ], [ 485531.14658522506943, 5454847.723141631111503 ], [ 485527.81715484149754, 5454848.580058717168868 ], [ 485525.043002013582736, 5454849.43551769759506 ], [ 485522.269965369603597, 5454850.715057681314647 ], [ 485519.498045555548742, 5454852.418678659945726 ], [ 485516.726127452682704, 5454854.122301043942571 ], [ 485513.953095091390423, 5454855.40184523165226 ], [ 485511.737572099897079, 5454857.528088558465242 ], [ 485323.558100000023842, 5455002.422554358839989 ], [ 485323.558100000023842, 5455015.0603 ] ] ] } },
{ "type": "Feature", "properties": { "grid_id": 86, "crime_count": 0.0, "name": "Dunbar-Southlands" }, "geometry": { "type": "Polygon", "coordinates": [ [ [ 485573.558100000023842, 5455015.0603 ], [ 485323.558100000023842, 5455015.0603 ], [ 485323.558100000023842, 5455250.906295843422413 ], [ 485372.332481108722277, 5455264.168007432483137 ], [ 485375.519049575086683, 5455265.0603 ], [ 485541.127353590563871, 5455265.0603 ], [ 485541.109355725173373, 5455258.208979859016836 ], [ 485573.558100000023842, 5455258.215636473149061 ], [ 485573.558100000023842, 5455015.0603 ] ] ] } },
{ "type": "Feature", "properties": { "grid_id": 87, "crime_count": 0.0, "name": "Dunbar-Southlands" }, "geometry": { "type": "Polygon", "coordinates": [ [ [ 485375.519049575086683, 5455265.0603 ], [ 485387.335077323426958, 5455268.368985769338906 ], [ 485402.889510308334138, 5455271.296292833052576 ], [ 485418.441679598356131, 5455273.375484087504447 ], [ 485434.546826035541017, 5455274.605090183205903 ], [ 485450.094489450100809, 5455274.988051346503198 ], [ 485541.15391667035874, 5455275.17217489797622 ], [ 485541.127353590563871, 5455265.0603 ], [ 485375.519049575086683, 5455265.0603 ] ] ] } },
{ "type": "Feature", "properties": { "grid_id": 88, "crime_count": 0.0, "name": "Dunbar-Southlands" }, "geometry": { "type": "Polygon", "coordinates": [ [ [ 485323.558100000023842, 5456015.0603 ], [ 485573.558100000023842, 5456015.0603 ], [ 485573.558100000023842, 5455994.228917699307203 ], [ 485323.558100000023842, 5456000.641696808859706 ], [ 485323.558100000023842, 5456015.0603 ] ] ] } },
{ "type": "Feature", "properties": { "grid_id": 89, "crime_count": 0.0, "name": "Dunbar-Southlands" }, "geometry": { "type": "Polygon", "coordinates": [ [ [ 485323.558100000023842, 5456015.0603 ], [ 485323.558100000023842, 5456265.0603 ], [ 485573.558100000023842, 5456265.0603 ], [ 485573.558100000023842, 5456015.0603 ], [ 485323.558100000023842, 5456015.0603 ] ] ] } },
{ "type": "Feature", "properties": { "grid_id": 90, "crime_count": 2.0, "name": "West Point Grey" }, "geometry": { "type": "Polygon", "coordinates": [ [ [ 485323.558100000023842, 5456265.0603 ], [ 485323.558100000023842, 5456515.0603 ], [ 485573.558100000023842, 5456515.0603 ], [ 485573.558100000023842, 5456265.0603 ], [ 485323.558100000023842, 5456265.0603 ] ] ] } },
{ "type": "Feature", "properties": { "grid_id": 91, "crime_count": 1.0, "name": "West Point Grey" }, "geometry": { "type": "Polygon", "coordinates": [ [ [ 485323.558100000023842, 5456515.0603 ], [ 485323.558100000023842, 5456765.0603 ], [ 485573.558100000023842, 5456765.0603 ], [ 485573.558100000023842, 5456515.0603 ], [ 485323.558100000023842, 5456515.0603 ] ] ] } },
{ "type": "Feature", "properties": { "grid_id": 92, "crime_count": 1.0, "name": "West Point Grey" }, "geometry": { "type": "Polygon", "coordinates": [ [ [ 485323.558100000023842, 5456765.0603 ], [ 485323.558100000023842, 5457015.0603 ], [ 485573.558100000023842, 5457015.0603 ], [ 485573.558100000023842, 5456765.0603 ], [ 485323.558100000023842, 5456765.0603 ] ] ] } },
{ "type": "Feature", "properties": { "grid_id": 93, "crime_count": 0.0, "name": "West Point Grey" }, "geometry": { "type": "Polygon", "coordinates": [ [ [ 485323.558100000023842, 5457015.0603 ], [ 485323.558100000023842, 5457265.0603 ], [ 485573.558100000023842, 5457265.0603 ], [ 485573.558100000023842, 5457015.0603 ], [ 485323.558100000023842, 5457015.0603 ] ] ] } },
{ "type": "Feature", "properties": { "grid_id": 94, "crime_count": 0.0, "name": "West Point Grey" }, "geometry": { "type": "Polygon", "coordinates": [ [ [ 485323.558100000023842, 5457265.0603 ], [ 485323.558100000023842, 5457515.0603 ], [ 485573.558100000023842, 5457515.0603 ], [ 485573.558100000023842, 5457265.0603 ], [ 485323.558100000023842, 5457265.0603 ] ] ] } },
{ "type": "Feature", "properties": { "grid_id": 95, "crime_count": 0.0, "name": "West Point Grey" }, "geometry": { "type": "Polygon", "coordinates": [ [ [ 485323.558100000023842, 5457515.0603 ], [ 485323.558100000023842, 5457765.0603 ], [ 485573.558100000023842, 5457765.0603 ], [ 485573.558100000023842, 5457515.0603 ], [ 485323.558100000023842, 5457515.0603 ] ] ] } },
{ "type": "Feature", "properties": { "grid_id": 96, "crime_count": 0.0, "name": "West Point Grey" }, "geometry": { "type": "Polygon", "coordinates": [ [ [ 485323.558100000023842, 5457765.0603 ], [ 485323.558100000023842, 5458015.0603 ], [ 485573.558100000023842, 5458015.0603 ], [ 485573.558100000023842, 5457765.0603 ], [ 485323.558100000023842, 5457765.0603 ] ] ] } },
{ "type": "Feature", "properties": { "grid_id": 97, "crime_count": 0.0, "name": "West Point Grey" }, "geometry": { "type": "Polygon", "coordinates": [ [ [ 485573.558100000023842, 5458015.0603 ], [ 485323.558100000023842, 5458015.0603 ], [ 485323.558100000023842, 5458265.0603 ], [ 485515.831776846549474, 5458265.0603 ], [ 485573.558100000023842, 5458248.967255959287286 ], [ 485573.558100000023842, 5458015.0603 ] ] ] } },
{ "type": "Feature", "properties": { "grid_id": 98, "crime_count": 0.0, "name": "West Point Grey" }, "geometry": { "type": "Polygon", "coordinates": [ [ [ 485323.558100000023842, 5458265.0603 ], [ 485323.558100000023842, 5458318.662687617354095 ], [ 485515.831776846549474, 5458265.0603 ], [ 485323.558100000023842, 5458265.0603 ] ] ] } },
{ "type": "Feature", "properties": { "grid_id": 99, "crime_count": 0.0, "name": "Dunbar-Southlands" }, "geometry": { "type": "Polygon", "coordinates": [ [ [ 485573.558100000023842, 5452015.0603 ], [ 485823.558100000023842, 5452015.0603 ], [ 485823.558100000023842, 5451946.088018530979753 ], [ 485611.980148986913264, 5451993.018358924426138 ], [ 485592.54869551374577, 5451998.158102576620877 ], [ 485573.6750622925465, 5452004.144615637138486 ], [ 485573.558100000023842, 5452004.190962947905064 ], [ 485573.558100000023842, 5452015.0603 ] ] ] } },
{ "type": "Feature", "properties": { "grid_id": 100, "crime_count": 0.0, "name": "Dunbar-Southlands" }, "geometry": { "type": "Polygon", "coordinates": [ [ [ 485573.558100000023842, 5452015.0603 ], [ 485573.558100000023842, 5452265.0603 ], [ 485823.558100000023842, 5452265.0603 ], [ 485823.558100000023842, 5452015.0603 ], [ 485573.558100000023842, 5452015.0603 ] ] ] } },
{ "type": "Feature", "properties": { "grid_id": 101, "crime_count": 0.0, "name": "Dunbar-Southlands" }, "geometry": { "type": "Polygon", "coordinates": [ [ [ 485573.558100000023842, 5452265.0603 ], [ 485573.558100000023842, 5452515.0603 ], [ 485823.558100000023842, 5452515.0603 ], [ 485823.558100000023842, 5452265.0603 ], [ 485573.558100000023842, 5452265.0603 ] ] ] } },
{ "type": "Feature", "properties": { "grid_id": 102, "crime_count": 1.0, "name": "Dunbar-Southlands" }, "geometry": { "type": "Polygon", "coordinates": [ [ [ 485573.558100000023842, 5452515.0603 ], [ 485573.558100000023842, 5452765.0603 ], [ 485823.558100000023842, 5452765.0603 ], [ 485823.558100000023842, 5452515.0603 ], [ 485573.558100000023842, 5452515.0603 ] ] ] } },
{ "type": "Feature", "properties": { "grid_id": 103, "crime_count": 0.0, "name": "Dunbar-Southlands" }, "geometry": { "type": "Polygon", "coordinates": [ [ [ 485573.558100000023842, 5452765.0603 ], [ 485573.558100000023842, 5453015.0603 ], [ 485823.558100000023842, 5453015.0603 ], [ 485823.558100000023842, 5452765.0603 ], [ 485573.558100000023842, 5452765.0603 ] ] ] } },
{ "type": "Feature", "properties": { "grid_id": 104, "crime_count": 0.0, "name": "Dunbar-Southlands" }, "geometry": { "type": "Polygon", "coordinates": [ [ [ 485573.558100000023842, 5453015.0603 ], [ 485573.558100000023842, 5453265.0603 ], [ 485823.558100000023842, 5453265.0603 ], [ 485823.558100000023842, 5453015.0603 ], [ 485573.558100000023842, 5453015.0603 ] ] ] } },
{ "type": "Feature", "properties": { "grid_id": 105, "crime_count": 1.0, "name": "Dunbar-Southlands" }, "geometry": { "type": "Polygon", "coordinates": [ [ [ 485573.558100000023842, 5453265.0603 ], [ 485573.558100000023842, 5453515.0603 ], [ 485823.558100000023842, 5453515.0603 ], [ 485823.558100000023842, 5453265.0603 ], [ 485573.558100000023842, 5453265.0603 ] ] ] } },
{ "type": "Feature", "properties": { "grid_id": 106, "crime_count": 0.0, "name": "Dunbar-Southlands" }, "geometry": { "type": "Polygon", "coordinates": [ [ [ 485823.558100000023842, 5453765.0603 ], [ 485823.558100000023842, 5453515.0603 ], [ 485573.558100000023842, 5453515.0603 ], [ 485573.558100000023842, 5453622.885033893398941 ], [ 485671.117301351099741, 5453582.744327606633306 ], [ 485669.945042146893684, 5453765.0603 ], [ 485823.558100000023842, 5453765.0603 ] ] ] } },
{ "type": "Feature", "properties": { "grid_id": 107, "crime_count": 0.0, "name": "Dunbar-Southlands" }, "geometry": { "type": "Polygon", "coordinates": [ [ [ 485823.558100000023842, 5454015.0603 ], [ 485823.558100000023842, 5453765.0603 ], [ 485669.945042146893684, 5453765.0603 ], [ 485669.931136672035791, 5453767.222953245975077 ], [ 485573.558100000023842, 5453767.801899869926274 ], [ 485573.558100000023842, 5453974.36550051625818 ], [ 485670.499485149281099, 5453985.623618287965655 ], [ 485670.747572108637542, 5454015.0603 ], [ 485823.558100000023842, 5454015.0603 ] ] ] } },
{ "type": "Feature", "properties": { "grid_id": 108, "crime_count": 0.0, "name": "Dunbar-Southlands" }, "geometry": { "type": "Polygon", "coordinates": [ [ [ 485823.558100000023842, 5454265.0603 ], [ 485823.558100000023842, 5454015.0603 ], [ 485670.747572108637542, 5454015.0603 ], [ 485672.854526297480334, 5454265.0603 ], [ 485823.558100000023842, 5454265.0603 ] ] ] } },
{ "type": "Feature", "properties": { "grid_id": 109, "crime_count": 0.0, "name": "Dunbar-Southlands" }, "geometry": { "type": "Polygon", "coordinates": [ [ [ 485823.558100000023842, 5454515.0603 ], [ 485823.558100000023842, 5454265.0603 ], [ 485672.854526297480334, 5454265.0603 ], [ 485674.961480486264918, 5454515.0603 ], [ 485823.558100000023842, 5454515.0603 ] ] ] } },
{ "type": "Feature", "properties": { "grid_id": 110, "crime_count": 0.0, "name": "Dunbar-Southlands" }, "geometry": { "type": "Polygon", "coordinates": [ [ [ 485823.558100000023842, 5454765.0603 ], [ 485823.558100000023842, 5454515.0603 ], [ 485674.961480486264918, 5454515.0603 ], [ 485677.06843467510771, 5454765.0603 ], [ 485823.558100000023842, 5454765.0603 ] ] ] } },
{ "type": "Feature", "properties": { "grid_id": 111, "crime_count": 2.0, "name": "Dunbar-Southlands" }, "geometry": { "type": "Polygon", "coordinates": [ [ [ 485573.558100000023842, 5455015.0603 ], [ 485823.558100000023842, 5455015.0603 ], [ 485823.558100000023842, 5454765.0603 ], [ 485677.06843467510771, 5454765.0603 ], [ 485677.72970455820905, 5454843.523074203170836 ], [ 485573.558100000023842, 5454844.828578847460449 ], [ 485573.558100000023842, 5455015.0603 ] ] ] } },
{ "type": "Feature", "properties": { "grid_id": 112, "crime_count": 0.0, "name": "Dunbar-Southlands" }, "geometry": { "type": "Polygon", "coordinates": [ [ [ 485823.558100000023842, 5455265.0603 ], [ 485823.558100000023842, 5455015.0603 ], [ 485573.558100000023842, 5455015.0603 ], [ 485573.558100000023842, 5455258.215636473149061 ], [ 485691.579222729778849, 5455258.239847613498569 ], [ 485691.638291059061885, 5455265.0603 ], [ 485823.558100000023842, 5455265.0603 ] ] ] } },
{ "type": "Feature", "properties": { "grid_id": 113, "crime_count": 0.0, "name": "Dunbar-Southlands" }, "geometry": { "type": "Polygon", "coordinates": [ [ [ 485823.558100000023842, 5455515.0603 ], [ 485823.558100000023842, 5455265.0603 ], [ 485691.638291059061885, 5455265.0603 ], [ 485693.803408779262099, 5455515.0603 ], [ 485823.558100000023842, 5455515.0603 ] ] ] } },
{ "type": "Feature", "properties": { "grid_id": 114, "crime_count": 0.0, "name": "Dunbar-Southlands" }, "geometry": { "type": "Polygon", "coordinates": [ [ [ 485823.558100000023842, 5455765.0603 ], [ 485823.558100000023842, 5455515.0603 ], [ 485693.803408779262099, 5455515.0603 ], [ 485695.968526499462314, 5455765.0603 ], [ 485823.558100000023842, 5455765.0603 ] ] ] } },
{ "type": "Feature", "properties": { "grid_id": 115, "crime_count": 0.0, "name": "Dunbar-Southlands" }, "geometry": { "type": "Polygon", "coordinates": [ [ [ 485573.558100000023842, 5456015.0603 ], [ 485823.558100000023842, 5456015.0603 ], [ 485823.558100000023842, 5455765.0603 ], [ 485695.968526499462314, 5455765.0603 ], [ 485697.925606305419933, 5455991.038752314634621 ], [ 485573.558100000023842, 5455994.228917699307203 ], [ 485573.558100000023842, 5456015.0603 ] ] ] } },
{ "type": "Feature", "properties": { "grid_id": 116, "crime_count": 0.0, "name": "Dunbar-Southlands" }, "geometry": { "type": "Polygon", "coordinates": [ [ [ 485573.558100000023842, 5456015.0603 ], [ 485573.558100000023842, 5456265.0603 ], [ 485823.558100000023842, 5456265.0603 ], [ 485823.558100000023842, 5456015.0603 ], [ 485573.558100000023842, 5456015.0603 ] ] ] } },
{ "type": "Feature", "properties": { "grid_id": 117, "crime_count": 1.0, "name": "West Point Grey" }, "geometry": { "type": "Polygon", "coordinates": [ [ [ 485573.558100000023842, 5456265.0603 ], [ 485573.558100000023842, 5456515.0603 ], [ 485823.558100000023842, 5456515.0603 ], [ 485823.558100000023842, 5456265.0603 ], [ 485573.558100000023842, 5456265.0603 ] ] ] } },
{ "type": "Feature", "properties": { "grid_id": 118, "crime_count": 1.0, "name": "West Point Grey" }, "geometry": { "type": "Polygon", "coordinates": [ [ [ 485573.558100000023842, 5456515.0603 ], [ 485573.558100000023842, 5456765.0603 ], [ 485823.558100000023842, 5456765.0603 ], [ 485823.558100000023842, 5456515.0603 ], [ 485573.558100000023842, 5456515.0603 ] ] ] } },
{ "type": "Feature", "properties": { "grid_id": 119, "crime_count": 6.0, "name": "West Point Grey" }, "geometry": { "type": "Polygon", "coordinates": [ [ [ 485573.558100000023842, 5456765.0603 ], [ 485573.558100000023842, 5457015.0603 ], [ 485823.558100000023842, 5457015.0603 ], [ 485823.558100000023842, 5456765.0603 ], [ 485573.558100000023842, 5456765.0603 ] ] ] } },
{ "type": "Feature", "properties": { "grid_id": 120, "crime_count": 0.0, "name": "West Point Grey" }, "geometry": { "type": "Polygon", "coordinates": [ [ [ 485573.558100000023842, 5457015.0603 ], [ 485573.558100000023842, 5457265.0603 ], [ 485823.558100000023842, 5457265.0603 ], [ 485823.558100000023842, 5457015.0603 ], [ 485573.558100000023842, 5457015.0603 ] ] ] } },
{ "type": "Feature", "properties": { "grid_id": 121, "crime_count": 2.0, "name": "West Point Grey" }, "geometry": { "type": "Polygon", "coordinates": [ [ [ 485573.558100000023842, 5457265.0603 ], [ 485573.558100000023842, 5457515.0603 ], [ 485823.558100000023842, 5457515.0603 ], [ 485823.558100000023842, 5457265.0603 ], [ 485573.558100000023842, 5457265.0603 ] ] ] } },
{ "type": "Feature", "properties": { "grid_id": 122, "crime_count": 0.0, "name": "West Point Grey" }, "geometry": { "type": "Polygon", "coordinates": [ [ [ 485573.558100000023842, 5457515.0603 ], [ 485573.558100000023842, 5457765.0603 ], [ 485823.558100000023842, 5457765.0603 ], [ 485823.558100000023842, 5457515.0603 ], [ 485573.558100000023842, 5457515.0603 ] ] ] } },
{ "type": "Feature", "properties": { "grid_id": 123, "crime_count": 0.0, "name": "West Point Grey" }, "geometry": { "type": "Polygon", "coordinates": [ [ [ 485573.558100000023842, 5457765.0603 ], [ 485573.558100000023842, 5458015.0603 ], [ 485823.558100000023842, 5458015.0603 ], [ 485823.558100000023842, 5457765.0603 ], [ 485573.558100000023842, 5457765.0603 ] ] ] } },
{ "type": "Feature", "properties": { "grid_id": 124, "crime_count": 0.0, "name": "West Point Grey" }, "geometry": { "type": "Polygon", "coordinates": [ [ [ 485823.558100000023842, 5458015.0603 ], [ 485573.558100000023842, 5458015.0603 ], [ 485573.558100000023842, 5458248.967255959287286 ], [ 485823.558100000023842, 5458179.271824301220477 ], [ 485823.558100000023842, 5458015.0603 ] ] ] } },
{ "type": "Feature", "properties": { "grid_id": 125, "crime_count": 0.0, "name": "Dunbar-Southlands" }, "geometry": { "type": "Polygon", "coordinates": [ [ [ 485823.558100000023842, 5452015.0603 ], [ 486073.558100000023842, 5452015.0603 ], [ 486073.558100000023842, 5451890.635240762494504 ], [ 485823.558100000023842, 5451946.088018530979753 ], [ 485823.558100000023842, 5452015.0603 ] ] ] } },
{ "type": "Feature", "properties": { "grid_id": 126, "crime_count": 0.0, "name": "Dunbar-Southlands" }, "geometry": { "type": "Polygon", "coordinates": [ [ [ 485823.558100000023842, 5452015.0603 ], [ 485823.558100000023842, 5452265.0603 ], [ 486073.558100000023842, 5452265.0603 ], [ 486073.558100000023842, 5452015.0603 ], [ 485823.558100000023842, 5452015.0603 ] ] ] } },
{ "type": "Feature", "properties": { "grid_id": 127, "crime_count": 0.0, "name": "Dunbar-Southlands" }, "geometry": { "type": "Polygon", "coordinates": [ [ [ 485823.558100000023842, 5452265.0603 ], [ 485823.558100000023842, 5452515.0603 ], [ 486073.558100000023842, 5452515.0603 ], [ 486073.558100000023842, 5452265.0603 ], [ 485823.558100000023842, 5452265.0603 ] ] ] } },
{ "type": "Feature", "properties": { "grid_id": 128, "crime_count": 0.0, "name": "Dunbar-Southlands" }, "geometry": { "type": "Polygon", "coordinates": [ [ [ 485823.558100000023842, 5452515.0603 ], [ 485823.558100000023842, 5452765.0603 ], [ 486073.558100000023842, 5452765.0603 ], [ 486073.558100000023842, 5452515.0603 ], [ 485823.558100000023842, 5452515.0603 ] ] ] } },
{ "type": "Feature", "properties": { "grid_id": 129, "crime_count": 0.0, "name": "Dunbar-Southlands" }, "geometry": { "type": "Polygon", "coordinates": [ [ [ 485823.558100000023842, 5452765.0603 ], [ 485823.558100000023842, 5453015.0603 ], [ 486073.558100000023842, 5453015.0603 ], [ 486073.558100000023842, 5452765.0603 ], [ 485823.558100000023842, 5452765.0603 ] ] ] } },
{ "type": "Feature", "properties": { "grid_id": 130, "crime_count": 0.0, "name": "Dunbar-Southlands" }, "geometry": { "type": "Polygon", "coordinates": [ [ [ 485823.558100000023842, 5453015.0603 ], [ 485823.558100000023842, 5453265.0603 ], [ 486073.558100000023842, 5453265.0603 ], [ 486073.558100000023842, 5453015.0603 ], [ 485823.558100000023842, 5453015.0603 ] ] ] } },
{ "type": "Feature", "properties": { "grid_id": 131, "crime_count": 1.0, "name": "Dunbar-Southlands" }, "geometry": { "type": "Polygon", "coordinates": [ [ [ 485823.558100000023842, 5453265.0603 ], [ 485823.558100000023842, 5453515.0603 ], [ 486073.558100000023842, 5453515.0603 ], [ 486073.558100000023842, 5453265.0603 ], [ 485823.558100000023842, 5453265.0603 ] ] ] } },
{ "type": "Feature", "properties": { "grid_id": 132, "crime_count": 0.0, "name": "Dunbar-Southlands" }, "geometry": { "type": "Polygon", "coordinates": [ [ [ 485823.558100000023842, 5453515.0603 ], [ 485823.558100000023842, 5453765.0603 ], [ 486073.558100000023842, 5453765.0603 ], [ 486073.558100000023842, 5453515.0603 ], [ 485823.558100000023842, 5453515.0603 ] ] ] } },
{ "type": "Feature", "properties": { "grid_id": 133, "crime_count": 1.0, "name": "Dunbar-Southlands" }, "geometry": { "type": "Polygon", "coordinates": [ [ [ 485823.558100000023842, 5453765.0603 ], [ 485823.558100000023842, 5454015.0603 ], [ 486073.558100000023842, 5454015.0603 ], [ 486073.558100000023842, 5453765.0603 ], [ 485823.558100000023842, 5453765.0603 ] ] ] } },
{ "type": "Feature", "properties": { "grid_id": 134, "crime_count": 0.0, "name": "Dunbar-Southlands" }, "geometry": { "type": "Polygon", "coordinates": [ [ [ 485823.558100000023842, 5454015.0603 ], [ 485823.558100000023842, 5454265.0603 ], [ 486073.558100000023842, 5454265.0603 ], [ 486073.558100000023842, 5454015.0603 ], [ 485823.558100000023842, 5454015.0603 ] ] ] } },
{ "type": "Feature", "properties": { "grid_id": 135, "crime_count": 1.0, "name": "Dunbar-Southlands" }, "geometry": { "type": "Polygon", "coordinates": [ [ [ 485823.558100000023842, 5454265.0603 ], [ 485823.558100000023842, 5454515.0603 ], [ 486073.558100000023842, 5454515.0603 ], [ 486073.558100000023842, 5454265.0603 ], [ 485823.558100000023842, 5454265.0603 ] ] ] } },
{ "type": "Feature", "properties": { "grid_id": 136, "crime_count": 0.0, "name": "Dunbar-Southlands" }, "geometry": { "type": "Polygon", "coordinates": [ [ [ 485823.558100000023842, 5454515.0603 ], [ 485823.558100000023842, 5454765.0603 ], [ 486073.558100000023842, 5454765.0603 ], [ 486073.558100000023842, 5454515.0603 ], [ 485823.558100000023842, 5454515.0603 ] ] ] } },
{ "type": "Feature", "properties": { "grid_id": 137, "crime_count": 0.0, "name": "Dunbar-Southlands" }, "geometry": { "type": "Polygon", "coordinates": [ [ [ 485823.558100000023842, 5454765.0603 ], [ 485823.558100000023842, 5455015.0603 ], [ 486073.558100000023842, 5455015.0603 ], [ 486073.558100000023842, 5454765.0603 ], [ 485823.558100000023842, 5454765.0603 ] ] ] } },
{ "type": "Feature", "properties": { "grid_id": 138, "crime_count": 0.0, "name": "Dunbar-Southlands" }, "geometry": { "type": "Polygon", "coordinates": [ [ [ 485823.558100000023842, 5455015.0603 ], [ 485823.558100000023842, 5455265.0603 ], [ 486073.558100000023842, 5455265.0603 ], [ 486073.558100000023842, 5455015.0603 ], [ 485823.558100000023842, 5455015.0603 ] ] ] } },
{ "type": "Feature", "properties": { "grid_id": 139, "crime_count": 0.0, "name": "Dunbar-Southlands" }, "geometry": { "type": "Polygon", "coordinates": [ [ [ 485823.558100000023842, 5455265.0603 ], [ 485823.558100000023842, 5455515.0603 ], [ 486073.558100000023842, 5455515.0603 ], [ 486073.558100000023842, 5455265.0603 ], [ 485823.558100000023842, 5455265.0603 ] ] ] } },
{ "type": "Feature", "properties": { "grid_id": 140, "crime_count": 0.0, "name": "Dunbar-Southlands" }, "geometry": { "type": "Polygon", "coordinates": [ [ [ 485823.558100000023842, 5455515.0603 ], [ 485823.558100000023842, 5455765.0603 ], [ 486073.558100000023842, 5455765.0603 ], [ 486073.558100000023842, 5455515.0603 ], [ 485823.558100000023842, 5455515.0603 ] ] ] } },
{ "type": "Feature", "properties": { "grid_id": 141, "crime_count": 1.0, "name": "Dunbar-Southlands" }, "geometry": { "type": "Polygon", "coordinates": [ [ [ 485823.558100000023842, 5455765.0603 ], [ 485823.558100000023842, 5456015.0603 ], [ 486073.558100000023842, 5456015.0603 ], [ 486073.558100000023842, 5455765.0603 ], [ 485823.558100000023842, 5455765.0603 ] ] ] } },
{ "type": "Feature", "properties": { "grid_id": 142, "crime_count": 6.0, "name": "Dunbar-Southlands" }, "geometry": { "type": "Polygon", "coordinates": [ [ [ 485823.558100000023842, 5456015.0603 ], [ 485823.558100000023842, 5456265.0603 ], [ 486073.558100000023842, 5456265.0603 ], [ 486073.558100000023842, 5456015.0603 ], [ 485823.558100000023842, 5456015.0603 ] ] ] } },
{ "type": "Feature", "properties": { "grid_id": 143, "crime_count": 0.0, "name": "West Point Grey" }, "geometry": { "type": "Polygon", "coordinates": [ [ [ 485823.558100000023842, 5456265.0603 ], [ 485823.558100000023842, 5456515.0603 ], [ 486073.558100000023842, 5456515.0603 ], [ 486073.558100000023842, 5456265.0603 ], [ 485823.558100000023842, 5456265.0603 ] ] ] } },
{ "type": "Feature", "properties": { "grid_id": 144, "crime_count": 0.0, "name": "West Point Grey" }, "geometry": { "type": "Polygon", "coordinates": [ [ [ 485823.558100000023842, 5456515.0603 ], [ 485823.558100000023842, 5456765.0603 ], [ 486073.558100000023842, 5456765.0603 ], [ 486073.558100000023842, 5456515.0603 ], [ 485823.558100000023842, 5456515.0603 ] ] ] } },
{ "type": "Feature", "properties": { "grid_id": 145, "crime_count": 1.0, "name": "West Point Grey" }, "geometry": { "type": "Polygon", "coordinates": [ [ [ 485823.558100000023842, 5456765.0603 ], [ 485823.558100000023842, 5457015.0603 ], [ 486073.558100000023842, 5457015.0603 ], [ 486073.558100000023842, 5456765.0603 ], [ 485823.558100000023842, 5456765.0603 ] ] ] } },
{ "type": "Feature", "properties": { "grid_id": 146, "crime_count": 0.0, "name": "West Point Grey" }, "geometry": { "type": "Polygon", "coordinates": [ [ [ 485823.558100000023842, 5457015.0603 ], [ 485823.558100000023842, 5457265.0603 ], [ 486073.558100000023842, 5457265.0603 ], [ 486073.558100000023842, 5457015.0603 ], [ 485823.558100000023842, 5457015.0603 ] ] ] } },
{ "type": "Feature", "properties": { "grid_id": 147, "crime_count": 1.0, "name": "West Point Grey" }, "geometry": { "type": "Polygon", "coordinates": [ [ [ 485823.558100000023842, 5457265.0603 ], [ 485823.558100000023842, 5457515.0603 ], [ 486073.558100000023842, 5457515.0603 ], [ 486073.558100000023842, 5457265.0603 ], [ 485823.558100000023842, 5457265.0603 ] ] ] } },
{ "type": "Feature", "properties": { "grid_id": 148, "crime_count": 0.0, "name": "West Point Grey" }, "geometry": { "type": "Polygon", "coordinates": [ [ [ 485823.558100000023842, 5457515.0603 ], [ 485823.558100000023842, 5457765.0603 ], [ 486073.558100000023842, 5457765.0603 ], [ 486073.558100000023842, 5457515.0603 ], [ 485823.558100000023842, 5457515.0603 ] ] ] } },
{ "type": "Feature", "properties": { "grid_id": 149, "crime_count": 0.0, "name": "West Point Grey" }, "geometry": { "type": "Polygon", "coordinates": [ [ [ 485823.558100000023842, 5457765.0603 ], [ 485823.558100000023842, 5458015.0603 ], [ 486073.558100000023842, 5458015.0603 ], [ 486073.558100000023842, 5457765.0603 ], [ 485823.558100000023842, 5457765.0603 ] ] ] } },
{ "type": "Feature", "properties": { "grid_id": 150, "crime_count": 0.0, "name": "West Point Grey" }, "geometry": { "type": "Polygon", "coordinates": [ [ [ 486073.558100000023842, 5458015.0603 ], [ 485823.558100000023842, 5458015.0603 ], [ 485823.558100000023842, 5458179.271824301220477 ], [ 486073.558100000023842, 5458109.57639264408499 ], [ 486073.558100000023842, 5458015.0603 ] ] ] } },
{ "type": "Feature", "properties": { "grid_id": 151, "crime_count": 0.0, "name": "Dunbar-Southlands" }, "geometry": { "type": "Polygon", "coordinates": [ [ [ 486323.558100000023842, 5451765.0603 ], [ 486323.558100000023842, 5451746.918880210258067 ], [ 486313.080989743175451, 5451758.836159164085984 ], [ 486306.792751425353345, 5451765.0603 ], [ 486323.558100000023842, 5451765.0603 ] ] ] } },
{ "type": "Feature", "properties": { "grid_id": 152, "crime_count": 0.0, "name": "Dunbar-Southlands" }, "geometry": { "type": "Polygon", "coordinates": [ [ [ 486073.558100000023842, 5452015.0603 ], [ 486323.558100000023842, 5452015.0603 ], [ 486323.558100000023842, 5451765.0603 ], [ 486306.792751425353345, 5451765.0603 ], [ 486295.899947735713795, 5451775.842070797458291 ], [ 486277.605730408220552, 5451792.002648538909853 ], [ 486258.753922216885258, 5451807.31651786994189 ], [ 486239.343459981959313, 5451821.359606821089983 ], [ 486218.81981461920077, 5451834.557388346642256 ], [ 486197.737501511059236, 5451846.484405495226383 ], [ 486176.09757355961483, 5451857.56474222894758 ], [ 486153.34231558261672, 5451866.951645881868899 ], [ 486130.584999927843455, 5451875.490488472394645 ], [ 486107.82454685884295, 5451882.757192309014499 ], [ 486083.948719531239476, 5451888.330485899932683 ], [ 486073.558100000023842, 5451890.635240762494504 ], [ 486073.558100000023842, 5452015.0603 ] ] ] } },
{ "type": "Feature", "properties": { "grid_id": 153, "crime_count": 0.0, "name": "Dunbar-Southlands" }, "geometry": { "type": "Polygon", "coordinates": [ [ [ 486073.558100000023842, 5452015.0603 ], [ 486073.558100000023842, 5452265.0603 ], [ 486323.558100000023842, 5452265.0603 ], [ 486323.558100000023842, 5452015.0603 ], [ 486073.558100000023842, 5452015.0603 ] ] ] } },
{ "type": "Feature", "properties": { "grid_id": 154, "crime_count": 0.0, "name": "Dunbar-Southlands" }, "geometry": { "type": "Polygon", "coordinates": [ [ [ 486073.558100000023842, 5452265.0603 ], [ 486073.558100000023842, 5452515.0603 ], [ 486323.558100000023842, 5452515.0603 ], [ 486323.558100000023842, 5452265.0603 ], [ 486073.558100000023842, 5452265.0603 ] ] ] } },
{ "type": "Feature", "properties": { "grid_id": 155, "crime_count": 0.0, "name": "Dunbar-Southlands" }, "geometry": { "type": "Polygon", "coordinates": [ [ [ 486073.558100000023842, 5452515.0603 ], [ 486073.558100000023842, 5452765.0603 ], [ 486323.558100000023842, 5452765.0603 ], [ 486323.558100000023842, 5452515.0603 ], [ 486073.558100000023842, 5452515.0603 ] ] ] } },
{ "type": "Feature", "properties": { "grid_id": 156, "crime_count": 0.0, "name": "Dunbar-Southlands" }, "geometry": { "type": "Polygon", "coordinates": [ [ [ 486073.558100000023842, 5452765.0603 ], [ 486073.558100000023842, 5453015.0603 ], [ 486323.558100000023842, 5453015.0603 ], [ 486323.558100000023842, 5452765.0603 ], [ 486073.558100000023842, 5452765.0603 ] ] ] } },
{ "type": "Feature", "properties": { "grid_id": 157, "crime_count": 0.0, "name": "Dunbar-Southlands" }, "geometry": { "type": "Polygon", "coordinates": [ [ [ 486073.558100000023842, 5453015.0603 ], [ 486073.558100000023842, 5453265.0603 ], [ 486323.558100000023842, 5453265.0603 ], [ 486323.558100000023842, 5453015.0603 ], [ 486073.558100000023842, 5453015.0603 ] ] ] } },
{ "type": "Feature", "properties": { "grid_id": 158, "crime_count": 0.0, "name": "Dunbar-Southlands" }, "geometry": { "type": "Polygon", "coordinates": [ [ [ 486073.558100000023842, 5453265.0603 ], [ 486073.558100000023842, 5453515.0603 ], [ 486323.558100000023842, 5453515.0603 ], [ 486323.558100000023842, 5453265.0603 ], [ 486073.558100000023842, 5453265.0603 ] ] ] } },
{ "type": "Feature", "properties": { "grid_id": 159, "crime_count": 2.0, "name": "Dunbar-Southlands" }, "geometry": { "type": "Polygon", "coordinates": [ [ [ 486073.558100000023842, 5453515.0603 ], [ 486073.558100000023842, 5453765.0603 ], [ 486323.558100000023842, 5453765.0603 ], [ 486323.558100000023842, 5453515.0603 ], [ 486073.558100000023842, 5453515.0603 ] ] ] } },
{ "type": "Feature", "properties": { "grid_id": 160, "crime_count": 0.0, "name": "Dunbar-Southlands" }, "geometry": { "type": "Polygon", "coordinates": [ [ [ 486073.558100000023842, 5453765.0603 ], [ 486073.558100000023842, 5454015.0603 ], [ 486323.558100000023842, 5454015.0603 ], [ 486323.558100000023842, 5453765.0603 ], [ 486073.558100000023842, 5453765.0603 ] ] ] } },
{ "type": "Feature", "properties": { "grid_id": 161, "crime_count": 1.0, "name": "Dunbar-Southlands" }, "geometry": { "type": "Polygon", "coordinates": [ [ [ 486073.558100000023842, 5454015.0603 ], [ 486073.558100000023842, 5454265.0603 ], [ 486323.558100000023842, 5454265.0603 ], [ 486323.558100000023842, 5454015.0603 ], [ 486073.558100000023842, 5454015.0603 ] ] ] } },
{ "type": "Feature", "properties": { "grid_id": 162, "crime_count": 0.0, "name": "Dunbar-Southlands" }, "geometry": { "type": "Polygon", "coordinates": [ [ [ 486073.558100000023842, 5454265.0603 ], [ 486073.558100000023842, 5454515.0603 ], [ 486323.558100000023842, 5454515.0603 ], [ 486323.558100000023842, 5454265.0603 ], [ 486073.558100000023842, 5454265.0603 ] ] ] } },
{ "type": "Feature", "properties": { "grid_id": 163, "crime_count": 0.0, "name": "Dunbar-Southlands" }, "geometry": { "type": "Polygon", "coordinates": [ [ [ 486073.558100000023842, 5454515.0603 ], [ 486073.558100000023842, 5454765.0603 ], [ 486323.558100000023842, 5454765.0603 ], [ 486323.558100000023842, 5454515.0603 ], [ 486073.558100000023842, 5454515.0603 ] ] ] } },
{ "type": "Feature", "properties": { "grid_id": 164, "crime_count": 1.0, "name": "Dunbar-Southlands" }, "geometry": { "type": "Polygon", "coordinates": [ [ [ 486073.558100000023842, 5454765.0603 ], [ 486073.558100000023842, 5455015.0603 ], [ 486323.558100000023842, 5455015.0603 ], [ 486323.558100000023842, 5454765.0603 ], [ 486073.558100000023842, 5454765.0603 ] ] ] } },
{ "type": "Feature", "properties": { "grid_id": 165, "crime_count": 2.0, "name": "Dunbar-Southlands" }, "geometry": { "type": "Polygon", "coordinates": [ [ [ 486073.558100000023842, 5455015.0603 ], [ 486073.558100000023842, 5455265.0603 ], [ 486323.558100000023842, 5455265.0603 ], [ 486323.558100000023842, 5455015.0603 ], [ 486073.558100000023842, 5455015.0603 ] ] ] } },
{ "type": "Feature", "properties": { "grid_id": 166, "crime_count": 0.0, "name": "Dunbar-Southlands" }, "geometry": { "type": "Polygon", "coordinates": [ [ [ 486073.558100000023842, 5455265.0603 ], [ 486073.558100000023842, 5455515.0603 ], [ 486323.558100000023842, 5455515.0603 ], [ 486323.558100000023842, 5455265.0603 ], [ 486073.558100000023842, 5455265.0603 ] ] ] } },
{ "type": "Feature", "properties": { "grid_id": 167, "crime_count": 1.0, "name": "Dunbar-Southlands" }, "geometry": { "type": "Polygon", "coordinates": [ [ [ 486073.558100000023842, 5455515.0603 ], [ 486073.558100000023842, 5455765.0603 ], [ 486323.558100000023842, 5455765.0603 ], [ 486323.558100000023842, 5455515.0603 ], [ 486073.558100000023842, 5455515.0603 ] ] ] } },
{ "type": "Feature", "properties": { "grid_id": 168, "crime_count": 3.0, "name": "Dunbar-Southlands" }, "geometry": { "type": "Polygon", "coordinates": [ [ [ 486073.558100000023842, 5455765.0603 ], [ 486073.558100000023842, 5456015.0603 ], [ 486323.558100000023842, 5456015.0603 ], [ 486323.558100000023842, 5455765.0603 ], [ 486073.558100000023842, 5455765.0603 ] ] ] } },
{ "type": "Feature", "properties": { "grid_id": 169, "crime_count": 5.0, "name": "Dunbar-Southlands" }, "geometry": { "type": "Polygon", "coordinates": [ [ [ 486073.558100000023842, 5456015.0603 ], [ 486073.558100000023842, 5456265.0603 ], [ 486323.558100000023842, 5456265.0603 ], [ 486323.558100000023842, 5456015.0603 ], [ 486073.558100000023842, 5456015.0603 ] ] ] } },
{ "type": "Feature", "properties": { "grid_id": 170, "crime_count": 0.0, "name": "West Point Grey" }, "geometry": { "type": "Polygon", "coordinates": [ [ [ 486073.558100000023842, 5456265.0603 ], [ 486073.558100000023842, 5456515.0603 ], [ 486323.558100000023842, 5456515.0603 ], [ 486323.558100000023842, 5456265.0603 ], [ 486073.558100000023842, 5456265.0603 ] ] ] } },
{ "type": "Feature", "properties": { "grid_id": 171, "crime_count": 1.0, "name": "West Point Grey" }, "geometry": { "type": "Polygon", "coordinates": [ [ [ 486073.558100000023842, 5456515.0603 ], [ 486073.558100000023842, 5456765.0603 ], [ 486323.558100000023842, 5456765.0603 ], [ 486323.558100000023842, 5456515.0603 ], [ 486073.558100000023842, 5456515.0603 ] ] ] } },
{ "type": "Feature", "properties": { "grid_id": 172, "crime_count": 3.0, "name": "West Point Grey" }, "geometry": { "type": "Polygon", "coordinates": [ [ [ 486073.558100000023842, 5456765.0603 ], [ 486073.558100000023842, 5457015.0603 ], [ 486323.558100000023842, 5457015.0603 ], [ 486323.558100000023842, 5456765.0603 ], [ 486073.558100000023842, 5456765.0603 ] ] ] } },
{ "type": "Feature", "properties": { "grid_id": 173, "crime_count": 0.0, "name": "West Point Grey" }, "geometry": { "type": "Polygon", "coordinates": [ [ [ 486073.558100000023842, 5457015.0603 ], [ 486073.558100000023842, 5457265.0603 ], [ 486323.558100000023842, 5457265.0603 ], [ 486323.558100000023842, 5457015.0603 ], [ 486073.558100000023842, 5457015.0603 ] ] ] } },
{ "type": "Feature", "properties": { "grid_id": 174, "crime_count": 1.0, "name": "West Point Grey" }, "geometry": { "type": "Polygon", "coordinates": [ [ [ 486073.558100000023842, 5457265.0603 ], [ 486073.558100000023842, 5457515.0603 ], [ 486323.558100000023842, 5457515.0603 ], [ 486323.558100000023842, 5457265.0603 ], [ 486073.558100000023842, 5457265.0603 ] ] ] } },
{ "type": "Feature", "properties": { "grid_id": 175, "crime_count": 2.0, "name": "West Point Grey" }, "geometry": { "type": "Polygon", "coordinates": [ [ [ 486073.558100000023842, 5457515.0603 ], [ 486073.558100000023842, 5457765.0603 ], [ 486323.558100000023842, 5457765.0603 ], [ 486323.558100000023842, 5457515.0603 ], [ 486073.558100000023842, 5457515.0603 ] ] ] } },
{ "type": "Feature", "properties": { "grid_id": 176, "crime_count": 0.0, "name": "West Point Grey" }, "geometry": { "type": "Polygon", "coordinates": [ [ [ 486073.558100000023842, 5457765.0603 ], [ 486073.558100000023842, 5458015.0603 ], [ 486323.558100000023842, 5458015.0603 ], [ 486323.558100000023842, 5457765.0603 ], [ 486073.558100000023842, 5457765.0603 ] ] ] } },
{ "type": "Feature", "properties": { "grid_id": 177, "crime_count": 0.0, "name": "West Point Grey" }, "geometry": { "type": "Polygon", "coordinates": [ [ [ 486323.558100000023842, 5458015.0603 ], [ 486073.558100000023842, 5458015.0603 ], [ 486073.558100000023842, 5458109.57639264408499 ], [ 486222.208018860372249, 5458068.135511600412428 ], [ 486323.558100000023842, 5458058.257129931822419 ], [ 486323.558100000023842, 5458015.0603 ] ] ] } },
{ "type": "Feature", "properties": { "grid_id": 178, "crime_count": 0.0, "name": "Dunbar-Southlands" }, "geometry": { "type": "Polygon", "coordinates": [ [ [ 486323.558100000023842, 5451765.0603 ], [ 486573.558100000023842, 5451765.0603 ], [ 486573.558100000023842, 5451541.36027707811445 ], [ 486547.600919640331995, 5451555.972434501163661 ], [ 486507.103803944948595, 5451581.516245448961854 ], [ 486468.27908009843668, 5451609.17664988245815 ], [ 486430.572212181403302, 5451639.379058422520757 ], [ 486395.092333901673555, 5451671.272549877874553 ], [ 486361.283846152713522, 5451704.858456610701978 ], [ 486329.14780200261157, 5451740.560825708322227 ], [ 486323.558100000023842, 5451746.918880210258067 ], [ 486323.558100000023842, 5451765.0603 ] ] ] } },
{ "type": "Feature", "properties": { "grid_id": 179, "crime_count": 0.0, "name": "Dunbar-Southlands" }, "geometry": { "type": "Polygon", "coordinates": [ [ [ 486323.558100000023842, 5451765.0603 ], [ 486323.558100000023842, 5452015.0603 ], [ 486573.558100000023842, 5452015.0603 ], [ 486573.558100000023842, 5451765.0603 ], [ 486323.558100000023842, 5451765.0603 ] ] ] } },
{ "type": "Feature", "properties": { "grid_id": 180, "crime_count": 0.0, "name": "Dunbar-Southlands" }, "geometry": { "type": "Polygon", "coordinates": [ [ [ 486323.558100000023842, 5452015.0603 ], [ 486323.558100000023842, 5452265.0603 ], [ 486573.558100000023842, 5452265.0603 ], [ 486573.558100000023842, 5452015.0603 ], [ 486323.558100000023842, 5452015.0603 ] ] ] } },
{ "type": "Feature", "properties": { "grid_id": 181, "crime_count": 0.0, "name": "Dunbar-Southlands" }, "geometry": { "type": "Polygon", "coordinates": [ [ [ 486323.558100000023842, 5452265.0603 ], [ 486323.558100000023842, 5452515.0603 ], [ 486573.558100000023842, 5452515.0603 ], [ 486573.558100000023842, 5452265.0603 ], [ 486323.558100000023842, 5452265.0603 ] ] ] } },
{ "type": "Feature", "properties": { "grid_id": 182, "crime_count": 0.0, "name": "Dunbar-Southlands" }, "geometry": { "type": "Polygon", "coordinates": [ [ [ 486323.558100000023842, 5452515.0603 ], [ 486323.558100000023842, 5452765.0603 ], [ 486573.558100000023842, 5452765.0603 ], [ 486573.558100000023842, 5452515.0603 ], [ 486323.558100000023842, 5452515.0603 ] ] ] } },
{ "type": "Feature", "properties": { "grid_id": 183, "crime_count": 0.0, "name": "Dunbar-Southlands" }, "geometry": { "type": "Polygon", "coordinates": [ [ [ 486323.558100000023842, 5452765.0603 ], [ 486323.558100000023842, 5453015.0603 ], [ 486573.558100000023842, 5453015.0603 ], [ 486573.558100000023842, 5452765.0603 ], [ 486323.558100000023842, 5452765.0603 ] ] ] } },
{ "type": "Feature", "properties": { "grid_id": 184, "crime_count": 0.0, "name": "Dunbar-Southlands" }, "geometry": { "type": "Polygon", "coordinates": [ [ [ 486323.558100000023842, 5453015.0603 ], [ 486323.558100000023842, 5453265.0603 ], [ 486573.558100000023842, 5453265.0603 ], [ 486573.558100000023842, 5453015.0603 ], [ 486323.558100000023842, 5453015.0603 ] ] ] } },
{ "type": "Feature", "properties": { "grid_id": 185, "crime_count": 1.0, "name": "Dunbar-Southlands" }, "geometry": { "type": "Polygon", "coordinates": [ [ [ 486323.558100000023842, 5453265.0603 ], [ 486323.558100000023842, 5453515.0603 ], [ 486573.558100000023842, 5453515.0603 ], [ 486573.558100000023842, 5453265.0603 ], [ 486323.558100000023842, 5453265.0603 ] ] ] } },
{ "type": "Feature", "properties": { "grid_id": 186, "crime_count": 6.0, "name": "Dunbar-Southlands" }, "geometry": { "type": "Polygon", "coordinates": [ [ [ 486323.558100000023842, 5453515.0603 ], [ 486323.558100000023842, 5453765.0603 ], [ 486573.558100000023842, 5453765.0603 ], [ 486573.558100000023842, 5453515.0603 ], [ 486323.558100000023842, 5453515.0603 ] ] ] } },
{ "type": "Feature", "properties": { "grid_id": 187, "crime_count": 1.0, "name": "Dunbar-Southlands" }, "geometry": { "type": "Polygon", "coordinates": [ [ [ 486323.558100000023842, 5453765.0603 ], [ 486323.558100000023842, 5454015.0603 ], [ 486573.558100000023842, 5454015.0603 ], [ 486573.558100000023842, 5453765.0603 ], [ 486323.558100000023842, 5453765.0603 ] ] ] } },
{ "type": "Feature", "properties": { "grid_id": 188, "crime_count": 4.0, "name": "Dunbar-Southlands" }, "geometry": { "type": "Polygon", "coordinates": [ [ [ 486323.558100000023842, 5454015.0603 ], [ 486323.558100000023842, 5454265.0603 ], [ 486573.558100000023842, 5454265.0603 ], [ 486573.558100000023842, 5454015.0603 ], [ 486323.558100000023842, 5454015.0603 ] ] ] } },
{ "type": "Feature", "properties": { "grid_id": 189, "crime_count": 0.0, "name": "Dunbar-Southlands" }, "geometry": { "type": "Polygon", "coordinates": [ [ [ 486323.558100000023842, 5454265.0603 ], [ 486323.558100000023842, 5454515.0603 ], [ 486573.558100000023842, 5454515.0603 ], [ 486573.558100000023842, 5454265.0603 ], [ 486323.558100000023842, 5454265.0603 ] ] ] } },
{ "type": "Feature", "properties": { "grid_id": 190, "crime_count": 8.0, "name": "Dunbar-Southlands" }, "geometry": { "type": "Polygon", "coordinates": [ [ [ 486323.558100000023842, 5454515.0603 ], [ 486323.558100000023842, 5454765.0603 ], [ 486573.558100000023842, 5454765.0603 ], [ 486573.558100000023842, 5454515.0603 ], [ 486323.558100000023842, 5454515.0603 ] ] ] } },
{ "type": "Feature", "properties": { "grid_id": 191, "crime_count": 4.0, "name": "Dunbar-Southlands" }, "geometry": { "type": "Polygon", "coordinates": [ [ [ 486323.558100000023842, 5454765.0603 ], [ 486323.558100000023842, 5455015.0603 ], [ 486573.558100000023842, 5455015.0603 ], [ 486573.558100000023842, 5454765.0603 ], [ 486323.558100000023842, 5454765.0603 ] ] ] } },
{ "type": "Feature", "properties": { "grid_id": 192, "crime_count": 9.0, "name": "Dunbar-Southlands" }, "geometry": { "type": "Polygon", "coordinates": [ [ [ 486323.558100000023842, 5455015.0603 ], [ 486323.558100000023842, 5455265.0603 ], [ 486573.558100000023842, 5455265.0603 ], [ 486573.558100000023842, 5455015.0603 ], [ 486323.558100000023842, 5455015.0603 ] ] ] } },
{ "type": "Feature", "properties": { "grid_id": 193, "crime_count": 1.0, "name": "Dunbar-Southlands" }, "geometry": { "type": "Polygon", "coordinates": [ [ [ 486323.558100000023842, 5455265.0603 ], [ 486323.558100000023842, 5455515.0603 ], [ 486573.558100000023842, 5455515.0603 ], [ 486573.558100000023842, 5455265.0603 ], [ 486323.558100000023842, 5455265.0603 ] ] ] } },
{ "type": "Feature", "properties": { "grid_id": 194, "crime_count": 0.0, "name": "Dunbar-Southlands" }, "geometry": { "type": "Polygon", "coordinates": [ [ [ 486323.558100000023842, 5455515.0603 ], [ 486323.558100000023842, 5455765.0603 ], [ 486573.558100000023842, 5455765.0603 ], [ 486573.558100000023842, 5455515.0603 ], [ 486323.558100000023842, 5455515.0603 ] ] ] } },
{ "type": "Feature", "properties": { "grid_id": 195, "crime_count": 8.0, "name": "Dunbar-Southlands" }, "geometry": { "type": "Polygon", "coordinates": [ [ [ 486323.558100000023842, 5455765.0603 ], [ 486323.558100000023842, 5456015.0603 ], [ 486573.558100000023842, 5456015.0603 ], [ 486573.558100000023842, 5455765.0603 ], [ 486323.558100000023842, 5455765.0603 ] ] ] } },
{ "type": "Feature", "properties": { "grid_id": 196, "crime_count": 4.0, "name": "Dunbar-Southlands" }, "geometry": { "type": "Polygon", "coordinates": [ [ [ 486323.558100000023842, 5456015.0603 ], [ 486323.558100000023842, 5456265.0603 ], [ 486573.558100000023842, 5456265.0603 ], [ 486573.558100000023842, 5456015.0603 ], [ 486323.558100000023842, 5456015.0603 ] ] ] } },
{ "type": "Feature", "properties": { "grid_id": 197, "crime_count": 0.0, "name": "West Point Grey" }, "geometry": { "type": "MultiPolygon", "coordinates": [ [ [ [ 486573.558100000023842, 5456265.0603 ], [ 486323.558100000023842, 5456265.0603 ], [ 486323.558100000023842, 5456515.0603 ], [ 486471.189833295182325, 5456515.0603 ], [ 486470.862676223739982, 5456502.648829246871173 ], [ 486573.558100000023842, 5456395.141105866059661 ], [ 486573.558100000023842, 5456265.0603 ] ] ], [ [ [ 486573.558100000023842, 5456515.0603 ], [ 486573.558100000023842, 5456395.314218486659229 ], [ 486471.417785789177287, 5456502.647464278154075 ], [ 486471.71262971428223, 5456515.0603 ], [ 486573.558100000023842, 5456515.0603 ] ] ] ] } },
{ "type": "Feature", "properties": { "grid_id": 198, "crime_count": 2.0, "name": "West Point Grey" }, "geometry": { "type": "Polygon", "coordinates": [ [ [ 486323.558100000023842, 5456515.0603 ], [ 486323.558100000023842, 5456765.0603 ], [ 486573.558100000023842, 5456765.0603 ], [ 486573.558100000023842, 5456515.0603 ], [ 486471.71262971428223, 5456515.0603 ], [ 486476.477622395206708, 5456715.66498040407896 ], [ 486471.189833295182325, 5456515.0603 ], [ 486323.558100000023842, 5456515.0603 ] ] ] } },
{ "type": "Feature", "properties": { "grid_id": 199, "crime_count": 9.0, "name": "West Point Grey" }, "geometry": { "type": "Polygon", "coordinates": [ [ [ 486323.558100000023842, 5456765.0603 ], [ 486323.558100000023842, 5457015.0603 ], [ 486573.558100000023842, 5457015.0603 ], [ 486573.558100000023842, 5456765.0603 ], [ 486323.558100000023842, 5456765.0603 ] ] ] } },
{ "type": "Feature", "properties": { "grid_id": 200, "crime_count": 22.0, "name": "West Point Grey" }, "geometry": { "type": "Polygon", "coordinates": [ [ [ 486323.558100000023842, 5457015.0603 ], [ 486323.558100000023842, 5457265.0603 ], [ 486573.558100000023842, 5457265.0603 ], [ 486573.558100000023842, 5457015.0603 ], [ 486323.558100000023842, 5457015.0603 ] ] ] } },
{ "type": "Feature", "properties": { "grid_id": 201, "crime_count": 6.0, "name": "West Point Grey" }, "geometry": { "type": "Polygon", "coordinates": [ [ [ 486323.558100000023842, 5457265.0603 ], [ 486323.558100000023842, 5457515.0603 ], [ 486573.558100000023842, 5457515.0603 ], [ 486573.558100000023842, 5457265.0603 ], [ 486323.558100000023842, 5457265.0603 ] ] ] } },
{ "type": "Feature", "properties": { "grid_id": 202, "crime_count": 3.0, "name": "West Point Grey" }, "geometry": { "type": "Polygon", "coordinates": [ [ [ 486323.558100000023842, 5457515.0603 ], [ 486323.558100000023842, 5457765.0603 ], [ 486573.558100000023842, 5457765.0603 ], [ 486573.558100000023842, 5457515.0603 ], [ 486323.558100000023842, 5457515.0603 ] ] ] } },
{ "type": "Feature", "properties": { "grid_id": 203, "crime_count": 0.0, "name": "West Point Grey" }, "geometry": { "type": "Polygon", "coordinates": [ [ [ 486323.558100000023842, 5457765.0603 ], [ 486323.558100000023842, 5458015.0603 ], [ 486573.558100000023842, 5458015.0603 ], [ 486573.558100000023842, 5457765.0603 ], [ 486323.558100000023842, 5457765.0603 ] ] ] } },
{ "type": "Feature", "properties": { "grid_id": 204, "crime_count": 0.0, "name": "West Point Grey" }, "geometry": { "type": "Polygon", "coordinates": [ [ [ 486573.558100000023842, 5458015.0603 ], [ 486323.558100000023842, 5458015.0603 ], [ 486323.558100000023842, 5458058.257129931822419 ], [ 486507.941533560282551, 5458040.285660057328641 ], [ 486573.558100000023842, 5458034.75282927416265 ], [ 486573.558100000023842, 5458015.0603 ] ] ] } },
{ "type": "Feature", "properties": { "grid_id": 205, "crime_count": 0.0, "name": "Dunbar-Southlands" }, "geometry": { "type": "Polygon", "coordinates": [ [ [ 486823.558100000023842, 5451515.0603 ], [ 486823.558100000023842, 5451450.121108325198293 ], [ 486814.04539744660724, 5451451.852945274673402 ], [ 486767.399884247337468, 5451462.990830498747528 ], [ 486721.87192237295676, 5451476.670897982083261 ], [ 486676.35033713147277, 5451492.895806883461773 ], [ 486632.502030441421084, 5451511.661513769999146 ], [ 486625.457576520333532, 5451515.0603 ], [ 486823.558100000023842, 5451515.0603 ] ] ] } },
{ "type": "Feature", "properties": { "grid_id": 206, "crime_count": 1.0, "name": "Dunbar-Southlands" }, "geometry": { "type": "Polygon", "coordinates": [ [ [ 486573.558100000023842, 5451765.0603 ], [ 486823.558100000023842, 5451765.0603 ], [ 486823.558100000023842, 5451515.0603 ], [ 486625.457576520333532, 5451515.0603 ], [ 486589.214792591286823, 5451532.546605728566647 ], [ 486573.558100000023842, 5451541.36027707811445 ], [ 486573.558100000023842, 5451765.0603 ] ] ] } },
{ "type": "Feature", "properties": { "grid_id": 207, "crime_count": 0.0, "name": "Dunbar-Southlands" }, "geometry": { "type": "Polygon", "coordinates": [ [ [ 486573.558100000023842, 5451765.0603 ], [ 486573.558100000023842, 5452015.0603 ], [ 486823.558100000023842, 5452015.0603 ], [ 486823.558100000023842, 5451765.0603 ], [ 486573.558100000023842, 5451765.0603 ] ] ] } },
{ "type": "Feature", "properties": { "grid_id": 208, "crime_count": 0.0, "name": "Dunbar-Southlands" }, "geometry": { "type": "Polygon", "coordinates": [ [ [ 486573.558100000023842, 5452015.0603 ], [ 486573.558100000023842, 5452265.0603 ], [ 486823.558100000023842, 5452265.0603 ], [ 486823.558100000023842, 5452015.0603 ], [ 486573.558100000023842, 5452015.0603 ] ] ] } },
{ "type": "Feature", "properties": { "grid_id": 209, "crime_count": 0.0, "name": "Dunbar-Southlands" }, "geometry": { "type": "Polygon", "coordinates": [ [ [ 486573.558100000023842, 5452265.0603 ], [ 486573.558100000023842, 5452515.0603 ], [ 486823.558100000023842, 5452515.0603 ], [ 486823.558100000023842, 5452265.0603 ], [ 486573.558100000023842, 5452265.0603 ] ] ] } },
{ "type": "Feature", "properties": { "grid_id": 210, "crime_count": 1.0, "name": "Dunbar-Southlands" }, "geometry": { "type": "Polygon", "coordinates": [ [ [ 486573.558100000023842, 5452515.0603 ], [ 486573.558100000023842, 5452765.0603 ], [ 486823.558100000023842, 5452765.0603 ], [ 486823.558100000023842, 5452515.0603 ], [ 486573.558100000023842, 5452515.0603 ] ] ] } },
{ "type": "Feature", "properties": { "grid_id": 211, "crime_count": 0.0, "name": "Dunbar-Southlands" }, "geometry": { "type": "Polygon", "coordinates": [ [ [ 486573.558100000023842, 5452765.0603 ], [ 486573.558100000023842, 5453015.0603 ], [ 486823.558100000023842, 5453015.0603 ], [ 486823.558100000023842, 5452765.0603 ], [ 486573.558100000023842, 5452765.0603 ] ] ] } },
{ "type": "Feature", "properties": { "grid_id": 212, "crime_count": 1.0, "name": "Dunbar-Southlands" }, "geometry": { "type": "Polygon", "coordinates": [ [ [ 486573.558100000023842, 5453015.0603 ], [ 486573.558100000023842, 5453265.0603 ], [ 486823.558100000023842, 5453265.0603 ], [ 486823.558100000023842, 5453015.0603 ], [ 486573.558100000023842, 5453015.0603 ] ] ] } },
{ "type": "Feature", "properties": { "grid_id": 213, "crime_count": 1.0, "name": "Dunbar-Southlands" }, "geometry": { "type": "Polygon", "coordinates": [ [ [ 486573.558100000023842, 5453265.0603 ], [ 486573.558100000023842, 5453515.0603 ], [ 486823.558100000023842, 5453515.0603 ], [ 486823.558100000023842, 5453265.0603 ], [ 486573.558100000023842, 5453265.0603 ] ] ] } },
{ "type": "Feature", "properties": { "grid_id": 214, "crime_count": 3.0, "name": "Dunbar-Southlands" }, "geometry": { "type": "Polygon", "coordinates": [ [ [ 486573.558100000023842, 5453515.0603 ], [ 486573.558100000023842, 5453765.0603 ], [ 486823.558100000023842, 5453765.0603 ], [ 486823.558100000023842, 5453515.0603 ], [ 486573.558100000023842, 5453515.0603 ] ] ] } },
{ "type": "Feature", "properties": { "grid_id": 215, "crime_count": 0.0, "name": "Dunbar-Southlands" }, "geometry": { "type": "Polygon", "coordinates": [ [ [ 486573.558100000023842, 5453765.0603 ], [ 486573.558100000023842, 5454015.0603 ], [ 486823.558100000023842, 5454015.0603 ], [ 486823.558100000023842, 5453765.0603 ], [ 486573.558100000023842, 5453765.0603 ] ] ] } },
{ "type": "Feature", "properties": { "grid_id": 216, "crime_count": 1.0, "name": "Dunbar-Southlands" }, "geometry": { "type": "Polygon", "coordinates": [ [ [ 486573.558100000023842, 5454015.0603 ], [ 486573.558100000023842, 5454265.0603 ], [ 486823.558100000023842, 5454265.0603 ], [ 486823.558100000023842, 5454015.0603 ], [ 486573.558100000023842, 5454015.0603 ] ] ] } },
{ "type": "Feature", "properties": { "grid_id": 217, "crime_count": 0.0, "name": "Dunbar-Southlands" }, "geometry": { "type": "Polygon", "coordinates": [ [ [ 486573.558100000023842, 5454265.0603 ], [ 486573.558100000023842, 5454515.0603 ], [ 486823.558100000023842, 5454515.0603 ], [ 486823.558100000023842, 5454265.0603 ], [ 486573.558100000023842, 5454265.0603 ] ] ] } },
{ "type": "Feature", "properties": { "grid_id": 218, "crime_count": 0.0, "name": "Dunbar-Southlands" }, "geometry": { "type": "Polygon", "coordinates": [ [ [ 486573.558100000023842, 5454515.0603 ], [ 486573.558100000023842, 5454765.0603 ], [ 486823.558100000023842, 5454765.0603 ], [ 486823.558100000023842, 5454515.0603 ], [ 486573.558100000023842, 5454515.0603 ] ] ] } },
{ "type": "Feature", "properties": { "grid_id": 219, "crime_count": 1.0, "name": "Dunbar-Southlands" }, "geometry": { "type": "Polygon", "coordinates": [ [ [ 486573.558100000023842, 5454765.0603 ], [ 486573.558100000023842, 5455015.0603 ], [ 486823.558100000023842, 5455015.0603 ], [ 486823.558100000023842, 5454765.0603 ], [ 486573.558100000023842, 5454765.0603 ] ] ] } },
{ "type": "Feature", "properties": { "grid_id": 220, "crime_count": 1.0, "name": "Dunbar-Southlands" }, "geometry": { "type": "Polygon", "coordinates": [ [ [ 486573.558100000023842, 5455015.0603 ], [ 486573.558100000023842, 5455265.0603 ], [ 486823.558100000023842, 5455265.0603 ], [ 486823.558100000023842, 5455015.0603 ], [ 486573.558100000023842, 5455015.0603 ] ] ] } },
{ "type": "Feature", "properties": { "grid_id": 221, "crime_count": 1.0, "name": "Dunbar-Southlands" }, "geometry": { "type": "Polygon", "coordinates": [ [ [ 486573.558100000023842, 5455265.0603 ], [ 486573.558100000023842, 5455515.0603 ], [ 486823.558100000023842, 5455515.0603 ], [ 486823.558100000023842, 5455265.0603 ], [ 486573.558100000023842, 5455265.0603 ] ] ] } },
{ "type": "Feature", "properties": { "grid_id": 222, "crime_count": 0.0, "name": "Dunbar-Southlands" }, "geometry": { "type": "Polygon", "coordinates": [ [ [ 486573.558100000023842, 5455515.0603 ], [ 486573.558100000023842, 5455765.0603 ], [ 486823.558100000023842, 5455765.0603 ], [ 486823.558100000023842, 5455515.0603 ], [ 486573.558100000023842, 5455515.0603 ] ] ] } },
{ "type": "Feature", "properties": { "grid_id": 223, "crime_count": 2.0, "name": "Dunbar-Southlands" }, "geometry": { "type": "Polygon", "coordinates": [ [ [ 486573.558100000023842, 5455765.0603 ], [ 486573.558100000023842, 5456015.0603 ], [ 486823.558100000023842, 5456015.0603 ], [ 486823.558100000023842, 5455765.0603 ], [ 486573.558100000023842, 5455765.0603 ] ] ] } },
{ "type": "Feature", "properties": { "grid_id": 224, "crime_count": 2.0, "name": "Kitsilano" }, "geometry": { "type": "Polygon", "coordinates": [ [ [ 486823.558100000023842, 5456015.0603 ], [ 486573.558100000023842, 5456015.0603 ], [ 486573.558100000023842, 5456265.0603 ], [ 486823.558100000023842, 5456265.0603 ], [ 486823.558100000023842, 5456132.921801728196442 ], [ 486612.085423382464796, 5456138.44004521984607 ], [ 486823.558100000023842, 5456132.520839110016823 ], [ 486823.558100000023842, 5456015.0603 ] ] ] } },
{ "type": "Feature", "properties": { "grid_id": 225, "crime_count": 1.0, "name": "Kitsilano" }, "geometry": { "type": "Polygon", "coordinates": [ [ [ 486573.558100000023842, 5456515.0603 ], [ 486823.558100000023842, 5456515.0603 ], [ 486823.558100000023842, 5456265.0603 ], [ 486573.558100000023842, 5456265.0603 ], [ 486573.558100000023842, 5456395.141105866059661 ], [ 486617.040264975978062, 5456349.621370007283986 ], [ 486573.558100000023842, 5456395.314218486659229 ], [ 486573.558100000023842, 5456515.0603 ] ] ] } },
{ "type": "Feature", "properties": { "grid_id": 226, "crime_count": 3.0, "name": "Kitsilano" }, "geometry": { "type": "Polygon", "coordinates": [ [ [ 486573.558100000023842, 5456515.0603 ], [ 486573.558100000023842, 5456765.0603 ], [ 486823.558100000023842, 5456765.0603 ], [ 486823.558100000023842, 5456515.0603 ], [ 486573.558100000023842, 5456515.0603 ] ] ] } },
{ "type": "Feature", "properties": { "grid_id": 227, "crime_count": 3.0, "name": "Kitsilano" }, "geometry": { "type": "Polygon", "coordinates": [ [ [ 486573.558100000023842, 5456765.0603 ], [ 486573.558100000023842, 5457015.0603 ], [ 486823.558100000023842, 5457015.0603 ], [ 486823.558100000023842, 5456765.0603 ], [ 486573.558100000023842, 5456765.0603 ] ] ] } },
{ "type": "Feature", "properties": { "grid_id": 228, "crime_count": 2.0, "name": "Kitsilano" }, "geometry": { "type": "Polygon", "coordinates": [ [ [ 486573.558100000023842, 5457015.0603 ], [ 486573.558100000023842, 5457265.0603 ], [ 486823.558100000023842, 5457265.0603 ], [ 486823.558100000023842, 5457015.0603 ], [ 486573.558100000023842, 5457015.0603 ] ] ] } },
{ "type": "Feature", "properties": { "grid_id": 229, "crime_count": 1.0, "name": "Kitsilano" }, "geometry": { "type": "Polygon", "coordinates": [ [ [ 486573.558100000023842, 5457265.0603 ], [ 486573.558100000023842, 5457515.0603 ], [ 486823.558100000023842, 5457515.0603 ], [ 486823.558100000023842, 5457265.0603 ], [ 486573.558100000023842, 5457265.0603 ] ] ] } },
{ "type": "Feature", "properties": { "grid_id": 230, "crime_count": 2.0, "name": "Kitsilano" }, "geometry": { "type": "Polygon", "coordinates": [ [ [ 486573.558100000023842, 5457515.0603 ], [ 486573.558100000023842, 5457765.0603 ], [ 486823.558100000023842, 5457765.0603 ], [ 486823.558100000023842, 5457515.0603 ], [ 486573.558100000023842, 5457515.0603 ] ] ] } },
{ "type": "Feature", "properties": { "grid_id": 231, "crime_count": 0.0, "name": "Kitsilano" }, "geometry": { "type": "Polygon", "coordinates": [ [ [ 486823.558100000023842, 5457765.0603 ], [ 486573.558100000023842, 5457765.0603 ], [ 486573.558100000023842, 5458015.0603 ], [ 486807.101507741608657, 5458015.0603 ], [ 486823.558100000023842, 5458013.672669632360339 ], [ 486823.558100000023842, 5457765.0603 ] ] ] } },
{ "type": "Feature", "properties": { "grid_id": 232, "crime_count": 0.0, "name": "Kitsilano" }, "geometry": { "type": "Polygon", "coordinates": [ [ [ 486573.558100000023842, 5458015.0603 ], [ 486573.558100000023842, 5458034.75282927416265 ], [ 486807.101507741608657, 5458015.0603 ], [ 486573.558100000023842, 5458015.0603 ] ] ] } },
{ "type": "Feature", "properties": { "grid_id": 233, "crime_count": 0.0, "name": "Dunbar-Southlands" }, "geometry": { "type": "MultiPolygon", "coordinates": [ [ [ [ 487073.558100000023842, 5451515.0603 ], [ 487073.558100000023842, 5451424.281409834511578 ], [ 486957.909549746313132, 5451434.123319525271654 ], [ 486959.156114713172428, 5451515.0603 ], [ 487073.558100000023842, 5451515.0603 ] ] ], [ [ [ 486823.558100000023842, 5451515.0603 ], [ 486957.776820501021575, 5451515.0603 ], [ 486957.909549746313132, 5451434.123319525271654 ], [ 486956.798308383033145, 5451434.125949545763433 ], [ 486909.022989049844909, 5451437.631871660239995 ], [ 486861.252784201933537, 5451443.258595118299127 ], [ 486823.558100000023842, 5451450.121108325198293 ], [ 486823.558100000023842, 5451515.0603 ] ] ] ] } },
{ "type": "Feature", "properties": { "grid_id": 234, "crime_count": 0.0, "name": "Dunbar-Southlands" }, "geometry": { "type": "MultiPolygon", "coordinates": [ [ [ [ 487073.558100000023842, 5451765.0603 ], [ 487073.558100000023842, 5451515.0603 ], [ 486959.156114713172428, 5451515.0603 ], [ 486963.00653314840747, 5451765.0603 ], [ 487073.558100000023842, 5451765.0603 ] ] ], [ [ [ 486823.558100000023842, 5451515.0603 ], [ 486823.558100000023842, 5451765.0603 ], [ 486960.871410454972647, 5451765.0603 ], [ 486957.682136016897857, 5451572.797961532138288 ], [ 486957.776820501021575, 5451515.0603 ], [ 486823.558100000023842, 5451515.0603 ] ] ] ] } },
{ "type": "Feature", "properties": { "grid_id": 235, "crime_count": 0.0, "name": "Dunbar-Southlands" }, "geometry": { "type": "MultiPolygon", "coordinates": [ [ [ [ 487073.558100000023842, 5452015.0603 ], [ 487073.558100000023842, 5451765.0603 ], [ 486963.00653314840747, 5451765.0603 ], [ 486966.856951583642513, 5452015.0603 ], [ 487073.558100000023842, 5452015.0603 ] ] ], [ [ [ 486823.558100000023842, 5451765.0603 ], [ 486823.558100000023842, 5452015.0603 ], [ 486965.018445260997396, 5452015.0603 ], [ 486960.871410454972647, 5451765.0603 ], [ 486823.558100000023842, 5451765.0603 ] ] ] ] } },
{ "type": "Feature", "properties": { "grid_id": 236, "crime_count": 0.0, "name": "Dunbar-Southlands" }, "geometry": { "type": "MultiPolygon", "coordinates": [ [ [ [ 487073.558100000023842, 5452265.0603 ], [ 487073.558100000023842, 5452015.0603 ], [ 486966.856951583642513, 5452015.0603 ], [ 486970.707370018877555, 5452265.0603 ], [ 487073.558100000023842, 5452265.0603 ] ] ], [ [ [ 486823.558100000023842, 5452015.0603 ], [ 486823.558100000023842, 5452265.0603 ], [ 486969.165480067022145, 5452265.0603 ], [ 486965.018445260997396, 5452015.0603 ], [ 486823.558100000023842, 5452015.0603 ] ] ] ] } },
{ "type": "Feature", "properties": { "grid_id": 237, "crime_count": 0.0, "name": "Dunbar-Southlands" }, "geometry": { "type": "MultiPolygon", "coordinates": [ [ [ [ 487073.558100000023842, 5452515.0603 ], [ 487073.558100000023842, 5452265.0603 ], [ 486970.707370018877555, 5452265.0603 ], [ 486974.557788454112597, 5452515.0603 ], [ 487073.558100000023842, 5452515.0603 ] ] ], [ [ [ 486823.558100000023842, 5452265.0603 ], [ 486823.558100000023842, 5452515.0603 ], [ 486973.312514873046894, 5452515.0603 ], [ 486969.165480067022145, 5452265.0603 ], [ 486823.558100000023842, 5452265.0603 ] ] ] ] } },
{ "type": "Feature", "properties": { "grid_id": 238, "crime_count": 0.0, "name": "Dunbar-Southlands" }, "geometry": { "type": "MultiPolygon", "coordinates": [ [ [ [ 487073.558100000023842, 5452765.0603 ], [ 487073.558100000023842, 5452515.0603 ], [ 486974.557788454112597, 5452515.0603 ], [ 486978.408206889347639, 5452765.0603 ], [ 487073.558100000023842, 5452765.0603 ] ] ], [ [ [ 486823.558100000023842, 5452515.0603 ], [ 486823.558100000023842, 5452765.0603 ], [ 486977.459549679071642, 5452765.0603 ], [ 486973.312514873046894, 5452515.0603 ], [ 486823.558100000023842, 5452515.0603 ] ] ] ] } },
{ "type": "Feature", "properties": { "grid_id": 239, "crime_count": 2.0, "name": "Dunbar-Southlands" }, "geometry": { "type": "MultiPolygon", "coordinates": [ [ [ [ 487073.558100000023842, 5453015.0603 ], [ 487073.558100000023842, 5452765.0603 ], [ 486978.408206889347639, 5452765.0603 ], [ 486982.258625324582681, 5453015.0603 ], [ 487073.558100000023842, 5453015.0603 ] ] ], [ [ [ 486823.558100000023842, 5452765.0603 ], [ 486823.558100000023842, 5453015.0603 ], [ 486981.606584485096391, 5453015.0603 ], [ 486977.459549679071642, 5452765.0603 ], [ 486823.558100000023842, 5452765.0603 ] ] ] ] } },
{ "type": "Feature", "properties": { "grid_id": 240, "crime_count": 1.0, "name": "Dunbar-Southlands" }, "geometry": { "type": "MultiPolygon", "coordinates": [ [ [ [ 487073.558100000023842, 5453265.0603 ], [ 487073.558100000023842, 5453015.0603 ], [ 486982.258625324582681, 5453015.0603 ], [ 486986.109043759817723, 5453265.0603 ], [ 487073.558100000023842, 5453265.0603 ] ] ], [ [ [ 486823.558100000023842, 5453015.0603 ], [ 486823.558100000023842, 5453265.0603 ], [ 486985.75361929112114, 5453265.0603 ], [ 486981.606584485096391, 5453015.0603 ], [ 486823.558100000023842, 5453015.0603 ] ] ] ] } },
{ "type": "Feature", "properties": { "grid_id": 241, "crime_count": 0.0, "name": "Dunbar-Southlands" }, "geometry": { "type": "MultiPolygon", "coordinates": [ [ [ [ 487073.558100000023842, 5453515.0603 ], [ 487073.558100000023842, 5453265.0603 ], [ 486986.109043759817723, 5453265.0603 ], [ 486989.959462195110973, 5453515.0603 ], [ 487073.558100000023842, 5453515.0603 ] ] ], [ [ [ 486823.558100000023842, 5453265.0603 ], [ 486823.558100000023842, 5453515.0603 ], [ 486989.900654097145889, 5453515.0603 ], [ 486985.75361929112114, 5453265.0603 ], [ 486823.558100000023842, 5453265.0603 ] ] ] ] } },
{ "type": "Feature", "properties": { "grid_id": 242, "crime_count": 0.0, "name": "Dunbar-Southlands" }, "geometry": { "type": "Polygon", "coordinates": [ [ [ 486823.558100000023842, 5453515.0603 ], [ 486823.558100000023842, 5453765.0603 ], [ 487073.558100000023842, 5453765.0603 ], [ 487073.558100000023842, 5453515.0603 ], [ 486989.959462195110973, 5453515.0603 ], [ 486990.722858307941351, 5453564.626089127734303 ], [ 486989.900654097145889, 5453515.0603 ], [ 486823.558100000023842, 5453515.0603 ] ] ] } },
{ "type": "Feature", "properties": { "grid_id": 243, "crime_count": 0.0, "name": "Dunbar-Southlands" }, "geometry": { "type": "Polygon", "coordinates": [ [ [ 486823.558100000023842, 5453765.0603 ], [ 486823.558100000023842, 5454015.0603 ], [ 487073.558100000023842, 5454015.0603 ], [ 487073.558100000023842, 5453765.0603 ], [ 486823.558100000023842, 5453765.0603 ] ] ] } },
{ "type": "Feature", "properties": { "grid_id": 244, "crime_count": 0.0, "name": "Dunbar-Southlands" }, "geometry": { "type": "Polygon", "coordinates": [ [ [ 486823.558100000023842, 5454015.0603 ], [ 486823.558100000023842, 5454265.0603 ], [ 487073.558100000023842, 5454265.0603 ], [ 487073.558100000023842, 5454015.0603 ], [ 486823.558100000023842, 5454015.0603 ] ] ] } },
{ "type": "Feature", "properties": { "grid_id": 245, "crime_count": 0.0, "name": "Dunbar-Southlands" }, "geometry": { "type": "Polygon", "coordinates": [ [ [ 486823.558100000023842, 5454265.0603 ], [ 486823.558100000023842, 5454515.0603 ], [ 487073.558100000023842, 5454515.0603 ], [ 487073.558100000023842, 5454265.0603 ], [ 486823.558100000023842, 5454265.0603 ] ] ] } },
{ "type": "Feature", "properties": { "grid_id": 246, "crime_count": 3.0, "name": "Dunbar-Southlands" }, "geometry": { "type": "Polygon", "coordinates": [ [ [ 486823.558100000023842, 5454515.0603 ], [ 486823.558100000023842, 5454765.0603 ], [ 487073.558100000023842, 5454765.0603 ], [ 487073.558100000023842, 5454515.0603 ], [ 486823.558100000023842, 5454515.0603 ] ] ] } },
{ "type": "Feature", "properties": { "grid_id": 247, "crime_count": 0.0, "name": "Dunbar-Southlands" }, "geometry": { "type": "Polygon", "coordinates": [ [ [ 486823.558100000023842, 5454765.0603 ], [ 486823.558100000023842, 5455015.0603 ], [ 487073.558100000023842, 5455015.0603 ], [ 487073.558100000023842, 5454765.0603 ], [ 486823.558100000023842, 5454765.0603 ] ] ] } },
{ "type": "Feature", "properties": { "grid_id": 248, "crime_count": 1.0, "name": "Dunbar-Southlands" }, "geometry": { "type": "Polygon", "coordinates": [ [ [ 486823.558100000023842, 5455015.0603 ], [ 486823.558100000023842, 5455265.0603 ], [ 487073.558100000023842, 5455265.0603 ], [ 487073.558100000023842, 5455015.0603 ], [ 486823.558100000023842, 5455015.0603 ] ] ] } },
{ "type": "Feature", "properties": { "grid_id": 249, "crime_count": 2.0, "name": "Dunbar-Southlands" }, "geometry": { "type": "Polygon", "coordinates": [ [ [ 486823.558100000023842, 5455265.0603 ], [ 486823.558100000023842, 5455515.0603 ], [ 487073.558100000023842, 5455515.0603 ], [ 487073.558100000023842, 5455265.0603 ], [ 486823.558100000023842, 5455265.0603 ] ] ] } },
{ "type": "Feature", "properties": { "grid_id": 250, "crime_count": 1.0, "name": "Dunbar-Southlands" }, "geometry": { "type": "Polygon", "coordinates": [ [ [ 486823.558100000023842, 5455515.0603 ], [ 486823.558100000023842, 5455765.0603 ], [ 487073.558100000023842, 5455765.0603 ], [ 487073.558100000023842, 5455515.0603 ], [ 486823.558100000023842, 5455515.0603 ] ] ] } },
{ "type": "Feature", "properties": { "grid_id": 251, "crime_count": 0.0, "name": "Dunbar-Southlands" }, "geometry": { "type": "Polygon", "coordinates": [ [ [ 486823.558100000023842, 5455765.0603 ], [ 486823.558100000023842, 5456015.0603 ], [ 487073.558100000023842, 5456015.0603 ], [ 487073.558100000023842, 5455765.0603 ], [ 486823.558100000023842, 5455765.0603 ] ] ] } },
{ "type": "Feature", "properties": { "grid_id": 252, "crime_count": 0.0, "name": "Dunbar-Southlands" }, "geometry": { "type": "MultiPolygon", "coordinates": [ [ [ [ 487073.558100000023842, 5456015.0603 ], [ 486823.558100000023842, 5456015.0603 ], [ 486823.558100000023842, 5456132.520839110016823 ], [ 487042.852987775404472, 5456126.382686132565141 ], [ 487073.558100000023842, 5456125.607584912329912 ], [ 487073.558100000023842, 5456015.0603 ] ] ], [ [ [ 486823.558100000023842, 5456265.0603 ], [ 487073.558100000023842, 5456265.0603 ], [ 487073.558100000023842, 5456126.398212510161102 ], [ 486823.558100000023842, 5456132.921801728196442 ], [ 486823.558100000023842, 5456265.0603 ] ] ] ] } },
{ "type": "Feature", "properties": { "grid_id": 253, "crime_count": 2.0, "name": "Kitsilano" }, "geometry": { "type": "Polygon", "coordinates": [ [ [ 486823.558100000023842, 5456265.0603 ], [ 486823.558100000023842, 5456515.0603 ], [ 487073.558100000023842, 5456515.0603 ], [ 487073.558100000023842, 5456265.0603 ], [ 486823.558100000023842, 5456265.0603 ] ] ] } },
{ "type": "Feature", "properties": { "grid_id": 254, "crime_count": 3.0, "name": "Kitsilano" }, "geometry": { "type": "Polygon", "coordinates": [ [ [ 486823.558100000023842, 5456515.0603 ], [ 486823.558100000023842, 5456765.0603 ], [ 487073.558100000023842, 5456765.0603 ], [ 487073.558100000023842, 5456515.0603 ], [ 486823.558100000023842, 5456515.0603 ] ] ] } },
{ "type": "Feature", "properties": { "grid_id": 255, "crime_count": 2.0, "name": "Kitsilano" }, "geometry": { "type": "Polygon", "coordinates": [ [ [ 486823.558100000023842, 5456765.0603 ], [ 486823.558100000023842, 5457015.0603 ], [ 487073.558100000023842, 5457015.0603 ], [ 487073.558100000023842, 5456765.0603 ], [ 486823.558100000023842, 5456765.0603 ] ] ] } },
{ "type": "Feature", "properties": { "grid_id": 256, "crime_count": 2.0, "name": "Kitsilano" }, "geometry": { "type": "Polygon", "coordinates": [ [ [ 486823.558100000023842, 5457015.0603 ], [ 486823.558100000023842, 5457265.0603 ], [ 487073.558100000023842, 5457265.0603 ], [ 487073.558100000023842, 5457015.0603 ], [ 486823.558100000023842, 5457015.0603 ] ] ] } },
{ "type": "Feature", "properties": { "grid_id": 257, "crime_count": 1.0, "name": "Kitsilano" }, "geometry": { "type": "Polygon", "coordinates": [ [ [ 486823.558100000023842, 5457265.0603 ], [ 486823.558100000023842, 5457515.0603 ], [ 487073.558100000023842, 5457515.0603 ], [ 487073.558100000023842, 5457265.0603 ], [ 486823.558100000023842, 5457265.0603 ] ] ] } },
{ "type": "Feature", "properties": { "grid_id": 258, "crime_count": 3.0, "name": "Kitsilano" }, "geometry": { "type": "Polygon", "coordinates": [ [ [ 486823.558100000023842, 5457515.0603 ], [ 486823.558100000023842, 5457765.0603 ], [ 487073.558100000023842, 5457765.0603 ], [ 487073.558100000023842, 5457515.0603 ], [ 486823.558100000023842, 5457515.0603 ] ] ] } },
{ "type": "Feature", "properties": { "grid_id": 259, "crime_count": 0.0, "name": "Kitsilano" }, "geometry": { "type": "Polygon", "coordinates": [ [ [ 487073.558100000023842, 5457765.0603 ], [ 486823.558100000023842, 5457765.0603 ], [ 486823.558100000023842, 5458013.672669632360339 ], [ 487073.558100000023842, 5457992.592509989626706 ], [ 487073.558100000023842, 5457765.0603 ] ] ] } },
{ "type": "Feature", "properties": { "grid_id": 260, "crime_count": 0.0, "name": "Kerrisdale" }, "geometry": { "type": "Polygon", "coordinates": [ [ [ 487073.558100000023842, 5451515.0603 ], [ 487323.558100000023842, 5451515.0603 ], [ 487323.558100000023842, 5451407.869072555564344 ], [ 487209.001870310457889, 5451412.754889592528343 ], [ 487073.558100000023842, 5451424.281409834511578 ], [ 487073.558100000023842, 5451515.0603 ] ] ] } },
{ "type": "Feature", "properties": { "grid_id": 261, "crime_count": 0.0, "name": "Kerrisdale" }, "geometry": { "type": "Polygon", "coordinates": [ [ [ 487073.558100000023842, 5451515.0603 ], [ 487073.558100000023842, 5451765.0603 ], [ 487323.558100000023842, 5451765.0603 ], [ 487323.558100000023842, 5451515.0603 ], [ 487073.558100000023842, 5451515.0603 ] ] ] } },
{ "type": "Feature", "properties": { "grid_id": 262, "crime_count": 0.0, "name": "Kerrisdale" }, "geometry": { "type": "Polygon", "coordinates": [ [ [ 487073.558100000023842, 5451765.0603 ], [ 487073.558100000023842, 5452015.0603 ], [ 487323.558100000023842, 5452015.0603 ], [ 487323.558100000023842, 5451765.0603 ], [ 487073.558100000023842, 5451765.0603 ] ] ] } },
{ "type": "Feature", "properties": { "grid_id": 263, "crime_count": 0.0, "name": "Kerrisdale" }, "geometry": { "type": "Polygon", "coordinates": [ [ [ 487073.558100000023842, 5452015.0603 ], [ 487073.558100000023842, 5452265.0603 ], [ 487323.558100000023842, 5452265.0603 ], [ 487323.558100000023842, 5452015.0603 ], [ 487073.558100000023842, 5452015.0603 ] ] ] } },
{ "type": "Feature", "properties": { "grid_id": 264, "crime_count": 0.0, "name": "Kerrisdale" }, "geometry": { "type": "Polygon", "coordinates": [ [ [ 487073.558100000023842, 5452265.0603 ], [ 487073.558100000023842, 5452515.0603 ], [ 487323.558100000023842, 5452515.0603 ], [ 487323.558100000023842, 5452265.0603 ], [ 487073.558100000023842, 5452265.0603 ] ] ] } },
{ "type": "Feature", "properties": { "grid_id": 265, "crime_count": 1.0, "name": "Kerrisdale" }, "geometry": { "type": "Polygon", "coordinates": [ [ [ 487073.558100000023842, 5452515.0603 ], [ 487073.558100000023842, 5452765.0603 ], [ 487323.558100000023842, 5452765.0603 ], [ 487323.558100000023842, 5452515.0603 ], [ 487073.558100000023842, 5452515.0603 ] ] ] } },
{ "type": "Feature", "properties": { "grid_id": 266, "crime_count": 1.0, "name": "Kerrisdale" }, "geometry": { "type": "Polygon", "coordinates": [ [ [ 487073.558100000023842, 5452765.0603 ], [ 487073.558100000023842, 5453015.0603 ], [ 487323.558100000023842, 5453015.0603 ], [ 487323.558100000023842, 5452765.0603 ], [ 487073.558100000023842, 5452765.0603 ] ] ] } },
{ "type": "Feature", "properties": { "grid_id": 267, "crime_count": 0.0, "name": "Kerrisdale" }, "geometry": { "type": "Polygon", "coordinates": [ [ [ 487073.558100000023842, 5453015.0603 ], [ 487073.558100000023842, 5453265.0603 ], [ 487323.558100000023842, 5453265.0603 ], [ 487323.558100000023842, 5453015.0603 ], [ 487073.558100000023842, 5453015.0603 ] ] ] } },
{ "type": "Feature", "properties": { "grid_id": 268, "crime_count": 0.0, "name": "Kerrisdale" }, "geometry": { "type": "Polygon", "coordinates": [ [ [ 487073.558100000023842, 5453265.0603 ], [ 487073.558100000023842, 5453515.0603 ], [ 487323.558100000023842, 5453515.0603 ], [ 487323.558100000023842, 5453265.0603 ], [ 487073.558100000023842, 5453265.0603 ] ] ] } },
{ "type": "Feature", "properties": { "grid_id": 269, "crime_count": 1.0, "name": "Dunbar-Southlands" }, "geometry": { "type": "Polygon", "coordinates": [ [ [ 487073.558100000023842, 5453515.0603 ], [ 487073.558100000023842, 5453765.0603 ], [ 487323.558100000023842, 5453765.0603 ], [ 487323.558100000023842, 5453515.0603 ], [ 487073.558100000023842, 5453515.0603 ] ] ] } },
{ "type": "Feature", "properties": { "grid_id": 270, "crime_count": 2.0, "name": "Dunbar-Southlands" }, "geometry": { "type": "Polygon", "coordinates": [ [ [ 487073.558100000023842, 5453765.0603 ], [ 487073.558100000023842, 5454015.0603 ], [ 487323.558100000023842, 5454015.0603 ], [ 487323.558100000023842, 5453765.0603 ], [ 487073.558100000023842, 5453765.0603 ] ] ] } },
{ "type": "Feature", "properties": { "grid_id": 271, "crime_count": 0.0, "name": "Dunbar-Southlands" }, "geometry": { "type": "Polygon", "coordinates": [ [ [ 487073.558100000023842, 5454015.0603 ], [ 487073.558100000023842, 5454265.0603 ], [ 487323.558100000023842, 5454265.0603 ], [ 487323.558100000023842, 5454015.0603 ], [ 487073.558100000023842, 5454015.0603 ] ] ] } },
{ "type": "Feature", "properties": { "grid_id": 272, "crime_count": 1.0, "name": "Dunbar-Southlands" }, "geometry": { "type": "Polygon", "coordinates": [ [ [ 487073.558100000023842, 5454265.0603 ], [ 487073.558100000023842, 5454515.0603 ], [ 487323.558100000023842, 5454515.0603 ], [ 487323.558100000023842, 5454265.0603 ], [ 487073.558100000023842, 5454265.0603 ] ] ] } },
{ "type": "Feature", "properties": { "grid_id": 273, "crime_count": 0.0, "name": "Dunbar-Southlands" }, "geometry": { "type": "Polygon", "coordinates": [ [ [ 487073.558100000023842, 5454515.0603 ], [ 487073.558100000023842, 5454765.0603 ], [ 487323.558100000023842, 5454765.0603 ], [ 487323.558100000023842, 5454515.0603 ], [ 487073.558100000023842, 5454515.0603 ] ] ] } },
{ "type": "Feature", "properties": { "grid_id": 274, "crime_count": 3.0, "name": "Dunbar-Southlands" }, "geometry": { "type": "Polygon", "coordinates": [ [ [ 487073.558100000023842, 5454765.0603 ], [ 487073.558100000023842, 5455015.0603 ], [ 487323.558100000023842, 5455015.0603 ], [ 487323.558100000023842, 5454765.0603 ], [ 487073.558100000023842, 5454765.0603 ] ] ] } },
{ "type": "Feature", "properties": { "grid_id": 275, "crime_count": 1.0, "name": "Dunbar-Southlands" }, "geometry": { "type": "Polygon", "coordinates": [ [ [ 487073.558100000023842, 5455015.0603 ], [ 487073.558100000023842, 5455265.0603 ], [ 487323.558100000023842, 5455265.0603 ], [ 487323.558100000023842, 5455015.0603 ], [ 487073.558100000023842, 5455015.0603 ] ] ] } },
{ "type": "Feature", "properties": { "grid_id": 276, "crime_count": 1.0, "name": "Dunbar-Southlands" }, "geometry": { "type": "Polygon", "coordinates": [ [ [ 487073.558100000023842, 5455265.0603 ], [ 487073.558100000023842, 5455515.0603 ], [ 487323.558100000023842, 5455515.0603 ], [ 487323.558100000023842, 5455265.0603 ], [ 487073.558100000023842, 5455265.0603 ] ] ] } },
{ "type": "Feature", "properties": { "grid_id": 277, "crime_count": 1.0, "name": "Dunbar-Southlands" }, "geometry": { "type": "Polygon", "coordinates": [ [ [ 487073.558100000023842, 5455515.0603 ], [ 487073.558100000023842, 5455765.0603 ], [ 487323.558100000023842, 5455765.0603 ], [ 487323.558100000023842, 5455515.0603 ], [ 487073.558100000023842, 5455515.0603 ] ] ] } },
{ "type": "Feature", "properties": { "grid_id": 278, "crime_count": 0.0, "name": "Arbutus Ridge" }, "geometry": { "type": "Polygon", "coordinates": [ [ [ 487073.558100000023842, 5455765.0603 ], [ 487073.558100000023842, 5456015.0603 ], [ 487323.558100000023842, 5456015.0603 ], [ 487323.558100000023842, 5455765.0603 ], [ 487073.558100000023842, 5455765.0603 ] ] ] } },
{ "type": "Feature", "properties": { "grid_id": 279, "crime_count": 0.0, "name": "Arbutus Ridge" }, "geometry": { "type": "MultiPolygon", "coordinates": [ [ [ [ 487323.558100000023842, 5456015.0603 ], [ 487073.558100000023842, 5456015.0603 ], [ 487073.558100000023842, 5456125.607584912329912 ], [ 487323.558100000023842, 5456119.29673661570996 ], [ 487323.558100000023842, 5456015.0603 ] ] ], [ [ [ 487073.558100000023842, 5456265.0603 ], [ 487323.558100000023842, 5456265.0603 ], [ 487323.558100000023842, 5456119.874623293057084 ], [ 487073.558100000023842, 5456126.398212510161102 ], [ 487073.558100000023842, 5456265.0603 ] ] ] ] } },
{ "type": "Feature", "properties": { "grid_id": 280, "crime_count": 1.0, "name": "Kitsilano" }, "geometry": { "type": "Polygon", "coordinates": [ [ [ 487073.558100000023842, 5456265.0603 ], [ 487073.558100000023842, 5456515.0603 ], [ 487323.558100000023842, 5456515.0603 ], [ 487323.558100000023842, 5456265.0603 ], [ 487073.558100000023842, 5456265.0603 ] ] ] } },
{ "type": "Feature", "properties": { "grid_id": 281, "crime_count": 1.0, "name": "Kitsilano" }, "geometry": { "type": "Polygon", "coordinates": [ [ [ 487073.558100000023842, 5456515.0603 ], [ 487073.558100000023842, 5456765.0603 ], [ 487323.558100000023842, 5456765.0603 ], [ 487323.558100000023842, 5456515.0603 ], [ 487073.558100000023842, 5456515.0603 ] ] ] } },
{ "type": "Feature", "properties": { "grid_id": 282, "crime_count": 4.0, "name": "Kitsilano" }, "geometry": { "type": "Polygon", "coordinates": [ [ [ 487073.558100000023842, 5456765.0603 ], [ 487073.558100000023842, 5457015.0603 ], [ 487323.558100000023842, 5457015.0603 ], [ 487323.558100000023842, 5456765.0603 ], [ 487073.558100000023842, 5456765.0603 ] ] ] } },
{ "type": "Feature", "properties": { "grid_id": 283, "crime_count": 2.0, "name": "Kitsilano" }, "geometry": { "type": "Polygon", "coordinates": [ [ [ 487073.558100000023842, 5457015.0603 ], [ 487073.558100000023842, 5457265.0603 ], [ 487323.558100000023842, 5457265.0603 ], [ 487323.558100000023842, 5457015.0603 ], [ 487073.558100000023842, 5457015.0603 ] ] ] } },
{ "type": "Feature", "properties": { "grid_id": 284, "crime_count": 3.0, "name": "Kitsilano" }, "geometry": { "type": "Polygon", "coordinates": [ [ [ 487073.558100000023842, 5457265.0603 ], [ 487073.558100000023842, 5457515.0603 ], [ 487323.558100000023842, 5457515.0603 ], [ 487323.558100000023842, 5457265.0603 ], [ 487073.558100000023842, 5457265.0603 ] ] ] } },
{ "type": "Feature", "properties": { "grid_id": 285, "crime_count": 1.0, "name": "Kitsilano" }, "geometry": { "type": "Polygon", "coordinates": [ [ [ 487073.558100000023842, 5457515.0603 ], [ 487073.558100000023842, 5457765.0603 ], [ 487323.558100000023842, 5457765.0603 ], [ 487323.558100000023842, 5457515.0603 ], [ 487073.558100000023842, 5457515.0603 ] ] ] } },
{ "type": "Feature", "properties": { "grid_id": 286, "crime_count": 0.0, "name": "Kitsilano" }, "geometry": { "type": "Polygon", "coordinates": [ [ [ 487323.558100000023842, 5457765.0603 ], [ 487073.558100000023842, 5457765.0603 ], [ 487073.558100000023842, 5457992.592509989626706 ], [ 487323.558100000023842, 5457971.512350347824395 ], [ 487323.558100000023842, 5457765.0603 ] ] ] } },
{ "type": "Feature", "properties": { "grid_id": 287, "crime_count": 0.0, "name": "Kerrisdale" }, "geometry": { "type": "Polygon", "coordinates": [ [ [ 487323.558100000023842, 5451515.0603 ], [ 487573.558100000023842, 5451515.0603 ], [ 487573.558100000023842, 5451388.269494979642332 ], [ 487548.999909061996732, 5451392.892640725709498 ], [ 487505.118054715683684, 5451398.504994570277631 ], [ 487461.231463922013063, 5451401.997310986742377 ], [ 487323.558100000023842, 5451407.869072555564344 ], [ 487323.558100000023842, 5451515.0603 ] ] ] } },
{ "type": "Feature", "properties": { "grid_id": 288, "crime_count": 0.0, "name": "Kerrisdale" }, "geometry": { "type": "Polygon", "coordinates": [ [ [ 487323.558100000023842, 5451515.0603 ], [ 487323.558100000023842, 5451765.0603 ], [ 487573.558100000023842, 5451765.0603 ], [ 487573.558100000023842, 5451515.0603 ], [ 487323.558100000023842, 5451515.0603 ] ] ] } },
{ "type": "Feature", "properties": { "grid_id": 289, "crime_count": 0.0, "name": "Kerrisdale" }, "geometry": { "type": "Polygon", "coordinates": [ [ [ 487323.558100000023842, 5451765.0603 ], [ 487323.558100000023842, 5452015.0603 ], [ 487573.558100000023842, 5452015.0603 ], [ 487573.558100000023842, 5451765.0603 ], [ 487323.558100000023842, 5451765.0603 ] ] ] } },
{ "type": "Feature", "properties": { "grid_id": 290, "crime_count": 0.0, "name": "Kerrisdale" }, "geometry": { "type": "Polygon", "coordinates": [ [ [ 487323.558100000023842, 5452015.0603 ], [ 487323.558100000023842, 5452265.0603 ], [ 487573.558100000023842, 5452265.0603 ], [ 487573.558100000023842, 5452015.0603 ], [ 487323.558100000023842, 5452015.0603 ] ] ] } },
{ "type": "Feature", "properties": { "grid_id": 291, "crime_count": 0.0, "name": "Kerrisdale" }, "geometry": { "type": "Polygon", "coordinates": [ [ [ 487323.558100000023842, 5452265.0603 ], [ 487323.558100000023842, 5452515.0603 ], [ 487573.558100000023842, 5452515.0603 ], [ 487573.558100000023842, 5452265.0603 ], [ 487323.558100000023842, 5452265.0603 ] ] ] } },
{ "type": "Feature", "properties": { "grid_id": 292, "crime_count": 0.0, "name": "Kerrisdale" }, "geometry": { "type": "Polygon", "coordinates": [ [ [ 487323.558100000023842, 5452515.0603 ], [ 487323.558100000023842, 5452765.0603 ], [ 487573.558100000023842, 5452765.0603 ], [ 487573.558100000023842, 5452515.0603 ], [ 487323.558100000023842, 5452515.0603 ] ] ] } },
{ "type": "Feature", "properties": { "grid_id": 293, "crime_count": 0.0, "name": "Kerrisdale" }, "geometry": { "type": "Polygon", "coordinates": [ [ [ 487323.558100000023842, 5452765.0603 ], [ 487323.558100000023842, 5453015.0603 ], [ 487573.558100000023842, 5453015.0603 ], [ 487573.558100000023842, 5452765.0603 ], [ 487323.558100000023842, 5452765.0603 ] ] ] } },
{ "type": "Feature", "properties": { "grid_id": 294, "crime_count": 2.0, "name": "Kerrisdale" }, "geometry": { "type": "Polygon", "coordinates": [ [ [ 487323.558100000023842, 5453015.0603 ], [ 487323.558100000023842, 5453265.0603 ], [ 487573.558100000023842, 5453265.0603 ], [ 487573.558100000023842, 5453015.0603 ], [ 487323.558100000023842, 5453015.0603 ] ] ] } },
{ "type": "Feature", "properties": { "grid_id": 295, "crime_count": 0.0, "name": "Kerrisdale" }, "geometry": { "type": "Polygon", "coordinates": [ [ [ 487323.558100000023842, 5453265.0603 ], [ 487323.558100000023842, 5453515.0603 ], [ 487573.558100000023842, 5453515.0603 ], [ 487573.558100000023842, 5453265.0603 ], [ 487323.558100000023842, 5453265.0603 ] ] ] } },
{ "type": "Feature", "properties": { "grid_id": 296, "crime_count": 6.0, "name": "Dunbar-Southlands" }, "geometry": { "type": "Polygon", "coordinates": [ [ [ 487323.558100000023842, 5453515.0603 ], [ 487323.558100000023842, 5453765.0603 ], [ 487573.558100000023842, 5453765.0603 ], [ 487573.558100000023842, 5453515.0603 ], [ 487323.558100000023842, 5453515.0603 ] ] ] } },
{ "type": "Feature", "properties": { "grid_id": 297, "crime_count": 1.0, "name": "Dunbar-Southlands" }, "geometry": { "type": "Polygon", "coordinates": [ [ [ 487323.558100000023842, 5453765.0603 ], [ 487323.558100000023842, 5454015.0603 ], [ 487573.558100000023842, 5454015.0603 ], [ 487573.558100000023842, 5453765.0603 ], [ 487323.558100000023842, 5453765.0603 ] ] ] } },
{ "type": "Feature", "properties": { "grid_id": 298, "crime_count": 0.0, "name": "Dunbar-Southlands" }, "geometry": { "type": "Polygon", "coordinates": [ [ [ 487323.558100000023842, 5454015.0603 ], [ 487323.558100000023842, 5454265.0603 ], [ 487573.558100000023842, 5454265.0603 ], [ 487573.558100000023842, 5454015.0603 ], [ 487323.558100000023842, 5454015.0603 ] ] ] } },
{ "type": "Feature", "properties": { "grid_id": 299, "crime_count": 2.0, "name": "Dunbar-Southlands" }, "geometry": { "type": "Polygon", "coordinates": [ [ [ 487323.558100000023842, 5454265.0603 ], [ 487323.558100000023842, 5454515.0603 ], [ 487573.558100000023842, 5454515.0603 ], [ 487573.558100000023842, 5454265.0603 ], [ 487323.558100000023842, 5454265.0603 ] ] ] } },
{ "type": "Feature", "properties": { "grid_id": 300, "crime_count": 0.0, "name": "Dunbar-Southlands" }, "geometry": { "type": "Polygon", "coordinates": [ [ [ 487323.558100000023842, 5454515.0603 ], [ 487323.558100000023842, 5454765.0603 ], [ 487573.558100000023842, 5454765.0603 ], [ 487573.558100000023842, 5454515.0603 ], [ 487323.558100000023842, 5454515.0603 ] ] ] } },
{ "type": "Feature", "properties": { "grid_id": 301, "crime_count": 1.0, "name": "Dunbar-Southlands" }, "geometry": { "type": "Polygon", "coordinates": [ [ [ 487323.558100000023842, 5454765.0603 ], [ 487323.558100000023842, 5455015.0603 ], [ 487573.558100000023842, 5455015.0603 ], [ 487573.558100000023842, 5454765.0603 ], [ 487323.558100000023842, 5454765.0603 ] ] ] } },
{ "type": "Feature", "properties": { "grid_id": 302, "crime_count": 0.0, "name": "Dunbar-Southlands" }, "geometry": { "type": "Polygon", "coordinates": [ [ [ 487573.558100000023842, 5455265.0603 ], [ 487573.558100000023842, 5455015.0603 ], [ 487323.558100000023842, 5455015.0603 ], [ 487323.558100000023842, 5455265.0603 ], [ 487469.920468584750779, 5455265.0603 ], [ 487558.463672142475843, 5455089.15949356649071 ], [ 487573.096069450606592, 5455070.841033229604363 ], [ 487558.466547760122921, 5455090.431733144447207 ], [ 487469.927726412133779, 5455265.0603 ], [ 487573.558100000023842, 5455265.0603 ] ] ] } },
{ "type": "Feature", "properties": { "grid_id": 303, "crime_count": 2.0, "name": "Dunbar-Southlands" }, "geometry": { "type": "Polygon", "coordinates": [ [ [ 487323.558100000023842, 5455265.0603 ], [ 487323.558100000023842, 5455515.0603 ], [ 487573.558100000023842, 5455515.0603 ], [ 487573.558100000023842, 5455265.0603 ], [ 487469.927726412133779, 5455265.0603 ], [ 487468.917389790876769, 5455267.053026281297207 ], [ 487469.920468584750779, 5455265.0603 ], [ 487323.558100000023842, 5455265.0603 ] ], [ [ 487481.516613685060292, 5455444.925494158640504 ], [ 487490.164518883393612, 5455433.960820387117565 ], [ 487489.841798124776687, 5455434.517904736101627 ], [ 487481.516613685060292, 5455444.925494158640504 ] ] ] } },
{ "type": "Feature", "properties": { "grid_id": 304, "crime_count": 0.0, "name": "Arbutus Ridge" }, "geometry": { "type": "Polygon", "coordinates": [ [ [ 487323.558100000023842, 5455515.0603 ], [ 487323.558100000023842, 5455765.0603 ], [ 487573.558100000023842, 5455765.0603 ], [ 487573.558100000023842, 5455515.0603 ], [ 487323.558100000023842, 5455515.0603 ] ] ] } },
{ "type": "Feature", "properties": { "grid_id": 305, "crime_count": 0.0, "name": "Arbutus Ridge" }, "geometry": { "type": "Polygon", "coordinates": [ [ [ 487323.558100000023842, 5455765.0603 ], [ 487323.558100000023842, 5456015.0603 ], [ 487573.558100000023842, 5456015.0603 ], [ 487573.558100000023842, 5455765.0603 ], [ 487323.558100000023842, 5455765.0603 ] ] ] } },
{ "type": "Feature", "properties": { "grid_id": 306, "crime_count": 1.0, "name": "Arbutus Ridge" }, "geometry": { "type": "MultiPolygon", "coordinates": [ [ [ [ 487573.558100000023842, 5456015.0603 ], [ 487323.558100000023842, 5456015.0603 ], [ 487323.558100000023842, 5456119.29673661570996 ], [ 487573.558100000023842, 5456112.985888320021331 ], [ 487573.558100000023842, 5456015.0603 ] ] ], [ [ [ 487323.558100000023842, 5456265.0603 ], [ 487573.558100000023842, 5456265.0603 ], [ 487573.558100000023842, 5456113.351034075021744 ], [ 487323.558100000023842, 5456119.874623293057084 ], [ 487323.558100000023842, 5456265.0603 ] ] ] ] } },
{ "type": "Feature", "properties": { "grid_id": 307, "crime_count": 2.0, "name": "Kitsilano" }, "geometry": { "type": "Polygon", "coordinates": [ [ [ 487323.558100000023842, 5456265.0603 ], [ 487323.558100000023842, 5456515.0603 ], [ 487573.558100000023842, 5456515.0603 ], [ 487573.558100000023842, 5456265.0603 ], [ 487323.558100000023842, 5456265.0603 ] ] ] } },
{ "type": "Feature", "properties": { "grid_id": 308, "crime_count": 4.0, "name": "Kitsilano" }, "geometry": { "type": "Polygon", "coordinates": [ [ [ 487323.558100000023842, 5456515.0603 ], [ 487323.558100000023842, 5456765.0603 ], [ 487573.558100000023842, 5456765.0603 ], [ 487573.558100000023842, 5456515.0603 ], [ 487323.558100000023842, 5456515.0603 ] ] ] } },
{ "type": "Feature", "properties": { "grid_id": 309, "crime_count": 46.0, "name": "Kitsilano" }, "geometry": { "type": "Polygon", "coordinates": [ [ [ 487323.558100000023842, 5456765.0603 ], [ 487323.558100000023842, 5457015.0603 ], [ 487573.558100000023842, 5457015.0603 ], [ 487573.558100000023842, 5456765.0603 ], [ 487323.558100000023842, 5456765.0603 ] ] ] } },
{ "type": "Feature", "properties": { "grid_id": 310, "crime_count": 2.0, "name": "Kitsilano" }, "geometry": { "type": "Polygon", "coordinates": [ [ [ 487323.558100000023842, 5457015.0603 ], [ 487323.558100000023842, 5457265.0603 ], [ 487573.558100000023842, 5457265.0603 ], [ 487573.558100000023842, 5457015.0603 ], [ 487323.558100000023842, 5457015.0603 ] ] ] } },
{ "type": "Feature", "properties": { "grid_id": 311, "crime_count": 6.0, "name": "Kitsilano" }, "geometry": { "type": "Polygon", "coordinates": [ [ [ 487323.558100000023842, 5457265.0603 ], [ 487323.558100000023842, 5457515.0603 ], [ 487573.558100000023842, 5457515.0603 ], [ 487573.558100000023842, 5457265.0603 ], [ 487323.558100000023842, 5457265.0603 ] ] ] } },
{ "type": "Feature", "properties": { "grid_id": 312, "crime_count": 1.0, "name": "Kitsilano" }, "geometry": { "type": "Polygon", "coordinates": [ [ [ 487323.558100000023842, 5457515.0603 ], [ 487323.558100000023842, 5457765.0603 ], [ 487573.558100000023842, 5457765.0603 ], [ 487573.558100000023842, 5457515.0603 ], [ 487323.558100000023842, 5457515.0603 ] ] ] } },
{ "type": "Feature", "properties": { "grid_id": 313, "crime_count": 0.0, "name": "Kitsilano" }, "geometry": { "type": "Polygon", "coordinates": [ [ [ 487573.558100000023842, 5457765.0603 ], [ 487323.558100000023842, 5457765.0603 ], [ 487323.558100000023842, 5457971.512350347824395 ], [ 487361.855598701804411, 5457968.28308080136776 ], [ 487573.558100000023842, 5458012.060190408490598 ], [ 487573.558100000023842, 5457765.0603 ] ] ] } },
{ "type": "Feature", "properties": { "grid_id": 314, "crime_count": 0.0, "name": "Kerrisdale" }, "geometry": { "type": "Polygon", "coordinates": [ [ [ 487573.558100000023842, 5451515.0603 ], [ 487823.558100000023842, 5451515.0603 ], [ 487823.558100000023842, 5451293.014050828292966 ], [ 487797.732937351276632, 5451307.944464553147554 ], [ 487758.327250520465896, 5451327.963590372353792 ], [ 487718.361494628887158, 5451345.863850373774767 ], [ 487677.27905273536453, 5451361.222421484999359 ], [ 487635.079877104784828, 5451374.039328434504569 ], [ 487592.320497322943993, 5451384.737423028796911 ], [ 487573.558100000023842, 5451388.269494979642332 ], [ 487573.558100000023842, 5451515.0603 ] ] ] } },
{ "type": "Feature", "properties": { "grid_id": 315, "crime_count": 0.0, "name": "Kerrisdale" }, "geometry": { "type": "Polygon", "coordinates": [ [ [ 487573.558100000023842, 5451515.0603 ], [ 487573.558100000023842, 5451765.0603 ], [ 487823.558100000023842, 5451765.0603 ], [ 487823.558100000023842, 5451515.0603 ], [ 487573.558100000023842, 5451515.0603 ] ] ] } },
{ "type": "Feature", "properties": { "grid_id": 316, "crime_count": 0.0, "name": "Kerrisdale" }, "geometry": { "type": "Polygon", "coordinates": [ [ [ 487573.558100000023842, 5451765.0603 ], [ 487573.558100000023842, 5452015.0603 ], [ 487823.558100000023842, 5452015.0603 ], [ 487823.558100000023842, 5451765.0603 ], [ 487573.558100000023842, 5451765.0603 ] ] ] } },
{ "type": "Feature", "properties": { "grid_id": 317, "crime_count": 0.0, "name": "Kerrisdale" }, "geometry": { "type": "Polygon", "coordinates": [ [ [ 487573.558100000023842, 5452015.0603 ], [ 487573.558100000023842, 5452265.0603 ], [ 487823.558100000023842, 5452265.0603 ], [ 487823.558100000023842, 5452015.0603 ], [ 487573.558100000023842, 5452015.0603 ] ] ] } },
{ "type": "Feature", "properties": { "grid_id": 318, "crime_count": 0.0, "name": "Kerrisdale" }, "geometry": { "type": "Polygon", "coordinates": [ [ [ 487573.558100000023842, 5452265.0603 ], [ 487573.558100000023842, 5452515.0603 ], [ 487823.558100000023842, 5452515.0603 ], [ 487823.558100000023842, 5452265.0603 ], [ 487573.558100000023842, 5452265.0603 ] ] ] } },
{ "type": "Feature", "properties": { "grid_id": 319, "crime_count": 0.0, "name": "Kerrisdale" }, "geometry": { "type": "Polygon", "coordinates": [ [ [ 487573.558100000023842, 5452515.0603 ], [ 487573.558100000023842, 5452765.0603 ], [ 487823.558100000023842, 5452765.0603 ], [ 487823.558100000023842, 5452515.0603 ], [ 487573.558100000023842, 5452515.0603 ] ] ] } },
{ "type": "Feature", "properties": { "grid_id": 320, "crime_count": 0.0, "name": "Kerrisdale" }, "geometry": { "type": "Polygon", "coordinates": [ [ [ 487573.558100000023842, 5452765.0603 ], [ 487573.558100000023842, 5453015.0603 ], [ 487823.558100000023842, 5453015.0603 ], [ 487823.558100000023842, 5452765.0603 ], [ 487573.558100000023842, 5452765.0603 ] ] ] } },
{ "type": "Feature", "properties": { "grid_id": 321, "crime_count": 1.0, "name": "Kerrisdale" }, "geometry": { "type": "Polygon", "coordinates": [ [ [ 487573.558100000023842, 5453015.0603 ], [ 487573.558100000023842, 5453265.0603 ], [ 487823.558100000023842, 5453265.0603 ], [ 487823.558100000023842, 5453015.0603 ], [ 487573.558100000023842, 5453015.0603 ] ] ] } },
{ "type": "Feature", "properties": { "grid_id": 322, "crime_count": 0.0, "name": "Kerrisdale" }, "geometry": { "type": "Polygon", "coordinates": [ [ [ 487573.558100000023842, 5453265.0603 ], [ 487573.558100000023842, 5453515.0603 ], [ 487823.558100000023842, 5453515.0603 ], [ 487823.558100000023842, 5453265.0603 ], [ 487573.558100000023842, 5453265.0603 ] ] ] } },
{ "type": "Feature", "properties": { "grid_id": 323, "crime_count": 0.0, "name": "Arbutus Ridge" }, "geometry": { "type": "Polygon", "coordinates": [ [ [ 487823.558100000023842, 5453765.0603 ], [ 487823.558100000023842, 5453515.0603 ], [ 487573.558100000023842, 5453515.0603 ], [ 487573.558100000023842, 5453765.0603 ], [ 487607.416683349758387, 5453765.0603 ], [ 487606.107776887016371, 5453561.086355470120907 ], [ 487607.49447642674204, 5453765.0603 ], [ 487823.558100000023842, 5453765.0603 ] ] ] } },
{ "type": "Feature", "properties": { "grid_id": 324, "crime_count": 3.0, "name": "Arbutus Ridge" }, "geometry": { "type": "MultiPolygon", "coordinates": [ [ [ [ 487823.558100000023842, 5454015.0603 ], [ 487823.558100000023842, 5453765.0603 ], [ 487607.49447642674204, 5453765.0603 ], [ 487609.194080195855349, 5454015.0603 ], [ 487823.558100000023842, 5454015.0603 ] ] ], [ [ [ 487573.558100000023842, 5453765.0603 ], [ 487573.558100000023842, 5454015.0603 ], [ 487609.020940287737176, 5454015.0603 ], [ 487607.416683349758387, 5453765.0603 ], [ 487573.558100000023842, 5453765.0603 ] ] ] ] } },
{ "type": "Feature", "properties": { "grid_id": 325, "crime_count": 0.0, "name": "Arbutus Ridge" }, "geometry": { "type": "MultiPolygon", "coordinates": [ [ [ [ 487823.558100000023842, 5454265.0603 ], [ 487823.558100000023842, 5454015.0603 ], [ 487609.194080195855349, 5454015.0603 ], [ 487610.893683965026867, 5454265.0603 ], [ 487823.558100000023842, 5454265.0603 ] ] ], [ [ [ 487573.558100000023842, 5454015.0603 ], [ 487573.558100000023842, 5454265.0603 ], [ 487610.625197225774173, 5454265.0603 ], [ 487609.020940287737176, 5454015.0603 ], [ 487573.558100000023842, 5454015.0603 ] ] ] ] } },
{ "type": "Feature", "properties": { "grid_id": 326, "crime_count": 1.0, "name": "Arbutus Ridge" }, "geometry": { "type": "MultiPolygon", "coordinates": [ [ [ [ 487823.558100000023842, 5454515.0603 ], [ 487823.558100000023842, 5454265.0603 ], [ 487610.893683965026867, 5454265.0603 ], [ 487612.593287734140176, 5454515.0603 ], [ 487823.558100000023842, 5454515.0603 ] ] ], [ [ [ 487573.558100000023842, 5454265.0603 ], [ 487573.558100000023842, 5454515.0603 ], [ 487612.229454163752962, 5454515.0603 ], [ 487610.625197225774173, 5454265.0603 ], [ 487573.558100000023842, 5454265.0603 ] ] ] ] } },
{ "type": "Feature", "properties": { "grid_id": 327, "crime_count": 1.0, "name": "Arbutus Ridge" }, "geometry": { "type": "MultiPolygon", "coordinates": [ [ [ [ 487823.558100000023842, 5454765.0603 ], [ 487823.558100000023842, 5454515.0603 ], [ 487612.593287734140176, 5454515.0603 ], [ 487614.292891503311694, 5454765.0603 ], [ 487823.558100000023842, 5454765.0603 ] ] ], [ [ [ 487573.558100000023842, 5454515.0603 ], [ 487573.558100000023842, 5454765.0603 ], [ 487613.833711101789959, 5454765.0603 ], [ 487612.229454163752962, 5454515.0603 ], [ 487573.558100000023842, 5454515.0603 ] ] ] ] } },
{ "type": "Feature", "properties": { "grid_id": 328, "crime_count": 1.0, "name": "Arbutus Ridge" }, "geometry": { "type": "MultiPolygon", "coordinates": [ [ [ [ 487823.558100000023842, 5455015.0603 ], [ 487823.558100000023842, 5454765.0603 ], [ 487614.292891503311694, 5454765.0603 ], [ 487615.992495272425003, 5455015.0603 ], [ 487823.558100000023842, 5455015.0603 ] ] ], [ [ [ 487573.558100000023842, 5454765.0603 ], [ 487573.558100000023842, 5455015.0603 ], [ 487615.437968039768748, 5455015.0603 ], [ 487613.833711101789959, 5454765.0603 ], [ 487573.558100000023842, 5454765.0603 ] ] ] ] } },
{ "type": "Feature", "properties": { "grid_id": 329, "crime_count": 1.0, "name": "Arbutus Ridge" }, "geometry": { "type": "Polygon", "coordinates": [ [ [ 487573.558100000023842, 5455015.0603 ], [ 487573.558100000023842, 5455265.0603 ], [ 487823.558100000023842, 5455265.0603 ], [ 487823.558100000023842, 5455015.0603 ], [ 487615.992495272425003, 5455015.0603 ], [ 487616.068672584369779, 5455026.265457534231246 ], [ 487615.51307173341047, 5455026.76411312725395 ], [ 487615.437968039768748, 5455015.0603 ], [ 487573.558100000023842, 5455015.0603 ] ] ] } },
{ "type": "Feature", "properties": { "grid_id": 330, "crime_count": 0.0, "name": "Arbutus Ridge" }, "geometry": { "type": "Polygon", "coordinates": [ [ [ 487573.558100000023842, 5455265.0603 ], [ 487573.558100000023842, 5455515.0603 ], [ 487823.558100000023842, 5455515.0603 ], [ 487823.558100000023842, 5455265.0603 ], [ 487573.558100000023842, 5455265.0603 ] ] ] } },
{ "type": "Feature", "properties": { "grid_id": 331, "crime_count": 1.0, "name": "Arbutus Ridge" }, "geometry": { "type": "Polygon", "coordinates": [ [ [ 487573.558100000023842, 5455515.0603 ], [ 487573.558100000023842, 5455765.0603 ], [ 487823.558100000023842, 5455765.0603 ], [ 487823.558100000023842, 5455515.0603 ], [ 487573.558100000023842, 5455515.0603 ] ] ] } },
{ "type": "Feature", "properties": { "grid_id": 332, "crime_count": 1.0, "name": "Arbutus Ridge" }, "geometry": { "type": "Polygon", "coordinates": [ [ [ 487573.558100000023842, 5455765.0603 ], [ 487573.558100000023842, 5456015.0603 ], [ 487823.558100000023842, 5456015.0603 ], [ 487823.558100000023842, 5455765.0603 ], [ 487573.558100000023842, 5455765.0603 ] ] ] } },
{ "type": "Feature", "properties": { "grid_id": 333, "crime_count": 0.0, "name": "Arbutus Ridge" }, "geometry": { "type": "MultiPolygon", "coordinates": [ [ [ [ 487823.558100000023842, 5456015.0603 ], [ 487573.558100000023842, 5456015.0603 ], [ 487573.558100000023842, 5456112.985888320021331 ], [ 487823.558100000023842, 5456106.675040024332702 ], [ 487823.558100000023842, 5456015.0603 ] ] ], [ [ [ 487573.558100000023842, 5456265.0603 ], [ 487823.558100000023842, 5456265.0603 ], [ 487823.558100000023842, 5456106.827444857917726 ], [ 487573.558100000023842, 5456113.351034075021744 ], [ 487573.558100000023842, 5456265.0603 ] ] ] ] } },
{ "type": "Feature", "properties": { "grid_id": 334, "crime_count": 1.0, "name": "Kitsilano" }, "geometry": { "type": "Polygon", "coordinates": [ [ [ 487573.558100000023842, 5456265.0603 ], [ 487573.558100000023842, 5456515.0603 ], [ 487823.558100000023842, 5456515.0603 ], [ 487823.558100000023842, 5456265.0603 ], [ 487573.558100000023842, 5456265.0603 ] ] ] } },
{ "type": "Feature", "properties": { "grid_id": 335, "crime_count": 1.0, "name": "Kitsilano" }, "geometry": { "type": "Polygon", "coordinates": [ [ [ 487573.558100000023842, 5456515.0603 ], [ 487573.558100000023842, 5456765.0603 ], [ 487823.558100000023842, 5456765.0603 ], [ 487823.558100000023842, 5456515.0603 ], [ 487573.558100000023842, 5456515.0603 ] ] ] } },
{ "type": "Feature", "properties": { "grid_id": 336, "crime_count": 3.0, "name": "Kitsilano" }, "geometry": { "type": "Polygon", "coordinates": [ [ [ 487573.558100000023842, 5456765.0603 ], [ 487573.558100000023842, 5457015.0603 ], [ 487823.558100000023842, 5457015.0603 ], [ 487823.558100000023842, 5456765.0603 ], [ 487573.558100000023842, 5456765.0603 ] ] ] } },
{ "type": "Feature", "properties": { "grid_id": 337, "crime_count": 2.0, "name": "Kitsilano" }, "geometry": { "type": "Polygon", "coordinates": [ [ [ 487573.558100000023842, 5457015.0603 ], [ 487573.558100000023842, 5457265.0603 ], [ 487823.558100000023842, 5457265.0603 ], [ 487823.558100000023842, 5457015.0603 ], [ 487573.558100000023842, 5457015.0603 ] ] ] } },
{ "type": "Feature", "properties": { "grid_id": 338, "crime_count": 8.0, "name": "Kitsilano" }, "geometry": { "type": "Polygon", "coordinates": [ [ [ 487573.558100000023842, 5457265.0603 ], [ 487573.558100000023842, 5457515.0603 ], [ 487823.558100000023842, 5457515.0603 ], [ 487823.558100000023842, 5457265.0603 ], [ 487573.558100000023842, 5457265.0603 ] ] ] } },
{ "type": "Feature", "properties": { "grid_id": 339, "crime_count": 0.0, "name": "Kitsilano" }, "geometry": { "type": "Polygon", "coordinates": [ [ [ 487573.558100000023842, 5457515.0603 ], [ 487573.558100000023842, 5457765.0603 ], [ 487823.558100000023842, 5457765.0603 ], [ 487823.558100000023842, 5457515.0603 ], [ 487573.558100000023842, 5457515.0603 ] ] ] } },
{ "type": "Feature", "properties": { "grid_id": 340, "crime_count": 0.0, "name": "Kitsilano" }, "geometry": { "type": "Polygon", "coordinates": [ [ [ 487823.558100000023842, 5458015.0603 ], [ 487823.558100000023842, 5457765.0603 ], [ 487573.558100000023842, 5457765.0603 ], [ 487573.558100000023842, 5458012.060190408490598 ], [ 487588.066383217868861, 5458015.0603 ], [ 487823.558100000023842, 5458015.0603 ] ] ] } },
{ "type": "Feature", "properties": { "grid_id": 341, "crime_count": 0.0, "name": "Kitsilano" }, "geometry": { "type": "Polygon", "coordinates": [ [ [ 487823.558100000023842, 5458015.0603 ], [ 487588.066383217868861, 5458015.0603 ], [ 487823.558100000023842, 5458063.756685890257359 ], [ 487823.558100000023842, 5458015.0603 ] ] ] } },
{ "type": "Feature", "properties": { "grid_id": 342, "crime_count": 0.0, "name": "Kerrisdale" }, "geometry": { "type": "Polygon", "coordinates": [ [ [ 488073.558100000023842, 5451265.0603 ], [ 488073.558100000023842, 5451159.574912872165442 ], [ 488037.473791104566772, 5451172.561629969626665 ], [ 487994.173059738997836, 5451190.891196836717427 ], [ 487951.989464294398203, 5451211.7631392236799 ], [ 487911.47869129863102, 5451235.176213004626334 ], [ 487872.640775807900354, 5451261.130381630733609 ], [ 487866.809303325950168, 5451265.0603 ], [ 488073.558100000023842, 5451265.0603 ] ] ] } },
{ "type": "Feature", "properties": { "grid_id": 343, "crime_count": 0.0, "name": "Kerrisdale" }, "geometry": { "type": "Polygon", "coordinates": [ [ [ 487823.558100000023842, 5451515.0603 ], [ 488073.558100000023842, 5451515.0603 ], [ 488073.558100000023842, 5451265.0603 ], [ 487866.809303325950168, 5451265.0603 ], [ 487836.022959172609262, 5451285.80768752284348 ], [ 487823.558100000023842, 5451293.014050828292966 ], [ 487823.558100000023842, 5451515.0603 ] ] ] } },
{ "type": "Feature", "properties": { "grid_id": 344, "crime_count": 0.0, "name": "Kerrisdale" }, "geometry": { "type": "Polygon", "coordinates": [ [ [ 487823.558100000023842, 5451515.0603 ], [ 487823.558100000023842, 5451765.0603 ], [ 488073.558100000023842, 5451765.0603 ], [ 488073.558100000023842, 5451515.0603 ], [ 487823.558100000023842, 5451515.0603 ] ] ] } },
{ "type": "Feature", "properties": { "grid_id": 345, "crime_count": 0.0, "name": "Kerrisdale" }, "geometry": { "type": "Polygon", "coordinates": [ [ [ 487823.558100000023842, 5451765.0603 ], [ 487823.558100000023842, 5452015.0603 ], [ 488073.558100000023842, 5452015.0603 ], [ 488073.558100000023842, 5451765.0603 ], [ 487823.558100000023842, 5451765.0603 ] ] ] } },
{ "type": "Feature", "properties": { "grid_id": 346, "crime_count": 0.0, "name": "Kerrisdale" }, "geometry": { "type": "Polygon", "coordinates": [ [ [ 487823.558100000023842, 5452015.0603 ], [ 487823.558100000023842, 5452265.0603 ], [ 488073.558100000023842, 5452265.0603 ], [ 488073.558100000023842, 5452015.0603 ], [ 487823.558100000023842, 5452015.0603 ] ] ] } },
{ "type": "Feature", "properties": { "grid_id": 347, "crime_count": 1.0, "name": "Kerrisdale" }, "geometry": { "type": "Polygon", "coordinates": [ [ [ 487823.558100000023842, 5452265.0603 ], [ 487823.558100000023842, 5452515.0603 ], [ 488073.558100000023842, 5452515.0603 ], [ 488073.558100000023842, 5452265.0603 ], [ 487823.558100000023842, 5452265.0603 ] ] ] } },
{ "type": "Feature", "properties": { "grid_id": 348, "crime_count": 0.0, "name": "Kerrisdale" }, "geometry": { "type": "Polygon", "coordinates": [ [ [ 487823.558100000023842, 5452515.0603 ], [ 487823.558100000023842, 5452765.0603 ], [ 488073.558100000023842, 5452765.0603 ], [ 488073.558100000023842, 5452515.0603 ], [ 487823.558100000023842, 5452515.0603 ] ] ] } },
{ "type": "Feature", "properties": { "grid_id": 349, "crime_count": 1.0, "name": "Kerrisdale" }, "geometry": { "type": "Polygon", "coordinates": [ [ [ 487823.558100000023842, 5452765.0603 ], [ 487823.558100000023842, 5453015.0603 ], [ 488073.558100000023842, 5453015.0603 ], [ 488073.558100000023842, 5452765.0603 ], [ 487823.558100000023842, 5452765.0603 ] ] ] } },
{ "type": "Feature", "properties": { "grid_id": 350, "crime_count": 1.0, "name": "Kerrisdale" }, "geometry": { "type": "Polygon", "coordinates": [ [ [ 487823.558100000023842, 5453015.0603 ], [ 487823.558100000023842, 5453265.0603 ], [ 488073.558100000023842, 5453265.0603 ], [ 488073.558100000023842, 5453015.0603 ], [ 487823.558100000023842, 5453015.0603 ] ] ] } },
{ "type": "Feature", "properties": { "grid_id": 351, "crime_count": 1.0, "name": "Kerrisdale" }, "geometry": { "type": "Polygon", "coordinates": [ [ [ 487823.558100000023842, 5453265.0603 ], [ 487823.558100000023842, 5453515.0603 ], [ 488073.558100000023842, 5453515.0603 ], [ 488073.558100000023842, 5453265.0603 ], [ 487823.558100000023842, 5453265.0603 ] ] ] } },
{ "type": "Feature", "properties": { "grid_id": 352, "crime_count": 2.0, "name": "Arbutus Ridge" }, "geometry": { "type": "Polygon", "coordinates": [ [ [ 487823.558100000023842, 5453515.0603 ], [ 487823.558100000023842, 5453765.0603 ], [ 488073.558100000023842, 5453765.0603 ], [ 488073.558100000023842, 5453515.0603 ], [ 487823.558100000023842, 5453515.0603 ] ] ] } },
{ "type": "Feature", "properties": { "grid_id": 353, "crime_count": 0.0, "name": "Arbutus Ridge" }, "geometry": { "type": "Polygon", "coordinates": [ [ [ 487823.558100000023842, 5453765.0603 ], [ 487823.558100000023842, 5454015.0603 ], [ 488073.558100000023842, 5454015.0603 ], [ 488073.558100000023842, 5453765.0603 ], [ 487823.558100000023842, 5453765.0603 ] ] ] } },
{ "type": "Feature", "properties": { "grid_id": 354, "crime_count": 0.0, "name": "Arbutus Ridge" }, "geometry": { "type": "Polygon", "coordinates": [ [ [ 487823.558100000023842, 5454015.0603 ], [ 487823.558100000023842, 5454265.0603 ], [ 488073.558100000023842, 5454265.0603 ], [ 488073.558100000023842, 5454015.0603 ], [ 487823.558100000023842, 5454015.0603 ] ] ] } },
{ "type": "Feature", "properties": { "grid_id": 355, "crime_count": 2.0, "name": "Arbutus Ridge" }, "geometry": { "type": "Polygon", "coordinates": [ [ [ 487823.558100000023842, 5454265.0603 ], [ 487823.558100000023842, 5454515.0603 ], [ 488073.558100000023842, 5454515.0603 ], [ 488073.558100000023842, 5454265.0603 ], [ 487823.558100000023842, 5454265.0603 ] ] ] } },
{ "type": "Feature", "properties": { "grid_id": 356, "crime_count": 0.0, "name": "Arbutus Ridge" }, "geometry": { "type": "Polygon", "coordinates": [ [ [ 487823.558100000023842, 5454515.0603 ], [ 487823.558100000023842, 5454765.0603 ], [ 488073.558100000023842, 5454765.0603 ], [ 488073.558100000023842, 5454515.0603 ], [ 487823.558100000023842, 5454515.0603 ] ] ] } },
{ "type": "Feature", "properties": { "grid_id": 357, "crime_count": 5.0, "name": "Arbutus Ridge" }, "geometry": { "type": "Polygon", "coordinates": [ [ [ 487823.558100000023842, 5454765.0603 ], [ 487823.558100000023842, 5455015.0603 ], [ 488073.558100000023842, 5455015.0603 ], [ 488073.558100000023842, 5454765.0603 ], [ 487823.558100000023842, 5454765.0603 ] ] ] } },
{ "type": "Feature", "properties": { "grid_id": 358, "crime_count": 2.0, "name": "Arbutus Ridge" }, "geometry": { "type": "Polygon", "coordinates": [ [ [ 487823.558100000023842, 5455015.0603 ], [ 487823.558100000023842, 5455265.0603 ], [ 488073.558100000023842, 5455265.0603 ], [ 488073.558100000023842, 5455015.0603 ], [ 487823.558100000023842, 5455015.0603 ] ] ] } },
{ "type": "Feature", "properties": { "grid_id": 359, "crime_count": 2.0, "name": "Arbutus Ridge" }, "geometry": { "type": "Polygon", "coordinates": [ [ [ 487823.558100000023842, 5455265.0603 ], [ 487823.558100000023842, 5455515.0603 ], [ 488073.558100000023842, 5455515.0603 ], [ 488073.558100000023842, 5455265.0603 ], [ 487823.558100000023842, 5455265.0603 ] ] ] } },
{ "type": "Feature", "properties": { "grid_id": 360, "crime_count": 1.0, "name": "Arbutus Ridge" }, "geometry": { "type": "Polygon", "coordinates": [ [ [ 487823.558100000023842, 5455515.0603 ], [ 487823.558100000023842, 5455765.0603 ], [ 488073.558100000023842, 5455765.0603 ], [ 488073.558100000023842, 5455515.0603 ], [ 487823.558100000023842, 5455515.0603 ] ] ] } },
{ "type": "Feature", "properties": { "grid_id": 361, "crime_count": 0.0, "name": "Arbutus Ridge" }, "geometry": { "type": "Polygon", "coordinates": [ [ [ 487823.558100000023842, 5455765.0603 ], [ 487823.558100000023842, 5456015.0603 ], [ 488073.558100000023842, 5456015.0603 ], [ 488073.558100000023842, 5455765.0603 ], [ 487823.558100000023842, 5455765.0603 ] ] ] } },
{ "type": "Feature", "properties": { "grid_id": 362, "crime_count": 2.0, "name": "Kitsilano" }, "geometry": { "type": "Polygon", "coordinates": [ [ [ 487823.558100000023842, 5456265.0603 ], [ 488073.558100000023842, 5456265.0603 ], [ 488073.558100000023842, 5456015.0603 ], [ 487823.558100000023842, 5456015.0603 ], [ 487823.558100000023842, 5456106.675040024332702 ], [ 488002.654853677318897, 5456102.154030253179371 ], [ 487823.558100000023842, 5456106.827444857917726 ], [ 487823.558100000023842, 5456265.0603 ] ], [ [ 488002.62064293975709, 5456086.463050083257258 ], [ 488002.620642941736151, 5456086.463050083257258 ], [ 488002.654853677318897, 5456102.154030253179371 ], [ 488002.62064293975709, 5456086.463050083257258 ] ] ] } },
{ "type": "Feature", "properties": { "grid_id": 363, "crime_count": 4.0, "name": "Kitsilano" }, "geometry": { "type": "Polygon", "coordinates": [ [ [ 487823.558100000023842, 5456265.0603 ], [ 487823.558100000023842, 5456515.0603 ], [ 488073.558100000023842, 5456515.0603 ], [ 488073.558100000023842, 5456265.0603 ], [ 487823.558100000023842, 5456265.0603 ] ] ] } },
{ "type": "Feature", "properties": { "grid_id": 364, "crime_count": 7.0, "name": "Kitsilano" }, "geometry": { "type": "Polygon", "coordinates": [ [ [ 487823.558100000023842, 5456515.0603 ], [ 487823.558100000023842, 5456765.0603 ], [ 488073.558100000023842, 5456765.0603 ], [ 488073.558100000023842, 5456515.0603 ], [ 487823.558100000023842, 5456515.0603 ] ] ] } },
{ "type": "Feature", "properties": { "grid_id": 365, "crime_count": 30.0, "name": "Kitsilano" }, "geometry": { "type": "Polygon", "coordinates": [ [ [ 487823.558100000023842, 5456765.0603 ], [ 487823.558100000023842, 5457015.0603 ], [ 488073.558100000023842, 5457015.0603 ], [ 488073.558100000023842, 5456765.0603 ], [ 487823.558100000023842, 5456765.0603 ] ] ] } },
{ "type": "Feature", "properties": { "grid_id": 366, "crime_count": 1.0, "name": "Kitsilano" }, "geometry": { "type": "Polygon", "coordinates": [ [ [ 487823.558100000023842, 5457015.0603 ], [ 487823.558100000023842, 5457265.0603 ], [ 488073.558100000023842, 5457265.0603 ], [ 488073.558100000023842, 5457015.0603 ], [ 487823.558100000023842, 5457015.0603 ] ] ] } },
{ "type": "Feature", "properties": { "grid_id": 367, "crime_count": 6.0, "name": "Kitsilano" }, "geometry": { "type": "Polygon", "coordinates": [ [ [ 487823.558100000023842, 5457265.0603 ], [ 487823.558100000023842, 5457515.0603 ], [ 488073.558100000023842, 5457515.0603 ], [ 488073.558100000023842, 5457265.0603 ], [ 487823.558100000023842, 5457265.0603 ] ] ] } },
{ "type": "Feature", "properties": { "grid_id": 368, "crime_count": 1.0, "name": "Kitsilano" }, "geometry": { "type": "Polygon", "coordinates": [ [ [ 487823.558100000023842, 5457515.0603 ], [ 487823.558100000023842, 5457765.0603 ], [ 488073.558100000023842, 5457765.0603 ], [ 488073.558100000023842, 5457515.0603 ], [ 487823.558100000023842, 5457515.0603 ] ] ] } },
{ "type": "Feature", "properties": { "grid_id": 369, "crime_count": 0.0, "name": "Kitsilano" }, "geometry": { "type": "Polygon", "coordinates": [ [ [ 487823.558100000023842, 5457765.0603 ], [ 487823.558100000023842, 5458015.0603 ], [ 488073.558100000023842, 5458015.0603 ], [ 488073.558100000023842, 5457765.0603 ], [ 487823.558100000023842, 5457765.0603 ] ] ] } },
{ "type": "Feature", "properties": { "grid_id": 370, "crime_count": 0.0, "name": "Kitsilano" }, "geometry": { "type": "Polygon", "coordinates": [ [ [ 488073.558100000023842, 5458015.0603 ], [ 487823.558100000023842, 5458015.0603 ], [ 487823.558100000023842, 5458063.756685890257359 ], [ 488013.122212683723774, 5458102.955887069925666 ], [ 488073.558100000023842, 5458102.479971776716411 ], [ 488073.558100000023842, 5458015.0603 ] ] ] } },
{ "type": "Feature", "properties": { "grid_id": 371, "crime_count": 0.0, "name": "Kerrisdale" }, "geometry": { "type": "Polygon", "coordinates": [ [ [ 488073.558100000023842, 5451265.0603 ], [ 488323.558100000023842, 5451265.0603 ], [ 488323.558100000023842, 5451028.157117609865963 ], [ 488302.247326178534422, 5451044.769534392282367 ], [ 488267.846074220491573, 5451068.167008662596345 ], [ 488232.885837424255442, 5451089.869576347060502 ], [ 488196.254375405143946, 5451109.455550607293844 ], [ 488159.063877536042128, 5451127.346654087305069 ], [ 488120.757750962045975, 5451143.120018289424479 ], [ 488081.335960905533284, 5451156.775666266679764 ], [ 488073.558100000023842, 5451159.574912872165442 ], [ 488073.558100000023842, 5451265.0603 ] ] ] } },
{ "type": "Feature", "properties": { "grid_id": 372, "crime_count": 0.0, "name": "Kerrisdale" }, "geometry": { "type": "Polygon", "coordinates": [ [ [ 488073.558100000023842, 5451265.0603 ], [ 488073.558100000023842, 5451515.0603 ], [ 488323.558100000023842, 5451515.0603 ], [ 488323.558100000023842, 5451265.0603 ], [ 488073.558100000023842, 5451265.0603 ] ] ] } },
{ "type": "Feature", "properties": { "grid_id": 373, "crime_count": 0.0, "name": "Kerrisdale" }, "geometry": { "type": "Polygon", "coordinates": [ [ [ 488073.558100000023842, 5451515.0603 ], [ 488073.558100000023842, 5451765.0603 ], [ 488323.558100000023842, 5451765.0603 ], [ 488323.558100000023842, 5451515.0603 ], [ 488073.558100000023842, 5451515.0603 ] ] ] } },
{ "type": "Feature", "properties": { "grid_id": 374, "crime_count": 0.0, "name": "Kerrisdale" }, "geometry": { "type": "Polygon", "coordinates": [ [ [ 488073.558100000023842, 5451765.0603 ], [ 488073.558100000023842, 5452015.0603 ], [ 488323.558100000023842, 5452015.0603 ], [ 488323.558100000023842, 5451765.0603 ], [ 488073.558100000023842, 5451765.0603 ] ] ] } },
{ "type": "Feature", "properties": { "grid_id": 375, "crime_count": 0.0, "name": "Kerrisdale" }, "geometry": { "type": "Polygon", "coordinates": [ [ [ 488073.558100000023842, 5452015.0603 ], [ 488073.558100000023842, 5452265.0603 ], [ 488323.558100000023842, 5452265.0603 ], [ 488323.558100000023842, 5452015.0603 ], [ 488073.558100000023842, 5452015.0603 ] ] ] } },
{ "type": "Feature", "properties": { "grid_id": 376, "crime_count": 0.0, "name": "Kerrisdale" }, "geometry": { "type": "Polygon", "coordinates": [ [ [ 488073.558100000023842, 5452265.0603 ], [ 488073.558100000023842, 5452515.0603 ], [ 488323.558100000023842, 5452515.0603 ], [ 488323.558100000023842, 5452265.0603 ], [ 488073.558100000023842, 5452265.0603 ] ] ] } },
{ "type": "Feature", "properties": { "grid_id": 377, "crime_count": 1.0, "name": "Kerrisdale" }, "geometry": { "type": "Polygon", "coordinates": [ [ [ 488073.558100000023842, 5452515.0603 ], [ 488073.558100000023842, 5452765.0603 ], [ 488323.558100000023842, 5452765.0603 ], [ 488323.558100000023842, 5452515.0603 ], [ 488073.558100000023842, 5452515.0603 ] ] ] } },
{ "type": "Feature", "properties": { "grid_id": 378, "crime_count": 1.0, "name": "Kerrisdale" }, "geometry": { "type": "Polygon", "coordinates": [ [ [ 488073.558100000023842, 5452765.0603 ], [ 488073.558100000023842, 5453015.0603 ], [ 488323.558100000023842, 5453015.0603 ], [ 488323.558100000023842, 5452765.0603 ], [ 488073.558100000023842, 5452765.0603 ] ] ] } },
{ "type": "Feature", "properties": { "grid_id": 379, "crime_count": 0.0, "name": "Kerrisdale" }, "geometry": { "type": "Polygon", "coordinates": [ [ [ 488073.558100000023842, 5453015.0603 ], [ 488073.558100000023842, 5453265.0603 ], [ 488323.558100000023842, 5453265.0603 ], [ 488323.558100000023842, 5453015.0603 ], [ 488073.558100000023842, 5453015.0603 ] ] ] } },
{ "type": "Feature", "properties": { "grid_id": 380, "crime_count": 3.0, "name": "Kerrisdale" }, "geometry": { "type": "Polygon", "coordinates": [ [ [ 488073.558100000023842, 5453265.0603 ], [ 488073.558100000023842, 5453515.0603 ], [ 488323.558100000023842, 5453515.0603 ], [ 488323.558100000023842, 5453265.0603 ], [ 488073.558100000023842, 5453265.0603 ] ] ] } },
{ "type": "Feature", "properties": { "grid_id": 381, "crime_count": 0.0, "name": "Arbutus Ridge" }, "geometry": { "type": "Polygon", "coordinates": [ [ [ 488073.558100000023842, 5453515.0603 ], [ 488073.558100000023842, 5453765.0603 ], [ 488323.558100000023842, 5453765.0603 ], [ 488323.558100000023842, 5453515.0603 ], [ 488073.558100000023842, 5453515.0603 ] ] ] } },
{ "type": "Feature", "properties": { "grid_id": 382, "crime_count": 1.0, "name": "Arbutus Ridge" }, "geometry": { "type": "Polygon", "coordinates": [ [ [ 488073.558100000023842, 5453765.0603 ], [ 488073.558100000023842, 5454015.0603 ], [ 488323.558100000023842, 5454015.0603 ], [ 488323.558100000023842, 5453765.0603 ], [ 488073.558100000023842, 5453765.0603 ] ] ] } },
{ "type": "Feature", "properties": { "grid_id": 383, "crime_count": 1.0, "name": "Arbutus Ridge" }, "geometry": { "type": "Polygon", "coordinates": [ [ [ 488073.558100000023842, 5454015.0603 ], [ 488073.558100000023842, 5454265.0603 ], [ 488323.558100000023842, 5454265.0603 ], [ 488323.558100000023842, 5454015.0603 ], [ 488073.558100000023842, 5454015.0603 ] ] ] } },
{ "type": "Feature", "properties": { "grid_id": 384, "crime_count": 0.0, "name": "Arbutus Ridge" }, "geometry": { "type": "Polygon", "coordinates": [ [ [ 488073.558100000023842, 5454265.0603 ], [ 488073.558100000023842, 5454515.0603 ], [ 488323.558100000023842, 5454515.0603 ], [ 488323.558100000023842, 5454265.0603 ], [ 488073.558100000023842, 5454265.0603 ] ] ] } },
{ "type": "Feature", "properties": { "grid_id": 385, "crime_count": 1.0, "name": "Arbutus Ridge" }, "geometry": { "type": "Polygon", "coordinates": [ [ [ 488073.558100000023842, 5454515.0603 ], [ 488073.558100000023842, 5454765.0603 ], [ 488323.558100000023842, 5454765.0603 ], [ 488323.558100000023842, 5454515.0603 ], [ 488073.558100000023842, 5454515.0603 ] ] ] } },
{ "type": "Feature", "properties": { "grid_id": 386, "crime_count": 1.0, "name": "Arbutus Ridge" }, "geometry": { "type": "Polygon", "coordinates": [ [ [ 488073.558100000023842, 5454765.0603 ], [ 488073.558100000023842, 5455015.0603 ], [ 488323.558100000023842, 5455015.0603 ], [ 488323.558100000023842, 5454765.0603 ], [ 488073.558100000023842, 5454765.0603 ] ] ] } },
{ "type": "Feature", "properties": { "grid_id": 387, "crime_count": 0.0, "name": "Arbutus Ridge" }, "geometry": { "type": "Polygon", "coordinates": [ [ [ 488073.558100000023842, 5455015.0603 ], [ 488073.558100000023842, 5455265.0603 ], [ 488323.558100000023842, 5455265.0603 ], [ 488323.558100000023842, 5455015.0603 ], [ 488073.558100000023842, 5455015.0603 ] ] ] } },
{ "type": "Feature", "properties": { "grid_id": 388, "crime_count": 0.0, "name": "Arbutus Ridge" }, "geometry": { "type": "Polygon", "coordinates": [ [ [ 488073.558100000023842, 5455265.0603 ], [ 488073.558100000023842, 5455515.0603 ], [ 488323.558100000023842, 5455515.0603 ], [ 488323.558100000023842, 5455265.0603 ], [ 488073.558100000023842, 5455265.0603 ] ] ] } },
{ "type": "Feature", "properties": { "grid_id": 389, "crime_count": 0.0, "name": "Arbutus Ridge" }, "geometry": { "type": "Polygon", "coordinates": [ [ [ 488073.558100000023842, 5455515.0603 ], [ 488073.558100000023842, 5455765.0603 ], [ 488323.558100000023842, 5455765.0603 ], [ 488323.558100000023842, 5455515.0603 ], [ 488073.558100000023842, 5455515.0603 ] ] ] } },
{ "type": "Feature", "properties": { "grid_id": 390, "crime_count": 1.0, "name": "Arbutus Ridge" }, "geometry": { "type": "Polygon", "coordinates": [ [ [ 488073.558100000023842, 5455765.0603 ], [ 488073.558100000023842, 5456015.0603 ], [ 488323.558100000023842, 5456015.0603 ], [ 488323.558100000023842, 5455765.0603 ], [ 488073.558100000023842, 5455765.0603 ] ] ] } },
{ "type": "Feature", "properties": { "grid_id": 391, "crime_count": 0.0, "name": "Kitsilano" }, "geometry": { "type": "Polygon", "coordinates": [ [ [ 488073.558100000023842, 5456015.0603 ], [ 488073.558100000023842, 5456265.0603 ], [ 488323.558100000023842, 5456265.0603 ], [ 488323.558100000023842, 5456015.0603 ], [ 488073.558100000023842, 5456015.0603 ] ] ] } },
{ "type": "Feature", "properties": { "grid_id": 392, "crime_count": 0.0, "name": "Kitsilano" }, "geometry": { "type": "Polygon", "coordinates": [ [ [ 488073.558100000023842, 5456265.0603 ], [ 488073.558100000023842, 5456515.0603 ], [ 488323.558100000023842, 5456515.0603 ], [ 488323.558100000023842, 5456265.0603 ], [ 488073.558100000023842, 5456265.0603 ] ] ] } },
{ "type": "Feature", "properties": { "grid_id": 393, "crime_count": 5.0, "name": "Kitsilano" }, "geometry": { "type": "Polygon", "coordinates": [ [ [ 488073.558100000023842, 5456515.0603 ], [ 488073.558100000023842, 5456765.0603 ], [ 488323.558100000023842, 5456765.0603 ], [ 488323.558100000023842, 5456515.0603 ], [ 488073.558100000023842, 5456515.0603 ] ] ] } },
{ "type": "Feature", "properties": { "grid_id": 394, "crime_count": 4.0, "name": "Kitsilano" }, "geometry": { "type": "Polygon", "coordinates": [ [ [ 488073.558100000023842, 5456765.0603 ], [ 488073.558100000023842, 5457015.0603 ], [ 488323.558100000023842, 5457015.0603 ], [ 488323.558100000023842, 5456765.0603 ], [ 488073.558100000023842, 5456765.0603 ] ] ] } },
{ "type": "Feature", "properties": { "grid_id": 395, "crime_count": 0.0, "name": "Kitsilano" }, "geometry": { "type": "Polygon", "coordinates": [ [ [ 488073.558100000023842, 5457015.0603 ], [ 488073.558100000023842, 5457265.0603 ], [ 488323.558100000023842, 5457265.0603 ], [ 488323.558100000023842, 5457015.0603 ], [ 488073.558100000023842, 5457015.0603 ] ] ] } },
{ "type": "Feature", "properties": { "grid_id": 396, "crime_count": 6.0, "name": "Kitsilano" }, "geometry": { "type": "Polygon", "coordinates": [ [ [ 488073.558100000023842, 5457265.0603 ], [ 488073.558100000023842, 5457515.0603 ], [ 488323.558100000023842, 5457515.0603 ], [ 488323.558100000023842, 5457265.0603 ], [ 488073.558100000023842, 5457265.0603 ] ] ] } },
{ "type": "Feature", "properties": { "grid_id": 397, "crime_count": 2.0, "name": "Kitsilano" }, "geometry": { "type": "Polygon", "coordinates": [ [ [ 488073.558100000023842, 5457515.0603 ], [ 488073.558100000023842, 5457765.0603 ], [ 488323.558100000023842, 5457765.0603 ], [ 488323.558100000023842, 5457515.0603 ], [ 488073.558100000023842, 5457515.0603 ] ] ] } },
{ "type": "Feature", "properties": { "grid_id": 398, "crime_count": 1.0, "name": "Kitsilano" }, "geometry": { "type": "Polygon", "coordinates": [ [ [ 488073.558100000023842, 5457765.0603 ], [ 488073.558100000023842, 5458015.0603 ], [ 488323.558100000023842, 5458015.0603 ], [ 488323.558100000023842, 5457765.0603 ], [ 488073.558100000023842, 5457765.0603 ] ] ] } },
{ "type": "Feature", "properties": { "grid_id": 399, "crime_count": 0.0, "name": "Kitsilano" }, "geometry": { "type": "Polygon", "coordinates": [ [ [ 488323.558100000023842, 5458015.0603 ], [ 488073.558100000023842, 5458015.0603 ], [ 488073.558100000023842, 5458102.479971776716411 ], [ 488323.558100000023842, 5458100.511293420568109 ], [ 488323.558100000023842, 5458015.0603 ] ] ] } },
{ "type": "Feature", "properties": { "grid_id": 400, "crime_count": 0.0, "name": "Kerrisdale" }, "geometry": { "type": "Polygon", "coordinates": [ [ [ 488573.558100000023842, 5450765.0603 ], [ 488573.558100000023842, 5450751.373003944754601 ], [ 488572.247814912348986, 5450752.012695788405836 ], [ 488566.697080611775164, 5450754.992758618667722 ], [ 488561.146352304029278, 5450757.972827062942088 ], [ 488555.597390991810244, 5450761.801055180840194 ], [ 488551.344990196754225, 5450765.0603 ], [ 488573.558100000023842, 5450765.0603 ] ] ] } },
{ "type": "Feature", "properties": { "grid_id": 401, "crime_count": 0.0, "name": "Kerrisdale" }, "geometry": { "type": "Polygon", "coordinates": [ [ [ 488573.558100000023842, 5451015.0603 ], [ 488573.558100000023842, 5450765.0603 ], [ 488551.344990196754225, 5450765.0603 ], [ 488550.604125194950029, 5450765.628134626895189 ], [ 488545.611747603572439, 5450769.879295666702092 ], [ 488541.175064674229361, 5450774.129306021146476 ], [ 488536.739270548685454, 5450778.803397025913 ], [ 488532.304366256459616, 5450783.901568695902824 ], [ 488528.425155644014012, 5450788.998587449081242 ], [ 488524.545952223066706, 5450794.095608982257545 ], [ 488521.223323584708851, 5450799.615553093142807 ], [ 488500.181638629059307, 5450835.282042109407485 ], [ 488476.913971846166532, 5450869.25695186201483 ], [ 488451.422119815484621, 5450902.388464546762407 ], [ 488424.815671104297508, 5450933.826122595928609 ], [ 488396.539844946353696, 5450963.99518885742873 ], [ 488366.593753914290573, 5450992.471611681394279 ], [ 488339.929431339900475, 5451015.0603 ], [ 488573.558100000023842, 5451015.0603 ] ] ] } },
{ "type": "Feature", "properties": { "grid_id": 402, "crime_count": 0.0, "name": "Kerrisdale" }, "geometry": { "type": "Polygon", "coordinates": [ [ [ 488323.558100000023842, 5451265.0603 ], [ 488573.558100000023842, 5451265.0603 ], [ 488573.558100000023842, 5451015.0603 ], [ 488339.929431339900475, 5451015.0603 ], [ 488334.977396057103761, 5451019.255418073385954 ], [ 488323.558100000023842, 5451028.157117609865963 ], [ 488323.558100000023842, 5451265.0603 ] ] ] } },
{ "type": "Feature", "properties": { "grid_id": 403, "crime_count": 0.0, "name": "Kerrisdale" }, "geometry": { "type": "Polygon", "coordinates": [ [ [ 488323.558100000023842, 5451265.0603 ], [ 488323.558100000023842, 5451515.0603 ], [ 488573.558100000023842, 5451515.0603 ], [ 488573.558100000023842, 5451265.0603 ], [ 488323.558100000023842, 5451265.0603 ] ] ] } },
{ "type": "Feature", "properties": { "grid_id": 404, "crime_count": 1.0, "name": "Kerrisdale" }, "geometry": { "type": "Polygon", "coordinates": [ [ [ 488323.558100000023842, 5451515.0603 ], [ 488323.558100000023842, 5451765.0603 ], [ 488573.558100000023842, 5451765.0603 ], [ 488573.558100000023842, 5451515.0603 ], [ 488323.558100000023842, 5451515.0603 ] ] ] } },
{ "type": "Feature", "properties": { "grid_id": 405, "crime_count": 0.0, "name": "Kerrisdale" }, "geometry": { "type": "Polygon", "coordinates": [ [ [ 488323.558100000023842, 5451765.0603 ], [ 488323.558100000023842, 5452015.0603 ], [ 488573.558100000023842, 5452015.0603 ], [ 488573.558100000023842, 5451765.0603 ], [ 488323.558100000023842, 5451765.0603 ] ] ] } },
{ "type": "Feature", "properties": { "grid_id": 406, "crime_count": 1.0, "name": "Kerrisdale" }, "geometry": { "type": "Polygon", "coordinates": [ [ [ 488323.558100000023842, 5452015.0603 ], [ 488323.558100000023842, 5452265.0603 ], [ 488573.558100000023842, 5452265.0603 ], [ 488573.558100000023842, 5452015.0603 ], [ 488323.558100000023842, 5452015.0603 ] ] ] } },
{ "type": "Feature", "properties": { "grid_id": 407, "crime_count": 3.0, "name": "Kerrisdale" }, "geometry": { "type": "Polygon", "coordinates": [ [ [ 488323.558100000023842, 5452265.0603 ], [ 488323.558100000023842, 5452515.0603 ], [ 488573.558100000023842, 5452515.0603 ], [ 488573.558100000023842, 5452265.0603 ], [ 488323.558100000023842, 5452265.0603 ] ] ] } },
{ "type": "Feature", "properties": { "grid_id": 408, "crime_count": 1.0, "name": "Kerrisdale" }, "geometry": { "type": "Polygon", "coordinates": [ [ [ 488323.558100000023842, 5452515.0603 ], [ 488323.558100000023842, 5452765.0603 ], [ 488573.558100000023842, 5452765.0603 ], [ 488573.558100000023842, 5452515.0603 ], [ 488323.558100000023842, 5452515.0603 ] ] ] } },
{ "type": "Feature", "properties": { "grid_id": 409, "crime_count": 0.0, "name": "Kerrisdale" }, "geometry": { "type": "Polygon", "coordinates": [ [ [ 488323.558100000023842, 5452765.0603 ], [ 488323.558100000023842, 5453015.0603 ], [ 488573.558100000023842, 5453015.0603 ], [ 488573.558100000023842, 5452765.0603 ], [ 488323.558100000023842, 5452765.0603 ] ] ] } },
{ "type": "Feature", "properties": { "grid_id": 410, "crime_count": 1.0, "name": "Kerrisdale" }, "geometry": { "type": "Polygon", "coordinates": [ [ [ 488323.558100000023842, 5453015.0603 ], [ 488323.558100000023842, 5453265.0603 ], [ 488573.558100000023842, 5453265.0603 ], [ 488573.558100000023842, 5453015.0603 ], [ 488323.558100000023842, 5453015.0603 ] ] ] } },
{ "type": "Feature", "properties": { "grid_id": 411, "crime_count": 3.0, "name": "Kerrisdale" }, "geometry": { "type": "Polygon", "coordinates": [ [ [ 488323.558100000023842, 5453265.0603 ], [ 488323.558100000023842, 5453515.0603 ], [ 488573.558100000023842, 5453515.0603 ], [ 488573.558100000023842, 5453265.0603 ], [ 488323.558100000023842, 5453265.0603 ] ] ] } },
{ "type": "Feature", "properties": { "grid_id": 412, "crime_count": 13.0, "name": "Arbutus Ridge" }, "geometry": { "type": "Polygon", "coordinates": [ [ [ 488323.558100000023842, 5453515.0603 ], [ 488323.558100000023842, 5453765.0603 ], [ 488573.558100000023842, 5453765.0603 ], [ 488573.558100000023842, 5453515.0603 ], [ 488323.558100000023842, 5453515.0603 ] ] ] } },
{ "type": "Feature", "properties": { "grid_id": 413, "crime_count": 0.0, "name": "Arbutus Ridge" }, "geometry": { "type": "Polygon", "coordinates": [ [ [ 488323.558100000023842, 5453765.0603 ], [ 488323.558100000023842, 5454015.0603 ], [ 488573.558100000023842, 5454015.0603 ], [ 488573.558100000023842, 5453765.0603 ], [ 488323.558100000023842, 5453765.0603 ] ] ] } },
{ "type": "Feature", "properties": { "grid_id": 414, "crime_count": 1.0, "name": "Arbutus Ridge" }, "geometry": { "type": "Polygon", "coordinates": [ [ [ 488323.558100000023842, 5454015.0603 ], [ 488323.558100000023842, 5454265.0603 ], [ 488573.558100000023842, 5454265.0603 ], [ 488573.558100000023842, 5454015.0603 ], [ 488323.558100000023842, 5454015.0603 ] ] ] } },
{ "type": "Feature", "properties": { "grid_id": 415, "crime_count": 1.0, "name": "Arbutus Ridge" }, "geometry": { "type": "Polygon", "coordinates": [ [ [ 488323.558100000023842, 5454265.0603 ], [ 488323.558100000023842, 5454515.0603 ], [ 488573.558100000023842, 5454515.0603 ], [ 488573.558100000023842, 5454265.0603 ], [ 488323.558100000023842, 5454265.0603 ] ] ] } },
{ "type": "Feature", "properties": { "grid_id": 416, "crime_count": 0.0, "name": "Arbutus Ridge" }, "geometry": { "type": "Polygon", "coordinates": [ [ [ 488323.558100000023842, 5454515.0603 ], [ 488323.558100000023842, 5454765.0603 ], [ 488573.558100000023842, 5454765.0603 ], [ 488573.558100000023842, 5454515.0603 ], [ 488323.558100000023842, 5454515.0603 ] ] ] } },
{ "type": "Feature", "properties": { "grid_id": 417, "crime_count": 1.0, "name": "Arbutus Ridge" }, "geometry": { "type": "Polygon", "coordinates": [ [ [ 488323.558100000023842, 5454765.0603 ], [ 488323.558100000023842, 5455015.0603 ], [ 488573.558100000023842, 5455015.0603 ], [ 488573.558100000023842, 5454765.0603 ], [ 488323.558100000023842, 5454765.0603 ] ] ] } },
{ "type": "Feature", "properties": { "grid_id": 418, "crime_count": 0.0, "name": "Arbutus Ridge" }, "geometry": { "type": "Polygon", "coordinates": [ [ [ 488323.558100000023842, 5455015.0603 ], [ 488323.558100000023842, 5455265.0603 ], [ 488573.558100000023842, 5455265.0603 ], [ 488573.558100000023842, 5455015.0603 ], [ 488323.558100000023842, 5455015.0603 ] ] ] } },
{ "type": "Feature", "properties": { "grid_id": 419, "crime_count": 1.0, "name": "Arbutus Ridge" }, "geometry": { "type": "Polygon", "coordinates": [ [ [ 488323.558100000023842, 5455265.0603 ], [ 488323.558100000023842, 5455515.0603 ], [ 488573.558100000023842, 5455515.0603 ], [ 488573.558100000023842, 5455265.0603 ], [ 488323.558100000023842, 5455265.0603 ] ] ] } },
{ "type": "Feature", "properties": { "grid_id": 420, "crime_count": 2.0, "name": "Arbutus Ridge" }, "geometry": { "type": "Polygon", "coordinates": [ [ [ 488323.558100000023842, 5455515.0603 ], [ 488323.558100000023842, 5455765.0603 ], [ 488573.558100000023842, 5455765.0603 ], [ 488573.558100000023842, 5455515.0603 ], [ 488323.558100000023842, 5455515.0603 ] ] ] } },
{ "type": "Feature", "properties": { "grid_id": 421, "crime_count": 1.0, "name": "Arbutus Ridge" }, "geometry": { "type": "Polygon", "coordinates": [ [ [ 488323.558100000023842, 5455765.0603 ], [ 488323.558100000023842, 5456015.0603 ], [ 488573.558100000023842, 5456015.0603 ], [ 488573.558100000023842, 5455765.0603 ], [ 488323.558100000023842, 5455765.0603 ] ] ] } },
{ "type": "Feature", "properties": { "grid_id": 422, "crime_count": 3.0, "name": "Kitsilano" }, "geometry": { "type": "Polygon", "coordinates": [ [ [ 488323.558100000023842, 5456015.0603 ], [ 488323.558100000023842, 5456265.0603 ], [ 488573.558100000023842, 5456265.0603 ], [ 488573.558100000023842, 5456015.0603 ], [ 488323.558100000023842, 5456015.0603 ] ] ] } },
{ "type": "Feature", "properties": { "grid_id": 423, "crime_count": 1.0, "name": "Kitsilano" }, "geometry": { "type": "Polygon", "coordinates": [ [ [ 488323.558100000023842, 5456265.0603 ], [ 488323.558100000023842, 5456515.0603 ], [ 488573.558100000023842, 5456515.0603 ], [ 488573.558100000023842, 5456265.0603 ], [ 488323.558100000023842, 5456265.0603 ] ] ] } },
{ "type": "Feature", "properties": { "grid_id": 424, "crime_count": 1.0, "name": "Kitsilano" }, "geometry": { "type": "Polygon", "coordinates": [ [ [ 488323.558100000023842, 5456515.0603 ], [ 488323.558100000023842, 5456765.0603 ], [ 488573.558100000023842, 5456765.0603 ], [ 488573.558100000023842, 5456515.0603 ], [ 488323.558100000023842, 5456515.0603 ] ] ] } },
{ "type": "Feature", "properties": { "grid_id": 425, "crime_count": 7.0, "name": "Kitsilano" }, "geometry": { "type": "Polygon", "coordinates": [ [ [ 488323.558100000023842, 5456765.0603 ], [ 488323.558100000023842, 5457015.0603 ], [ 488573.558100000023842, 5457015.0603 ], [ 488573.558100000023842, 5456765.0603 ], [ 488323.558100000023842, 5456765.0603 ] ] ] } },
{ "type": "Feature", "properties": { "grid_id": 426, "crime_count": 3.0, "name": "Kitsilano" }, "geometry": { "type": "Polygon", "coordinates": [ [ [ 488323.558100000023842, 5457015.0603 ], [ 488323.558100000023842, 5457265.0603 ], [ 488573.558100000023842, 5457265.0603 ], [ 488573.558100000023842, 5457015.0603 ], [ 488323.558100000023842, 5457015.0603 ] ] ] } },
{ "type": "Feature", "properties": { "grid_id": 427, "crime_count": 11.0, "name": "Kitsilano" }, "geometry": { "type": "Polygon", "coordinates": [ [ [ 488323.558100000023842, 5457265.0603 ], [ 488323.558100000023842, 5457515.0603 ], [ 488573.558100000023842, 5457515.0603 ], [ 488573.558100000023842, 5457265.0603 ], [ 488323.558100000023842, 5457265.0603 ] ] ] } },
{ "type": "Feature", "properties": { "grid_id": 428, "crime_count": 1.0, "name": "Kitsilano" }, "geometry": { "type": "Polygon", "coordinates": [ [ [ 488323.558100000023842, 5457515.0603 ], [ 488323.558100000023842, 5457765.0603 ], [ 488573.558100000023842, 5457765.0603 ], [ 488573.558100000023842, 5457515.0603 ], [ 488323.558100000023842, 5457515.0603 ] ] ] } },
{ "type": "Feature", "properties": { "grid_id": 429, "crime_count": 0.0, "name": "Kitsilano" }, "geometry": { "type": "Polygon", "coordinates": [ [ [ 488323.558100000023842, 5457765.0603 ], [ 488323.558100000023842, 5458015.0603 ], [ 488573.558100000023842, 5458015.0603 ], [ 488573.558100000023842, 5457765.0603 ], [ 488323.558100000023842, 5457765.0603 ] ] ] } },
{ "type": "Feature", "properties": { "grid_id": 430, "crime_count": 0.0, "name": "Kitsilano" }, "geometry": { "type": "Polygon", "coordinates": [ [ [ 488573.558100000023842, 5458265.0603 ], [ 488573.558100000023842, 5458015.0603 ], [ 488323.558100000023842, 5458015.0603 ], [ 488323.558100000023842, 5458100.511293420568109 ], [ 488383.26793628273299, 5458100.041095570661128 ], [ 488543.802519820223097, 5458265.0603 ], [ 488573.558100000023842, 5458265.0603 ] ] ] } },
{ "type": "Feature", "properties": { "grid_id": 431, "crime_count": 0.0, "name": "Kitsilano" }, "geometry": { "type": "Polygon", "coordinates": [ [ [ 488573.558100000023842, 5458265.0603 ], [ 488543.802519820223097, 5458265.0603 ], [ 488573.558100000023842, 5458295.647118493914604 ], [ 488573.558100000023842, 5458265.0603 ] ] ] } },
{ "type": "Feature", "properties": { "grid_id": 432, "crime_count": 0.0, "name": "Kerrisdale" }, "geometry": { "type": "Polygon", "coordinates": [ [ [ 488573.558100000023842, 5450765.0603 ], [ 488823.558100000023842, 5450765.0603 ], [ 488823.558100000023842, 5450527.459199429489672 ], [ 488688.816359551041387, 5450690.280826893635094 ], [ 488685.491762613120954, 5450694.952516746707261 ], [ 488682.167171327630058, 5450699.624208649620414 ], [ 488678.286891713098157, 5450704.297043954022229 ], [ 488674.405747345124837, 5450708.545805037021637 ], [ 488669.968044157489203, 5450712.371634082868695 ], [ 488665.530347134161275, 5450716.197466732002795 ], [ 488661.092656271357555, 5450720.023302987217903 ], [ 488656.098406803444959, 5450723.426209432072937 ], [ 488651.103290352970362, 5450726.405043420381844 ], [ 488646.108179296075832, 5450729.383881954476237 ], [ 488641.112199714290909, 5450731.938648022711277 ], [ 488635.004842875932809, 5450734.495710032992065 ], [ 488628.896616832236759, 5450736.628701805137098 ], [ 488622.231829615251627, 5450738.33877036254853 ], [ 488616.121861049206927, 5450739.62362227961421 ], [ 488609.456205013440922, 5450740.909629280678928 ], [ 488603.345365406072233, 5450741.77041834872216 ], [ 488596.679714894329663, 5450743.056440811604261 ], [ 488590.570635224808939, 5450744.765398102812469 ], [ 488584.462437601236161, 5450746.898439195938408 ], [ 488578.354244683461729, 5450749.031487076543272 ], [ 488573.558100000023842, 5450751.373003944754601 ], [ 488573.558100000023842, 5450765.0603 ] ] ] } },
{ "type": "Feature", "properties": { "grid_id": 433, "crime_count": 0.0, "name": "Kerrisdale" }, "geometry": { "type": "Polygon", "coordinates": [ [ [ 488573.558100000023842, 5450765.0603 ], [ 488573.558100000023842, 5451015.0603 ], [ 488823.558100000023842, 5451015.0603 ], [ 488823.558100000023842, 5450765.0603 ], [ 488573.558100000023842, 5450765.0603 ] ] ] } },
{ "type": "Feature", "properties": { "grid_id": 434, "crime_count": 0.0, "name": "Kerrisdale" }, "geometry": { "type": "Polygon", "coordinates": [ [ [ 488573.558100000023842, 5451015.0603 ], [ 488573.558100000023842, 5451265.0603 ], [ 488823.558100000023842, 5451265.0603 ], [ 488823.558100000023842, 5451015.0603 ], [ 488573.558100000023842, 5451015.0603 ] ] ] } },
{ "type": "Feature", "properties": { "grid_id": 435, "crime_count": 1.0, "name": "Kerrisdale" }, "geometry": { "type": "Polygon", "coordinates": [ [ [ 488573.558100000023842, 5451265.0603 ], [ 488573.558100000023842, 5451515.0603 ], [ 488823.558100000023842, 5451515.0603 ], [ 488823.558100000023842, 5451265.0603 ], [ 488573.558100000023842, 5451265.0603 ] ] ] } },
{ "type": "Feature", "properties": { "grid_id": 436, "crime_count": 0.0, "name": "Kerrisdale" }, "geometry": { "type": "Polygon", "coordinates": [ [ [ 488573.558100000023842, 5451515.0603 ], [ 488573.558100000023842, 5451765.0603 ], [ 488823.558100000023842, 5451765.0603 ], [ 488823.558100000023842, 5451515.0603 ], [ 488573.558100000023842, 5451515.0603 ] ] ] } },
{ "type": "Feature", "properties": { "grid_id": 437, "crime_count": 1.0, "name": "Kerrisdale" }, "geometry": { "type": "Polygon", "coordinates": [ [ [ 488573.558100000023842, 5451765.0603 ], [ 488573.558100000023842, 5452015.0603 ], [ 488823.558100000023842, 5452015.0603 ], [ 488823.558100000023842, 5451765.0603 ], [ 488573.558100000023842, 5451765.0603 ] ] ] } },
{ "type": "Feature", "properties": { "grid_id": 438, "crime_count": 3.0, "name": "Kerrisdale" }, "geometry": { "type": "Polygon", "coordinates": [ [ [ 488573.558100000023842, 5452015.0603 ], [ 488573.558100000023842, 5452265.0603 ], [ 488823.558100000023842, 5452265.0603 ], [ 488823.558100000023842, 5452015.0603 ], [ 488573.558100000023842, 5452015.0603 ] ] ] } },
{ "type": "Feature", "properties": { "grid_id": 439, "crime_count": 0.0, "name": "Kerrisdale" }, "geometry": { "type": "Polygon", "coordinates": [ [ [ 488573.558100000023842, 5452265.0603 ], [ 488573.558100000023842, 5452515.0603 ], [ 488823.558100000023842, 5452515.0603 ], [ 488823.558100000023842, 5452265.0603 ], [ 488573.558100000023842, 5452265.0603 ] ] ] } },
{ "type": "Feature", "properties": { "grid_id": 440, "crime_count": 0.0, "name": "Kerrisdale" }, "geometry": { "type": "Polygon", "coordinates": [ [ [ 488573.558100000023842, 5452515.0603 ], [ 488573.558100000023842, 5452765.0603 ], [ 488823.558100000023842, 5452765.0603 ], [ 488823.558100000023842, 5452515.0603 ], [ 488573.558100000023842, 5452515.0603 ] ] ] } },
{ "type": "Feature", "properties": { "grid_id": 441, "crime_count": 5.0, "name": "Kerrisdale" }, "geometry": { "type": "Polygon", "coordinates": [ [ [ 488573.558100000023842, 5452765.0603 ], [ 488573.558100000023842, 5453015.0603 ], [ 488823.558100000023842, 5453015.0603 ], [ 488823.558100000023842, 5452765.0603 ], [ 488573.558100000023842, 5452765.0603 ] ] ] } },
{ "type": "Feature", "properties": { "grid_id": 442, "crime_count": 2.0, "name": "Kerrisdale" }, "geometry": { "type": "Polygon", "coordinates": [ [ [ 488573.558100000023842, 5453015.0603 ], [ 488573.558100000023842, 5453265.0603 ], [ 488823.558100000023842, 5453265.0603 ], [ 488823.558100000023842, 5453015.0603 ], [ 488573.558100000023842, 5453015.0603 ] ] ] } },
{ "type": "Feature", "properties": { "grid_id": 443, "crime_count": 22.0, "name": "Kerrisdale" }, "geometry": { "type": "Polygon", "coordinates": [ [ [ 488573.558100000023842, 5453265.0603 ], [ 488573.558100000023842, 5453515.0603 ], [ 488823.558100000023842, 5453515.0603 ], [ 488823.558100000023842, 5453265.0603 ], [ 488573.558100000023842, 5453265.0603 ] ] ] } },
{ "type": "Feature", "properties": { "grid_id": 444, "crime_count": 12.0, "name": "Arbutus Ridge" }, "geometry": { "type": "Polygon", "coordinates": [ [ [ 488573.558100000023842, 5453515.0603 ], [ 488573.558100000023842, 5453765.0603 ], [ 488823.558100000023842, 5453765.0603 ], [ 488823.558100000023842, 5453515.0603 ], [ 488573.558100000023842, 5453515.0603 ] ] ] } },
{ "type": "Feature", "properties": { "grid_id": 445, "crime_count": 5.0, "name": "Arbutus Ridge" }, "geometry": { "type": "Polygon", "coordinates": [ [ [ 488573.558100000023842, 5453765.0603 ], [ 488573.558100000023842, 5454015.0603 ], [ 488823.558100000023842, 5454015.0603 ], [ 488823.558100000023842, 5453765.0603 ], [ 488573.558100000023842, 5453765.0603 ] ] ] } },
{ "type": "Feature", "properties": { "grid_id": 446, "crime_count": 0.0, "name": "Arbutus Ridge" }, "geometry": { "type": "Polygon", "coordinates": [ [ [ 488573.558100000023842, 5454015.0603 ], [ 488573.558100000023842, 5454265.0603 ], [ 488823.558100000023842, 5454265.0603 ], [ 488823.558100000023842, 5454015.0603 ], [ 488573.558100000023842, 5454015.0603 ] ] ] } },
{ "type": "Feature", "properties": { "grid_id": 447, "crime_count": 0.0, "name": "Arbutus Ridge" }, "geometry": { "type": "Polygon", "coordinates": [ [ [ 488573.558100000023842, 5454265.0603 ], [ 488573.558100000023842, 5454515.0603 ], [ 488823.558100000023842, 5454515.0603 ], [ 488823.558100000023842, 5454265.0603 ], [ 488573.558100000023842, 5454265.0603 ] ] ] } },
{ "type": "Feature", "properties": { "grid_id": 448, "crime_count": 2.0, "name": "Arbutus Ridge" }, "geometry": { "type": "Polygon", "coordinates": [ [ [ 488573.558100000023842, 5454515.0603 ], [ 488573.558100000023842, 5454765.0603 ], [ 488823.558100000023842, 5454765.0603 ], [ 488823.558100000023842, 5454515.0603 ], [ 488573.558100000023842, 5454515.0603 ] ] ] } },
{ "type": "Feature", "properties": { "grid_id": 449, "crime_count": 1.0, "name": "Arbutus Ridge" }, "geometry": { "type": "Polygon", "coordinates": [ [ [ 488573.558100000023842, 5454765.0603 ], [ 488573.558100000023842, 5455015.0603 ], [ 488823.558100000023842, 5455015.0603 ], [ 488823.558100000023842, 5454765.0603 ], [ 488573.558100000023842, 5454765.0603 ] ] ] } },
{ "type": "Feature", "properties": { "grid_id": 450, "crime_count": 3.0, "name": "Arbutus Ridge" }, "geometry": { "type": "Polygon", "coordinates": [ [ [ 488573.558100000023842, 5455015.0603 ], [ 488573.558100000023842, 5455265.0603 ], [ 488823.558100000023842, 5455265.0603 ], [ 488823.558100000023842, 5455015.0603 ], [ 488573.558100000023842, 5455015.0603 ] ] ] } },
{ "type": "Feature", "properties": { "grid_id": 451, "crime_count": 2.0, "name": "Arbutus Ridge" }, "geometry": { "type": "Polygon", "coordinates": [ [ [ 488573.558100000023842, 5455265.0603 ], [ 488573.558100000023842, 5455515.0603 ], [ 488823.558100000023842, 5455515.0603 ], [ 488823.558100000023842, 5455265.0603 ], [ 488573.558100000023842, 5455265.0603 ] ] ] } },
{ "type": "Feature", "properties": { "grid_id": 452, "crime_count": 1.0, "name": "Arbutus Ridge" }, "geometry": { "type": "Polygon", "coordinates": [ [ [ 488573.558100000023842, 5455515.0603 ], [ 488573.558100000023842, 5455765.0603 ], [ 488823.558100000023842, 5455765.0603 ], [ 488823.558100000023842, 5455515.0603 ], [ 488573.558100000023842, 5455515.0603 ] ] ] } },
{ "type": "Feature", "properties": { "grid_id": 453, "crime_count": 0.0, "name": "Arbutus Ridge" }, "geometry": { "type": "Polygon", "coordinates": [ [ [ 488573.558100000023842, 5455765.0603 ], [ 488573.558100000023842, 5456015.0603 ], [ 488823.558100000023842, 5456015.0603 ], [ 488823.558100000023842, 5455765.0603 ], [ 488573.558100000023842, 5455765.0603 ] ] ] } },
{ "type": "Feature", "properties": { "grid_id": 454, "crime_count": 0.0, "name": "Kitsilano" }, "geometry": { "type": "Polygon", "coordinates": [ [ [ 488823.558100000023842, 5456015.0603 ], [ 488573.558100000023842, 5456015.0603 ], [ 488573.558100000023842, 5456265.0603 ], [ 488823.558100000023842, 5456265.0603 ], [ 488823.558100000023842, 5456064.170872989110649 ], [ 488755.797242433356587, 5456065.940875843167305 ], [ 488823.558100000023842, 5456064.094562340527773 ], [ 488823.558100000023842, 5456015.0603 ] ] ] } },
{ "type": "Feature", "properties": { "grid_id": 455, "crime_count": 0.0, "name": "Kitsilano" }, "geometry": { "type": "Polygon", "coordinates": [ [ [ 488573.558100000023842, 5456265.0603 ], [ 488573.558100000023842, 5456515.0603 ], [ 488823.558100000023842, 5456515.0603 ], [ 488823.558100000023842, 5456265.0603 ], [ 488573.558100000023842, 5456265.0603 ] ] ] } },
{ "type": "Feature", "properties": { "grid_id": 456, "crime_count": 2.0, "name": "Kitsilano" }, "geometry": { "type": "Polygon", "coordinates": [ [ [ 488573.558100000023842, 5456515.0603 ], [ 488573.558100000023842, 5456765.0603 ], [ 488823.558100000023842, 5456765.0603 ], [ 488823.558100000023842, 5456515.0603 ], [ 488573.558100000023842, 5456515.0603 ] ] ] } },
{ "type": "Feature", "properties": { "grid_id": 457, "crime_count": 43.0, "name": "Kitsilano" }, "geometry": { "type": "Polygon", "coordinates": [ [ [ 488573.558100000023842, 5456765.0603 ], [ 488573.558100000023842, 5457015.0603 ], [ 488823.558100000023842, 5457015.0603 ], [ 488823.558100000023842, 5456765.0603 ], [ 488573.558100000023842, 5456765.0603 ] ] ] } },
{ "type": "Feature", "properties": { "grid_id": 458, "crime_count": 4.0, "name": "Kitsilano" }, "geometry": { "type": "Polygon", "coordinates": [ [ [ 488573.558100000023842, 5457015.0603 ], [ 488573.558100000023842, 5457265.0603 ], [ 488823.558100000023842, 5457265.0603 ], [ 488823.558100000023842, 5457015.0603 ], [ 488573.558100000023842, 5457015.0603 ] ] ] } },
{ "type": "Feature", "properties": { "grid_id": 459, "crime_count": 19.0, "name": "Kitsilano" }, "geometry": { "type": "Polygon", "coordinates": [ [ [ 488573.558100000023842, 5457265.0603 ], [ 488573.558100000023842, 5457515.0603 ], [ 488823.558100000023842, 5457515.0603 ], [ 488823.558100000023842, 5457265.0603 ], [ 488573.558100000023842, 5457265.0603 ] ] ] } },
{ "type": "Feature", "properties": { "grid_id": 460, "crime_count": 3.0, "name": "Kitsilano" }, "geometry": { "type": "Polygon", "coordinates": [ [ [ 488573.558100000023842, 5457515.0603 ], [ 488573.558100000023842, 5457765.0603 ], [ 488823.558100000023842, 5457765.0603 ], [ 488823.558100000023842, 5457515.0603 ], [ 488573.558100000023842, 5457515.0603 ] ] ] } },
{ "type": "Feature", "properties": { "grid_id": 461, "crime_count": 2.0, "name": "Kitsilano" }, "geometry": { "type": "Polygon", "coordinates": [ [ [ 488573.558100000023842, 5457765.0603 ], [ 488573.558100000023842, 5458015.0603 ], [ 488823.558100000023842, 5458015.0603 ], [ 488823.558100000023842, 5457765.0603 ], [ 488573.558100000023842, 5457765.0603 ] ] ] } },
{ "type": "Feature", "properties": { "grid_id": 462, "crime_count": 0.0, "name": "Kitsilano" }, "geometry": { "type": "Polygon", "coordinates": [ [ [ 488573.558100000023842, 5458015.0603 ], [ 488573.558100000023842, 5458265.0603 ], [ 488823.558100000023842, 5458265.0603 ], [ 488823.558100000023842, 5458015.0603 ], [ 488573.558100000023842, 5458015.0603 ] ] ] } },
{ "type": "Feature", "properties": { "grid_id": 463, "crime_count": 0.0, "name": "Kitsilano" }, "geometry": { "type": "Polygon", "coordinates": [ [ [ 488823.558100000023842, 5458515.0603 ], [ 488823.558100000023842, 5458265.0603 ], [ 488573.558100000023842, 5458265.0603 ], [ 488573.558100000023842, 5458295.647118493914604 ], [ 488787.008430448360741, 5458515.0603 ], [ 488823.558100000023842, 5458515.0603 ] ] ] } },
{ "type": "Feature", "properties": { "grid_id": 464, "crime_count": 0.0, "name": "Kitsilano" }, "geometry": { "type": "Polygon", "coordinates": [ [ [ 488823.558100000023842, 5458515.0603 ], [ 488787.008430448360741, 5458515.0603 ], [ 488823.558100000023842, 5458552.631004447117448 ], [ 488823.558100000023842, 5458515.0603 ] ] ] } },
{ "type": "Feature", "properties": { "grid_id": 465, "crime_count": 0.0, "name": "Kerrisdale" }, "geometry": { "type": "Polygon", "coordinates": [ [ [ 489073.558100000023842, 5450265.0603 ], [ 489073.558100000023842, 5450236.274764236062765 ], [ 489009.186840675363783, 5450265.0603 ], [ 489073.558100000023842, 5450265.0603 ] ] ] } },
{ "type": "Feature", "properties": { "grid_id": 466, "crime_count": 0.0, "name": "Kerrisdale" }, "geometry": { "type": "Polygon", "coordinates": [ [ [ 489073.558100000023842, 5450515.0603 ], [ 489073.558100000023842, 5450265.0603 ], [ 489009.186840675363783, 5450265.0603 ], [ 488974.736719947250094, 5450280.465702856890857 ], [ 488966.967440145381261, 5450285.994265965186059 ], [ 488959.199025243753567, 5450291.946916832588613 ], [ 488951.987211898958776, 5450298.322541704401374 ], [ 488945.331999855698086, 5450305.121138415299356 ], [ 488938.677655152918305, 5450312.343820004723966 ], [ 488932.579912011686247, 5450319.989470767788589 ], [ 488927.037917730864137, 5450327.634012117050588 ], [ 488922.052522191894241, 5450335.701519131660461 ], [ 488917.067993872333318, 5450344.193107546307147 ], [ 488912.639210353780072, 5450352.683582871221006 ], [ 488908.76616906869458, 5450361.172943758778274 ], [ 488905.450574409915134, 5450370.509342609904706 ], [ 488902.134137325570919, 5450379.421666814945638 ], [ 488899.930016536265612, 5450388.75583185441792 ], [ 488897.725903297425248, 5450398.08999792393297 ], [ 488896.633245349221397, 5450407.421926252543926 ], [ 488894.428290986805223, 5450416.33201711345464 ], [ 488892.223343828984071, 5450425.242108992300928 ], [ 488889.461827970051672, 5450433.729245087131858 ], [ 488885.588879952381831, 5450442.218623472377658 ], [ 488881.715943926363252, 5450450.708004710264504 ], [ 488877.286445565929171, 5450458.774433215148747 ], [ 488872.856104210717604, 5450466.416788548231125 ], [ 488867.314340867218561, 5450474.061392027884722 ], [ 488861.771736065449659, 5450481.281924334354699 ], [ 488833.818710428662598, 5450515.0603 ], [ 489073.558100000023842, 5450515.0603 ] ] ] } },
{ "type": "Feature", "properties": { "grid_id": 467, "crime_count": 0.0, "name": "Kerrisdale" }, "geometry": { "type": "Polygon", "coordinates": [ [ [ 488823.558100000023842, 5450765.0603 ], [ 489073.558100000023842, 5450765.0603 ], [ 489073.558100000023842, 5450515.0603 ], [ 488833.818710428662598, 5450515.0603 ], [ 488823.558100000023842, 5450527.459199429489672 ], [ 488823.558100000023842, 5450765.0603 ] ] ] } },
{ "type": "Feature", "properties": { "grid_id": 468, "crime_count": 2.0, "name": "Kerrisdale" }, "geometry": { "type": "Polygon", "coordinates": [ [ [ 488823.558100000023842, 5450765.0603 ], [ 488823.558100000023842, 5451015.0603 ], [ 489073.558100000023842, 5451015.0603 ], [ 489073.558100000023842, 5450765.0603 ], [ 488823.558100000023842, 5450765.0603 ] ] ] } },
{ "type": "Feature", "properties": { "grid_id": 469, "crime_count": 1.0, "name": "Kerrisdale" }, "geometry": { "type": "Polygon", "coordinates": [ [ [ 488823.558100000023842, 5451015.0603 ], [ 488823.558100000023842, 5451265.0603 ], [ 489073.558100000023842, 5451265.0603 ], [ 489073.558100000023842, 5451015.0603 ], [ 488823.558100000023842, 5451015.0603 ] ] ] } },
{ "type": "Feature", "properties": { "grid_id": 470, "crime_count": 2.0, "name": "Kerrisdale" }, "geometry": { "type": "Polygon", "coordinates": [ [ [ 488823.558100000023842, 5451265.0603 ], [ 488823.558100000023842, 5451515.0603 ], [ 489073.558100000023842, 5451515.0603 ], [ 489073.558100000023842, 5451265.0603 ], [ 488823.558100000023842, 5451265.0603 ] ] ] } },
{ "type": "Feature", "properties": { "grid_id": 471, "crime_count": 1.0, "name": "Kerrisdale" }, "geometry": { "type": "Polygon", "coordinates": [ [ [ 488823.558100000023842, 5451515.0603 ], [ 488823.558100000023842, 5451765.0603 ], [ 489073.558100000023842, 5451765.0603 ], [ 489073.558100000023842, 5451515.0603 ], [ 488823.558100000023842, 5451515.0603 ] ] ] } },
{ "type": "Feature", "properties": { "grid_id": 472, "crime_count": 0.0, "name": "Kerrisdale" }, "geometry": { "type": "Polygon", "coordinates": [ [ [ 488823.558100000023842, 5451765.0603 ], [ 488823.558100000023842, 5452015.0603 ], [ 489073.558100000023842, 5452015.0603 ], [ 489073.558100000023842, 5451765.0603 ], [ 488823.558100000023842, 5451765.0603 ] ] ] } },
{ "type": "Feature", "properties": { "grid_id": 473, "crime_count": 0.0, "name": "Kerrisdale" }, "geometry": { "type": "Polygon", "coordinates": [ [ [ 488823.558100000023842, 5452015.0603 ], [ 488823.558100000023842, 5452265.0603 ], [ 489073.558100000023842, 5452265.0603 ], [ 489073.558100000023842, 5452015.0603 ], [ 488823.558100000023842, 5452015.0603 ] ] ] } },
{ "type": "Feature", "properties": { "grid_id": 474, "crime_count": 1.0, "name": "Kerrisdale" }, "geometry": { "type": "Polygon", "coordinates": [ [ [ 488823.558100000023842, 5452265.0603 ], [ 488823.558100000023842, 5452515.0603 ], [ 489073.558100000023842, 5452515.0603 ], [ 489073.558100000023842, 5452265.0603 ], [ 488823.558100000023842, 5452265.0603 ] ] ] } },
{ "type": "Feature", "properties": { "grid_id": 475, "crime_count": 2.0, "name": "Kerrisdale" }, "geometry": { "type": "Polygon", "coordinates": [ [ [ 488823.558100000023842, 5452515.0603 ], [ 488823.558100000023842, 5452765.0603 ], [ 489073.558100000023842, 5452765.0603 ], [ 489073.558100000023842, 5452515.0603 ], [ 488823.558100000023842, 5452515.0603 ] ] ] } },
{ "type": "Feature", "properties": { "grid_id": 476, "crime_count": 7.0, "name": "Kerrisdale" }, "geometry": { "type": "Polygon", "coordinates": [ [ [ 488823.558100000023842, 5452765.0603 ], [ 488823.558100000023842, 5453015.0603 ], [ 489073.558100000023842, 5453015.0603 ], [ 489073.558100000023842, 5452765.0603 ], [ 488823.558100000023842, 5452765.0603 ] ] ] } },
{ "type": "Feature", "properties": { "grid_id": 477, "crime_count": 0.0, "name": "Kerrisdale" }, "geometry": { "type": "Polygon", "coordinates": [ [ [ 488823.558100000023842, 5453015.0603 ], [ 488823.558100000023842, 5453265.0603 ], [ 489073.558100000023842, 5453265.0603 ], [ 489073.558100000023842, 5453015.0603 ], [ 488823.558100000023842, 5453015.0603 ] ] ] } },
{ "type": "Feature", "properties": { "grid_id": 478, "crime_count": 0.0, "name": "Kerrisdale" }, "geometry": { "type": "Polygon", "coordinates": [ [ [ 488823.558100000023842, 5453265.0603 ], [ 488823.558100000023842, 5453515.0603 ], [ 489073.558100000023842, 5453515.0603 ], [ 489073.558100000023842, 5453265.0603 ], [ 488823.558100000023842, 5453265.0603 ] ] ] } },
{ "type": "Feature", "properties": { "grid_id": 479, "crime_count": 4.0, "name": "Shaughnessy" }, "geometry": { "type": "Polygon", "coordinates": [ [ [ 488823.558100000023842, 5453515.0603 ], [ 488823.558100000023842, 5453765.0603 ], [ 489073.558100000023842, 5453765.0603 ], [ 489073.558100000023842, 5453515.0603 ], [ 488823.558100000023842, 5453515.0603 ] ] ] } },
{ "type": "Feature", "properties": { "grid_id": 480, "crime_count": 0.0, "name": "Shaughnessy" }, "geometry": { "type": "Polygon", "coordinates": [ [ [ 488823.558100000023842, 5453765.0603 ], [ 488823.558100000023842, 5454015.0603 ], [ 489073.558100000023842, 5454015.0603 ], [ 489073.558100000023842, 5453765.0603 ], [ 488823.558100000023842, 5453765.0603 ] ] ] } },
{ "type": "Feature", "properties": { "grid_id": 481, "crime_count": 0.0, "name": "Shaughnessy" }, "geometry": { "type": "Polygon", "coordinates": [ [ [ 488823.558100000023842, 5454015.0603 ], [ 488823.558100000023842, 5454265.0603 ], [ 489073.558100000023842, 5454265.0603 ], [ 489073.558100000023842, 5454015.0603 ], [ 488823.558100000023842, 5454015.0603 ] ] ] } },
{ "type": "Feature", "properties": { "grid_id": 482, "crime_count": 2.0, "name": "Arbutus Ridge" }, "geometry": { "type": "Polygon", "coordinates": [ [ [ 488823.558100000023842, 5454265.0603 ], [ 488823.558100000023842, 5454515.0603 ], [ 489073.558100000023842, 5454515.0603 ], [ 489073.558100000023842, 5454265.0603 ], [ 488823.558100000023842, 5454265.0603 ] ] ] } },
{ "type": "Feature", "properties": { "grid_id": 483, "crime_count": 2.0, "name": "Arbutus Ridge" }, "geometry": { "type": "Polygon", "coordinates": [ [ [ 488823.558100000023842, 5454515.0603 ], [ 488823.558100000023842, 5454765.0603 ], [ 489073.558100000023842, 5454765.0603 ], [ 489073.558100000023842, 5454515.0603 ], [ 488823.558100000023842, 5454515.0603 ] ] ] } },
{ "type": "Feature", "properties": { "grid_id": 484, "crime_count": 0.0, "name": "Arbutus Ridge" }, "geometry": { "type": "Polygon", "coordinates": [ [ [ 488823.558100000023842, 5454765.0603 ], [ 488823.558100000023842, 5455015.0603 ], [ 489073.558100000023842, 5455015.0603 ], [ 489073.558100000023842, 5454765.0603 ], [ 488823.558100000023842, 5454765.0603 ] ] ] } },
{ "type": "Feature", "properties": { "grid_id": 485, "crime_count": 7.0, "name": "Arbutus Ridge" }, "geometry": { "type": "Polygon", "coordinates": [ [ [ 488823.558100000023842, 5455015.0603 ], [ 488823.558100000023842, 5455265.0603 ], [ 489073.558100000023842, 5455265.0603 ], [ 489073.558100000023842, 5455015.0603 ], [ 488823.558100000023842, 5455015.0603 ] ] ] } },
{ "type": "Feature", "properties": { "grid_id": 486, "crime_count": 3.0, "name": "Shaughnessy" }, "geometry": { "type": "Polygon", "coordinates": [ [ [ 488823.558100000023842, 5455265.0603 ], [ 488823.558100000023842, 5455515.0603 ], [ 489073.558100000023842, 5455515.0603 ], [ 489073.558100000023842, 5455265.0603 ], [ 488823.558100000023842, 5455265.0603 ] ] ] } },
{ "type": "Feature", "properties": { "grid_id": 487, "crime_count": 0.0, "name": "Shaughnessy" }, "geometry": { "type": "Polygon", "coordinates": [ [ [ 488823.558100000023842, 5455515.0603 ], [ 488823.558100000023842, 5455765.0603 ], [ 489073.558100000023842, 5455765.0603 ], [ 489073.558100000023842, 5455515.0603 ], [ 488823.558100000023842, 5455515.0603 ] ] ] } },
{ "type": "Feature", "properties": { "grid_id": 488, "crime_count": 0.0, "name": "Shaughnessy" }, "geometry": { "type": "Polygon", "coordinates": [ [ [ 488823.558100000023842, 5455765.0603 ], [ 488823.558100000023842, 5456015.0603 ], [ 489073.558100000023842, 5456015.0603 ], [ 489073.558100000023842, 5455765.0603 ], [ 488823.558100000023842, 5455765.0603 ] ] ] } },
{ "type": "Feature", "properties": { "grid_id": 489, "crime_count": 2.0, "name": "Shaughnessy" }, "geometry": { "type": "MultiPolygon", "coordinates": [ [ [ [ 489073.558100000023842, 5456015.0603 ], [ 488823.558100000023842, 5456015.0603 ], [ 488823.558100000023842, 5456064.094562340527773 ], [ 488896.368903132155538, 5456062.110650480724871 ], [ 489073.558100000023842, 5456057.540583830326796 ], [ 489073.558100000023842, 5456015.0603 ] ] ], [ [ [ 488823.558100000023842, 5456265.0603 ], [ 489073.558100000023842, 5456265.0603 ], [ 489073.558100000023842, 5456057.640543691813946 ], [ 488823.558100000023842, 5456064.170872989110649 ], [ 488823.558100000023842, 5456265.0603 ] ] ] ] } },
{ "type": "Feature", "properties": { "grid_id": 490, "crime_count": 5.0, "name": "Kitsilano" }, "geometry": { "type": "Polygon", "coordinates": [ [ [ 488823.558100000023842, 5456265.0603 ], [ 488823.558100000023842, 5456515.0603 ], [ 489073.558100000023842, 5456515.0603 ], [ 489073.558100000023842, 5456265.0603 ], [ 488823.558100000023842, 5456265.0603 ] ] ] } },
{ "type": "Feature", "properties": { "grid_id": 491, "crime_count": 5.0, "name": "Kitsilano" }, "geometry": { "type": "Polygon", "coordinates": [ [ [ 488823.558100000023842, 5456515.0603 ], [ 488823.558100000023842, 5456765.0603 ], [ 489073.558100000023842, 5456765.0603 ], [ 489073.558100000023842, 5456515.0603 ], [ 488823.558100000023842, 5456515.0603 ] ] ] } },
{ "type": "Feature", "properties": { "grid_id": 492, "crime_count": 16.0, "name": "Kitsilano" }, "geometry": { "type": "Polygon", "coordinates": [ [ [ 488823.558100000023842, 5456765.0603 ], [ 488823.558100000023842, 5457015.0603 ], [ 489073.558100000023842, 5457015.0603 ], [ 489073.558100000023842, 5456765.0603 ], [ 488823.558100000023842, 5456765.0603 ] ] ] } },
{ "type": "Feature", "properties": { "grid_id": 493, "crime_count": 6.0, "name": "Kitsilano" }, "geometry": { "type": "Polygon", "coordinates": [ [ [ 488823.558100000023842, 5457015.0603 ], [ 488823.558100000023842, 5457265.0603 ], [ 489073.558100000023842, 5457265.0603 ], [ 489073.558100000023842, 5457015.0603 ], [ 488823.558100000023842, 5457015.0603 ] ] ] } },
{ "type": "Feature", "properties": { "grid_id": 494, "crime_count": 52.0, "name": "Kitsilano" }, "geometry": { "type": "Polygon", "coordinates": [ [ [ 488823.558100000023842, 5457265.0603 ], [ 488823.558100000023842, 5457515.0603 ], [ 489073.558100000023842, 5457515.0603 ], [ 489073.558100000023842, 5457265.0603 ], [ 488823.558100000023842, 5457265.0603 ] ] ] } },
{ "type": "Feature", "properties": { "grid_id": 495, "crime_count": 2.0, "name": "Kitsilano" }, "geometry": { "type": "Polygon", "coordinates": [ [ [ 488823.558100000023842, 5457515.0603 ], [ 488823.558100000023842, 5457765.0603 ], [ 489073.558100000023842, 5457765.0603 ], [ 489073.558100000023842, 5457515.0603 ], [ 488823.558100000023842, 5457515.0603 ] ] ] } },
{ "type": "Feature", "properties": { "grid_id": 496, "crime_count": 4.0, "name": "Kitsilano" }, "geometry": { "type": "Polygon", "coordinates": [ [ [ 488823.558100000023842, 5457765.0603 ], [ 488823.558100000023842, 5458015.0603 ], [ 489073.558100000023842, 5458015.0603 ], [ 489073.558100000023842, 5457765.0603 ], [ 488823.558100000023842, 5457765.0603 ] ] ] } },
{ "type": "Feature", "properties": { "grid_id": 497, "crime_count": 0.0, "name": "Kitsilano" }, "geometry": { "type": "Polygon", "coordinates": [ [ [ 488823.558100000023842, 5458015.0603 ], [ 488823.558100000023842, 5458265.0603 ], [ 489073.558100000023842, 5458265.0603 ], [ 489073.558100000023842, 5458015.0603 ], [ 488823.558100000023842, 5458015.0603 ] ] ] } },
{ "type": "Feature", "properties": { "grid_id": 498, "crime_count": 0.0, "name": "Kitsilano" }, "geometry": { "type": "Polygon", "coordinates": [ [ [ 488823.558100000023842, 5458265.0603 ], [ 488823.558100000023842, 5458515.0603 ], [ 489073.558100000023842, 5458515.0603 ], [ 489073.558100000023842, 5458265.0603 ], [ 488823.558100000023842, 5458265.0603 ] ] ] } },
{ "type": "Feature", "properties": { "grid_id": 499, "crime_count": 0.0, "name": "Kitsilano" }, "geometry": { "type": "Polygon", "coordinates": [ [ [ 489073.558100000023842, 5458515.0603 ], [ 488823.558100000023842, 5458515.0603 ], [ 488823.558100000023842, 5458552.631004447117448 ], [ 488897.108663234685082, 5458628.236242663115263 ], [ 489073.558100000023842, 5458628.1969891237095 ], [ 489073.558100000023842, 5458515.0603 ] ] ] } },
{ "type": "Feature", "properties": { "grid_id": 500, "crime_count": 0.0, "name": "Marpole" }, "geometry": { "type": "Polygon", "coordinates": [ [ [ 489073.558100000023842, 5450265.0603 ], [ 489323.558100000023842, 5450265.0603 ], [ 489323.558100000023842, 5450110.339314633049071 ], [ 489274.004032950673718, 5450138.657237350009382 ], [ 489195.724602522270288, 5450180.369762600399554 ], [ 489078.56790155696217, 5450234.034481485374272 ], [ 489073.558100000023842, 5450236.274764236062765 ], [ 489073.558100000023842, 5450265.0603 ] ] ] } },
{ "type": "Feature", "properties": { "grid_id": 501, "crime_count": 0.0, "name": "Marpole" }, "geometry": { "type": "Polygon", "coordinates": [ [ [ 489073.558100000023842, 5450265.0603 ], [ 489073.558100000023842, 5450515.0603 ], [ 489323.558100000023842, 5450515.0603 ], [ 489323.558100000023842, 5450265.0603 ], [ 489073.558100000023842, 5450265.0603 ] ] ] } },
{ "type": "Feature", "properties": { "grid_id": 502, "crime_count": 0.0, "name": "Marpole" }, "geometry": { "type": "Polygon", "coordinates": [ [ [ 489073.558100000023842, 5450515.0603 ], [ 489073.558100000023842, 5450765.0603 ], [ 489323.558100000023842, 5450765.0603 ], [ 489323.558100000023842, 5450515.0603 ], [ 489073.558100000023842, 5450515.0603 ] ] ] } },
{ "type": "Feature", "properties": { "grid_id": 503, "crime_count": 0.0, "name": "Marpole" }, "geometry": { "type": "Polygon", "coordinates": [ [ [ 489073.558100000023842, 5450765.0603 ], [ 489073.558100000023842, 5451015.0603 ], [ 489323.558100000023842, 5451015.0603 ], [ 489323.558100000023842, 5450765.0603 ], [ 489073.558100000023842, 5450765.0603 ] ] ] } },
{ "type": "Feature", "properties": { "grid_id": 504, "crime_count": 1.0, "name": "Marpole" }, "geometry": { "type": "Polygon", "coordinates": [ [ [ 489073.558100000023842, 5451015.0603 ], [ 489073.558100000023842, 5451265.0603 ], [ 489323.558100000023842, 5451265.0603 ], [ 489323.558100000023842, 5451015.0603 ], [ 489073.558100000023842, 5451015.0603 ] ] ] } },
{ "type": "Feature", "properties": { "grid_id": 505, "crime_count": 1.0, "name": "Marpole" }, "geometry": { "type": "Polygon", "coordinates": [ [ [ 489073.558100000023842, 5451265.0603 ], [ 489073.558100000023842, 5451515.0603 ], [ 489323.558100000023842, 5451515.0603 ], [ 489323.558100000023842, 5451265.0603 ], [ 489073.558100000023842, 5451265.0603 ] ] ] } },
{ "type": "Feature", "properties": { "grid_id": 506, "crime_count": 4.0, "name": "Kerrisdale" }, "geometry": { "type": "Polygon", "coordinates": [ [ [ 489073.558100000023842, 5451515.0603 ], [ 489073.558100000023842, 5451765.0603 ], [ 489323.558100000023842, 5451765.0603 ], [ 489323.558100000023842, 5451515.0603 ], [ 489073.558100000023842, 5451515.0603 ] ] ] } },
{ "type": "Feature", "properties": { "grid_id": 507, "crime_count": 1.0, "name": "Kerrisdale" }, "geometry": { "type": "Polygon", "coordinates": [ [ [ 489073.558100000023842, 5451765.0603 ], [ 489073.558100000023842, 5452015.0603 ], [ 489323.558100000023842, 5452015.0603 ], [ 489323.558100000023842, 5451765.0603 ], [ 489073.558100000023842, 5451765.0603 ] ] ] } },
{ "type": "Feature", "properties": { "grid_id": 508, "crime_count": 2.0, "name": "Kerrisdale" }, "geometry": { "type": "Polygon", "coordinates": [ [ [ 489073.558100000023842, 5452015.0603 ], [ 489073.558100000023842, 5452265.0603 ], [ 489323.558100000023842, 5452265.0603 ], [ 489323.558100000023842, 5452015.0603 ], [ 489073.558100000023842, 5452015.0603 ] ] ] } },
{ "type": "Feature", "properties": { "grid_id": 509, "crime_count": 2.0, "name": "Kerrisdale" }, "geometry": { "type": "Polygon", "coordinates": [ [ [ 489073.558100000023842, 5452265.0603 ], [ 489073.558100000023842, 5452515.0603 ], [ 489323.558100000023842, 5452515.0603 ], [ 489323.558100000023842, 5452265.0603 ], [ 489073.558100000023842, 5452265.0603 ] ] ] } },
{ "type": "Feature", "properties": { "grid_id": 510, "crime_count": 0.0, "name": "Kerrisdale" }, "geometry": { "type": "Polygon", "coordinates": [ [ [ 489073.558100000023842, 5452515.0603 ], [ 489073.558100000023842, 5452765.0603 ], [ 489323.558100000023842, 5452765.0603 ], [ 489323.558100000023842, 5452515.0603 ], [ 489073.558100000023842, 5452515.0603 ] ] ] } },
{ "type": "Feature", "properties": { "grid_id": 511, "crime_count": 2.0, "name": "Kerrisdale" }, "geometry": { "type": "Polygon", "coordinates": [ [ [ 489073.558100000023842, 5452765.0603 ], [ 489073.558100000023842, 5453015.0603 ], [ 489323.558100000023842, 5453015.0603 ], [ 489323.558100000023842, 5452765.0603 ], [ 489073.558100000023842, 5452765.0603 ] ] ] } },
{ "type": "Feature", "properties": { "grid_id": 512, "crime_count": 1.0, "name": "Kerrisdale" }, "geometry": { "type": "Polygon", "coordinates": [ [ [ 489073.558100000023842, 5453015.0603 ], [ 489073.558100000023842, 5453265.0603 ], [ 489323.558100000023842, 5453265.0603 ], [ 489323.558100000023842, 5453015.0603 ], [ 489073.558100000023842, 5453015.0603 ] ] ] } },
{ "type": "Feature", "properties": { "grid_id": 513, "crime_count": 1.0, "name": "Kerrisdale" }, "geometry": { "type": "Polygon", "coordinates": [ [ [ 489073.558100000023842, 5453265.0603 ], [ 489073.558100000023842, 5453515.0603 ], [ 489323.558100000023842, 5453515.0603 ], [ 489323.558100000023842, 5453265.0603 ], [ 489073.558100000023842, 5453265.0603 ] ] ] } },
{ "type": "Feature", "properties": { "grid_id": 514, "crime_count": 0.0, "name": "Shaughnessy" }, "geometry": { "type": "Polygon", "coordinates": [ [ [ 489073.558100000023842, 5453515.0603 ], [ 489073.558100000023842, 5453765.0603 ], [ 489323.558100000023842, 5453765.0603 ], [ 489323.558100000023842, 5453515.0603 ], [ 489073.558100000023842, 5453515.0603 ] ] ] } },
{ "type": "Feature", "properties": { "grid_id": 515, "crime_count": 2.0, "name": "Shaughnessy" }, "geometry": { "type": "Polygon", "coordinates": [ [ [ 489073.558100000023842, 5453765.0603 ], [ 489073.558100000023842, 5454015.0603 ], [ 489323.558100000023842, 5454015.0603 ], [ 489323.558100000023842, 5453765.0603 ], [ 489073.558100000023842, 5453765.0603 ] ] ] } },
{ "type": "Feature", "properties": { "grid_id": 516, "crime_count": 2.0, "name": "Shaughnessy" }, "geometry": { "type": "Polygon", "coordinates": [ [ [ 489073.558100000023842, 5454015.0603 ], [ 489073.558100000023842, 5454265.0603 ], [ 489323.558100000023842, 5454265.0603 ], [ 489323.558100000023842, 5454015.0603 ], [ 489073.558100000023842, 5454015.0603 ] ] ] } },
{ "type": "Feature", "properties": { "grid_id": 517, "crime_count": 2.0, "name": "Arbutus Ridge" }, "geometry": { "type": "Polygon", "coordinates": [ [ [ 489073.558100000023842, 5454265.0603 ], [ 489073.558100000023842, 5454515.0603 ], [ 489323.558100000023842, 5454515.0603 ], [ 489323.558100000023842, 5454265.0603 ], [ 489073.558100000023842, 5454265.0603 ] ] ] } },
{ "type": "Feature", "properties": { "grid_id": 518, "crime_count": 1.0, "name": "Arbutus Ridge" }, "geometry": { "type": "Polygon", "coordinates": [ [ [ 489073.558100000023842, 5454515.0603 ], [ 489073.558100000023842, 5454765.0603 ], [ 489323.558100000023842, 5454765.0603 ], [ 489323.558100000023842, 5454515.0603 ], [ 489073.558100000023842, 5454515.0603 ] ] ] } },
{ "type": "Feature", "properties": { "grid_id": 519, "crime_count": 0.0, "name": "Shaughnessy" }, "geometry": { "type": "Polygon", "coordinates": [ [ [ 489073.558100000023842, 5454765.0603 ], [ 489073.558100000023842, 5455015.0603 ], [ 489323.558100000023842, 5455015.0603 ], [ 489323.558100000023842, 5454765.0603 ], [ 489073.558100000023842, 5454765.0603 ] ] ] } },
{ "type": "Feature", "properties": { "grid_id": 520, "crime_count": 0.0, "name": "Shaughnessy" }, "geometry": { "type": "Polygon", "coordinates": [ [ [ 489073.558100000023842, 5455015.0603 ], [ 489073.558100000023842, 5455265.0603 ], [ 489323.558100000023842, 5455265.0603 ], [ 489323.558100000023842, 5455015.0603 ], [ 489073.558100000023842, 5455015.0603 ] ] ] } },
{ "type": "Feature", "properties": { "grid_id": 521, "crime_count": 0.0, "name": "Shaughnessy" }, "geometry": { "type": "Polygon", "coordinates": [ [ [ 489073.558100000023842, 5455265.0603 ], [ 489073.558100000023842, 5455515.0603 ], [ 489323.558100000023842, 5455515.0603 ], [ 489323.558100000023842, 5455265.0603 ], [ 489073.558100000023842, 5455265.0603 ] ] ] } },
{ "type": "Feature", "properties": { "grid_id": 522, "crime_count": 0.0, "name": "Shaughnessy" }, "geometry": { "type": "Polygon", "coordinates": [ [ [ 489073.558100000023842, 5455515.0603 ], [ 489073.558100000023842, 5455765.0603 ], [ 489323.558100000023842, 5455765.0603 ], [ 489323.558100000023842, 5455515.0603 ], [ 489073.558100000023842, 5455515.0603 ] ] ] } },
{ "type": "Feature", "properties": { "grid_id": 523, "crime_count": 1.0, "name": "Shaughnessy" }, "geometry": { "type": "Polygon", "coordinates": [ [ [ 489073.558100000023842, 5455765.0603 ], [ 489073.558100000023842, 5456015.0603 ], [ 489323.558100000023842, 5456015.0603 ], [ 489323.558100000023842, 5455765.0603 ], [ 489073.558100000023842, 5455765.0603 ] ] ] } },
{ "type": "Feature", "properties": { "grid_id": 524, "crime_count": 0.0, "name": "Shaughnessy" }, "geometry": { "type": "MultiPolygon", "coordinates": [ [ [ [ 489323.558100000023842, 5456015.0603 ], [ 489073.558100000023842, 5456015.0603 ], [ 489073.558100000023842, 5456057.540583830326796 ], [ 489323.558100000023842, 5456051.092579760588706 ], [ 489323.558100000023842, 5456015.0603 ] ] ], [ [ [ 489073.558100000023842, 5456265.0603 ], [ 489323.558100000023842, 5456265.0603 ], [ 489323.558100000023842, 5456051.110214394517243 ], [ 489073.558100000023842, 5456057.640543691813946 ], [ 489073.558100000023842, 5456265.0603 ] ] ] ] } },
{ "type": "Feature", "properties": { "grid_id": 525, "crime_count": 1.0, "name": "Kitsilano" }, "geometry": { "type": "Polygon", "coordinates": [ [ [ 489073.558100000023842, 5456265.0603 ], [ 489073.558100000023842, 5456515.0603 ], [ 489323.558100000023842, 5456515.0603 ], [ 489323.558100000023842, 5456265.0603 ], [ 489073.558100000023842, 5456265.0603 ] ] ] } },
{ "type": "Feature", "properties": { "grid_id": 526, "crime_count": 0.0, "name": "Kitsilano" }, "geometry": { "type": "Polygon", "coordinates": [ [ [ 489073.558100000023842, 5456515.0603 ], [ 489073.558100000023842, 5456765.0603 ], [ 489323.558100000023842, 5456765.0603 ], [ 489323.558100000023842, 5456515.0603 ], [ 489073.558100000023842, 5456515.0603 ] ] ] } },
{ "type": "Feature", "properties": { "grid_id": 527, "crime_count": 6.0, "name": "Kitsilano" }, "geometry": { "type": "Polygon", "coordinates": [ [ [ 489073.558100000023842, 5456765.0603 ], [ 489073.558100000023842, 5457015.0603 ], [ 489323.558100000023842, 5457015.0603 ], [ 489323.558100000023842, 5456765.0603 ], [ 489073.558100000023842, 5456765.0603 ] ] ] } },
{ "type": "Feature", "properties": { "grid_id": 528, "crime_count": 11.0, "name": "Kitsilano" }, "geometry": { "type": "Polygon", "coordinates": [ [ [ 489073.558100000023842, 5457015.0603 ], [ 489073.558100000023842, 5457265.0603 ], [ 489323.558100000023842, 5457265.0603 ], [ 489323.558100000023842, 5457015.0603 ], [ 489073.558100000023842, 5457015.0603 ] ] ] } },
{ "type": "Feature", "properties": { "grid_id": 529, "crime_count": 11.0, "name": "Kitsilano" }, "geometry": { "type": "Polygon", "coordinates": [ [ [ 489073.558100000023842, 5457265.0603 ], [ 489073.558100000023842, 5457515.0603 ], [ 489323.558100000023842, 5457515.0603 ], [ 489323.558100000023842, 5457265.0603 ], [ 489073.558100000023842, 5457265.0603 ] ] ] } },
{ "type": "Feature", "properties": { "grid_id": 530, "crime_count": 10.0, "name": "Kitsilano" }, "geometry": { "type": "Polygon", "coordinates": [ [ [ 489073.558100000023842, 5457515.0603 ], [ 489073.558100000023842, 5457765.0603 ], [ 489323.558100000023842, 5457765.0603 ], [ 489323.558100000023842, 5457515.0603 ], [ 489073.558100000023842, 5457515.0603 ] ] ] } },
{ "type": "Feature", "properties": { "grid_id": 531, "crime_count": 4.0, "name": "Kitsilano" }, "geometry": { "type": "Polygon", "coordinates": [ [ [ 489073.558100000023842, 5457765.0603 ], [ 489073.558100000023842, 5458015.0603 ], [ 489323.558100000023842, 5458015.0603 ], [ 489323.558100000023842, 5457765.0603 ], [ 489073.558100000023842, 5457765.0603 ] ] ] } },
{ "type": "Feature", "properties": { "grid_id": 532, "crime_count": 3.0, "name": "Kitsilano" }, "geometry": { "type": "Polygon", "coordinates": [ [ [ 489073.558100000023842, 5458015.0603 ], [ 489073.558100000023842, 5458265.0603 ], [ 489323.558100000023842, 5458265.0603 ], [ 489323.558100000023842, 5458015.0603 ], [ 489073.558100000023842, 5458015.0603 ] ] ] } },
{ "type": "Feature", "properties": { "grid_id": 533, "crime_count": 0.0, "name": "Kitsilano" }, "geometry": { "type": "Polygon", "coordinates": [ [ [ 489073.558100000023842, 5458265.0603 ], [ 489073.558100000023842, 5458515.0603 ], [ 489323.558100000023842, 5458515.0603 ], [ 489323.558100000023842, 5458265.0603 ], [ 489073.558100000023842, 5458265.0603 ] ] ] } },
{ "type": "Feature", "properties": { "grid_id": 534, "crime_count": 0.0, "name": "Kitsilano" }, "geometry": { "type": "Polygon", "coordinates": [ [ [ 489323.558100000023842, 5458515.0603 ], [ 489073.558100000023842, 5458515.0603 ], [ 489073.558100000023842, 5458628.1969891237095 ], [ 489323.558100000023842, 5458628.14137327671051 ], [ 489323.558100000023842, 5458515.0603 ] ] ] } },
{ "type": "Feature", "properties": { "grid_id": 535, "crime_count": 0.0, "name": "West End" }, "geometry": { "type": "Polygon", "coordinates": [ [ [ 489323.558100000023842, 5459515.0603 ], [ 489323.558100000023842, 5459504.792600071057677 ], [ 489314.705246713303495, 5459515.0603 ], [ 489323.558100000023842, 5459515.0603 ] ] ] } },
{ "type": "Feature", "properties": { "grid_id": 536, "crime_count": 0.0, "name": "West End" }, "geometry": { "type": "Polygon", "coordinates": [ [ [ 489323.558100000023842, 5459515.0603 ], [ 489314.705246713303495, 5459515.0603 ], [ 489255.774293209658936, 5459583.409489521756768 ], [ 489323.558100000023842, 5459651.7133026747033 ], [ 489323.558100000023842, 5459515.0603 ] ] ] } },
{ "type": "Feature", "properties": { "grid_id": 537, "crime_count": 0.0, "name": "Marpole" }, "geometry": { "type": "Polygon", "coordinates": [ [ [ 489323.558100000023842, 5450265.0603 ], [ 489573.558100000023842, 5450265.0603 ], [ 489573.558100000023842, 5450015.0603 ], [ 489474.921880006499123, 5450015.0603 ], [ 489458.302510701876599, 5450028.041430227458477 ], [ 489428.886966278310865, 5450048.877582277171314 ], [ 489398.356050988193601, 5450067.595646523870528 ], [ 489323.558100000023842, 5450110.339314633049071 ], [ 489323.558100000023842, 5450265.0603 ] ] ] } },
{ "type": "Feature", "properties": { "grid_id": 538, "crime_count": 1.0, "name": "Marpole" }, "geometry": { "type": "Polygon", "coordinates": [ [ [ 489323.558100000023842, 5450265.0603 ], [ 489323.558100000023842, 5450515.0603 ], [ 489573.558100000023842, 5450515.0603 ], [ 489573.558100000023842, 5450265.0603 ], [ 489323.558100000023842, 5450265.0603 ] ] ] } },
{ "type": "Feature", "properties": { "grid_id": 539, "crime_count": 0.0, "name": "Marpole" }, "geometry": { "type": "Polygon", "coordinates": [ [ [ 489323.558100000023842, 5450515.0603 ], [ 489323.558100000023842, 5450765.0603 ], [ 489573.558100000023842, 5450765.0603 ], [ 489573.558100000023842, 5450515.0603 ], [ 489323.558100000023842, 5450515.0603 ] ] ] } },
{ "type": "Feature", "properties": { "grid_id": 540, "crime_count": 1.0, "name": "Marpole" }, "geometry": { "type": "Polygon", "coordinates": [ [ [ 489323.558100000023842, 5450765.0603 ], [ 489323.558100000023842, 5451015.0603 ], [ 489573.558100000023842, 5451015.0603 ], [ 489573.558100000023842, 5450765.0603 ], [ 489323.558100000023842, 5450765.0603 ] ] ] } },
{ "type": "Feature", "properties": { "grid_id": 541, "crime_count": 2.0, "name": "Marpole" }, "geometry": { "type": "Polygon", "coordinates": [ [ [ 489323.558100000023842, 5451015.0603 ], [ 489323.558100000023842, 5451265.0603 ], [ 489573.558100000023842, 5451265.0603 ], [ 489573.558100000023842, 5451015.0603 ], [ 489323.558100000023842, 5451015.0603 ] ] ] } },
{ "type": "Feature", "properties": { "grid_id": 542, "crime_count": 1.0, "name": "Marpole" }, "geometry": { "type": "Polygon", "coordinates": [ [ [ 489323.558100000023842, 5451265.0603 ], [ 489323.558100000023842, 5451515.0603 ], [ 489573.558100000023842, 5451515.0603 ], [ 489573.558100000023842, 5451265.0603 ], [ 489323.558100000023842, 5451265.0603 ] ] ] } },
{ "type": "Feature", "properties": { "grid_id": 543, "crime_count": 0.0, "name": "Marpole" }, "geometry": { "type": "Polygon", "coordinates": [ [ [ 489323.558100000023842, 5451515.0603 ], [ 489323.558100000023842, 5451765.0603 ], [ 489573.558100000023842, 5451765.0603 ], [ 489573.558100000023842, 5451515.0603 ], [ 489323.558100000023842, 5451515.0603 ] ] ] } },
{ "type": "Feature", "properties": { "grid_id": 544, "crime_count": 2.0, "name": "Kerrisdale" }, "geometry": { "type": "Polygon", "coordinates": [ [ [ 489323.558100000023842, 5451765.0603 ], [ 489323.558100000023842, 5452015.0603 ], [ 489573.558100000023842, 5452015.0603 ], [ 489573.558100000023842, 5451765.0603 ], [ 489323.558100000023842, 5451765.0603 ] ] ] } },
{ "type": "Feature", "properties": { "grid_id": 545, "crime_count": 1.0, "name": "Kerrisdale" }, "geometry": { "type": "Polygon", "coordinates": [ [ [ 489323.558100000023842, 5452015.0603 ], [ 489323.558100000023842, 5452265.0603 ], [ 489573.558100000023842, 5452265.0603 ], [ 489573.558100000023842, 5452015.0603 ], [ 489323.558100000023842, 5452015.0603 ] ] ] } },
{ "type": "Feature", "properties": { "grid_id": 546, "crime_count": 1.0, "name": "Kerrisdale" }, "geometry": { "type": "Polygon", "coordinates": [ [ [ 489323.558100000023842, 5452265.0603 ], [ 489323.558100000023842, 5452515.0603 ], [ 489573.558100000023842, 5452515.0603 ], [ 489573.558100000023842, 5452265.0603 ], [ 489323.558100000023842, 5452265.0603 ] ] ] } },
{ "type": "Feature", "properties": { "grid_id": 547, "crime_count": 2.0, "name": "Kerrisdale" }, "geometry": { "type": "Polygon", "coordinates": [ [ [ 489323.558100000023842, 5452515.0603 ], [ 489323.558100000023842, 5452765.0603 ], [ 489573.558100000023842, 5452765.0603 ], [ 489573.558100000023842, 5452515.0603 ], [ 489323.558100000023842, 5452515.0603 ] ] ] } },
{ "type": "Feature", "properties": { "grid_id": 548, "crime_count": 1.0, "name": "Kerrisdale" }, "geometry": { "type": "Polygon", "coordinates": [ [ [ 489323.558100000023842, 5452765.0603 ], [ 489323.558100000023842, 5453015.0603 ], [ 489573.558100000023842, 5453015.0603 ], [ 489573.558100000023842, 5452765.0603 ], [ 489323.558100000023842, 5452765.0603 ] ] ] } },
{ "type": "Feature", "properties": { "grid_id": 549, "crime_count": 1.0, "name": "Kerrisdale" }, "geometry": { "type": "Polygon", "coordinates": [ [ [ 489323.558100000023842, 5453015.0603 ], [ 489323.558100000023842, 5453265.0603 ], [ 489573.558100000023842, 5453265.0603 ], [ 489573.558100000023842, 5453015.0603 ], [ 489323.558100000023842, 5453015.0603 ] ] ] } },
{ "type": "Feature", "properties": { "grid_id": 550, "crime_count": 0.0, "name": "Kerrisdale" }, "geometry": { "type": "Polygon", "coordinates": [ [ [ 489323.558100000023842, 5453265.0603 ], [ 489323.558100000023842, 5453515.0603 ], [ 489573.558100000023842, 5453515.0603 ], [ 489573.558100000023842, 5453265.0603 ], [ 489323.558100000023842, 5453265.0603 ] ] ] } },
{ "type": "Feature", "properties": { "grid_id": 551, "crime_count": 0.0, "name": "Shaughnessy" }, "geometry": { "type": "Polygon", "coordinates": [ [ [ 489323.558100000023842, 5453515.0603 ], [ 489323.558100000023842, 5453765.0603 ], [ 489573.558100000023842, 5453765.0603 ], [ 489573.558100000023842, 5453515.0603 ], [ 489323.558100000023842, 5453515.0603 ] ] ] } },
{ "type": "Feature", "properties": { "grid_id": 552, "crime_count": 0.0, "name": "Shaughnessy" }, "geometry": { "type": "Polygon", "coordinates": [ [ [ 489323.558100000023842, 5453765.0603 ], [ 489323.558100000023842, 5454015.0603 ], [ 489573.558100000023842, 5454015.0603 ], [ 489573.558100000023842, 5453765.0603 ], [ 489323.558100000023842, 5453765.0603 ] ] ] } },
{ "type": "Feature", "properties": { "grid_id": 553, "crime_count": 1.0, "name": "Shaughnessy" }, "geometry": { "type": "Polygon", "coordinates": [ [ [ 489323.558100000023842, 5454015.0603 ], [ 489323.558100000023842, 5454265.0603 ], [ 489573.558100000023842, 5454265.0603 ], [ 489573.558100000023842, 5454015.0603 ], [ 489323.558100000023842, 5454015.0603 ] ] ] } },
{ "type": "Feature", "properties": { "grid_id": 554, "crime_count": 0.0, "name": "Shaughnessy" }, "geometry": { "type": "Polygon", "coordinates": [ [ [ 489323.558100000023842, 5454265.0603 ], [ 489323.558100000023842, 5454515.0603 ], [ 489573.558100000023842, 5454515.0603 ], [ 489573.558100000023842, 5454265.0603 ], [ 489323.558100000023842, 5454265.0603 ] ] ] } },
{ "type": "Feature", "properties": { "grid_id": 555, "crime_count": 4.0, "name": "Shaughnessy" }, "geometry": { "type": "Polygon", "coordinates": [ [ [ 489323.558100000023842, 5454515.0603 ], [ 489323.558100000023842, 5454765.0603 ], [ 489573.558100000023842, 5454765.0603 ], [ 489573.558100000023842, 5454515.0603 ], [ 489323.558100000023842, 5454515.0603 ] ] ] } },
{ "type": "Feature", "properties": { "grid_id": 556, "crime_count": 3.0, "name": "Shaughnessy" }, "geometry": { "type": "Polygon", "coordinates": [ [ [ 489323.558100000023842, 5454765.0603 ], [ 489323.558100000023842, 5455015.0603 ], [ 489573.558100000023842, 5455015.0603 ], [ 489573.558100000023842, 5454765.0603 ], [ 489323.558100000023842, 5454765.0603 ] ] ] } },
{ "type": "Feature", "properties": { "grid_id": 557, "crime_count": 0.0, "name": "Shaughnessy" }, "geometry": { "type": "Polygon", "coordinates": [ [ [ 489323.558100000023842, 5455015.0603 ], [ 489323.558100000023842, 5455265.0603 ], [ 489573.558100000023842, 5455265.0603 ], [ 489573.558100000023842, 5455015.0603 ], [ 489323.558100000023842, 5455015.0603 ] ] ] } },
{ "type": "Feature", "properties": { "grid_id": 558, "crime_count": 0.0, "name": "Shaughnessy" }, "geometry": { "type": "Polygon", "coordinates": [ [ [ 489323.558100000023842, 5455265.0603 ], [ 489323.558100000023842, 5455515.0603 ], [ 489573.558100000023842, 5455515.0603 ], [ 489573.558100000023842, 5455265.0603 ], [ 489323.558100000023842, 5455265.0603 ] ] ] } },
{ "type": "Feature", "properties": { "grid_id": 559, "crime_count": 0.0, "name": "Shaughnessy" }, "geometry": { "type": "Polygon", "coordinates": [ [ [ 489323.558100000023842, 5455515.0603 ], [ 489323.558100000023842, 5455765.0603 ], [ 489573.558100000023842, 5455765.0603 ], [ 489573.558100000023842, 5455515.0603 ], [ 489323.558100000023842, 5455515.0603 ] ] ] } },
{ "type": "Feature", "properties": { "grid_id": 560, "crime_count": 0.0, "name": "Shaughnessy" }, "geometry": { "type": "Polygon", "coordinates": [ [ [ 489323.558100000023842, 5455765.0603 ], [ 489323.558100000023842, 5456015.0603 ], [ 489573.558100000023842, 5456015.0603 ], [ 489573.558100000023842, 5455765.0603 ], [ 489323.558100000023842, 5455765.0603 ] ] ] } },
{ "type": "Feature", "properties": { "grid_id": 561, "crime_count": 1.0, "name": "Fairview" }, "geometry": { "type": "Polygon", "coordinates": [ [ [ 489323.558100000023842, 5456265.0603 ], [ 489573.558100000023842, 5456265.0603 ], [ 489573.558100000023842, 5456015.0603 ], [ 489323.558100000023842, 5456015.0603 ], [ 489323.558100000023842, 5456051.092579760588706 ], [ 489377.109830990841147, 5456049.71137264277786 ], [ 489323.558100000023842, 5456051.110214394517243 ], [ 489323.558100000023842, 5456265.0603 ] ] ] } },
{ "type": "Feature", "properties": { "grid_id": 562, "crime_count": 1.0, "name": "Fairview" }, "geometry": { "type": "Polygon", "coordinates": [ [ [ 489323.558100000023842, 5456265.0603 ], [ 489323.558100000023842, 5456515.0603 ], [ 489573.558100000023842, 5456515.0603 ], [ 489573.558100000023842, 5456265.0603 ], [ 489323.558100000023842, 5456265.0603 ] ] ] } },
{ "type": "Feature", "properties": { "grid_id": 563, "crime_count": 0.0, "name": "Fairview" }, "geometry": { "type": "Polygon", "coordinates": [ [ [ 489323.558100000023842, 5456515.0603 ], [ 489323.558100000023842, 5456765.0603 ], [ 489573.558100000023842, 5456765.0603 ], [ 489573.558100000023842, 5456515.0603 ], [ 489323.558100000023842, 5456515.0603 ] ] ] } },
{ "type": "Feature", "properties": { "grid_id": 564, "crime_count": 52.0, "name": "Fairview" }, "geometry": { "type": "Polygon", "coordinates": [ [ [ 489323.558100000023842, 5456765.0603 ], [ 489323.558100000023842, 5457015.0603 ], [ 489573.558100000023842, 5457015.0603 ], [ 489573.558100000023842, 5456765.0603 ], [ 489323.558100000023842, 5456765.0603 ] ] ] } },
{ "type": "Feature", "properties": { "grid_id": 565, "crime_count": 9.0, "name": "Fairview" }, "geometry": { "type": "Polygon", "coordinates": [ [ [ 489323.558100000023842, 5457015.0603 ], [ 489323.558100000023842, 5457265.0603 ], [ 489573.558100000023842, 5457265.0603 ], [ 489573.558100000023842, 5457015.0603 ], [ 489323.558100000023842, 5457015.0603 ] ] ] } },
{ "type": "Feature", "properties": { "grid_id": 566, "crime_count": 3.0, "name": "Fairview" }, "geometry": { "type": "Polygon", "coordinates": [ [ [ 489323.558100000023842, 5457265.0603 ], [ 489323.558100000023842, 5457515.0603 ], [ 489573.558100000023842, 5457515.0603 ], [ 489573.558100000023842, 5457265.0603 ], [ 489323.558100000023842, 5457265.0603 ] ] ] } },
{ "type": "Feature", "properties": { "grid_id": 567, "crime_count": 5.0, "name": "Fairview" }, "geometry": { "type": "Polygon", "coordinates": [ [ [ 489573.558100000023842, 5457765.0603 ], [ 489573.558100000023842, 5457515.0603 ], [ 489323.558100000023842, 5457515.0603 ], [ 489323.558100000023842, 5457765.0603 ], [ 489457.66488957661204, 5457765.0603 ], [ 489451.99732010345906, 5457756.076102497056127 ], [ 489445.316368536325172, 5457745.0627550361678 ], [ 489439.745359958382323, 5457734.047284465283155 ], [ 489434.728500433324371, 5457722.606671843677759 ], [ 489430.265792275196873, 5457710.740915682166815 ], [ 489426.358053364732768, 5457698.87409632652998 ], [ 489423.004471730964724, 5457686.582130939699709 ], [ 489426.913857008737978, 5457699.297111041843891 ], [ 489431.378211411298253, 5457712.011027654632926 ], [ 489436.396716545219533, 5457724.299800422973931 ], [ 489441.97018395352643, 5457736.587512539699674 ], [ 489448.651966042350978, 5457748.024937514215708 ], [ 489455.888702699507121, 5457759.461306737735868 ], [ 489459.850207707844675, 5457765.0603 ], [ 489573.558100000023842, 5457765.0603 ] ] ] } },
{ "type": "Feature", "properties": { "grid_id": 568, "crime_count": 3.0, "name": "Kitsilano" }, "geometry": { "type": "Polygon", "coordinates": [ [ [ 489323.558100000023842, 5457765.0603 ], [ 489323.558100000023842, 5458015.0603 ], [ 489573.558100000023842, 5458015.0603 ], [ 489573.558100000023842, 5457765.0603 ], [ 489459.850207707844675, 5457765.0603 ], [ 489463.679578012728598, 5457770.472540673799813 ], [ 489471.469610356260091, 5457781.059704070910811 ], [ 489480.368759632110596, 5457791.2206737017259 ], [ 489489.821233221853618, 5457800.532433753833175 ], [ 489499.828652002208401, 5457809.843150530941784 ], [ 489509.834419114748016, 5457818.305722105316818 ], [ 489520.94929831835907, 5457826.342115177772939 ], [ 489532.062530639930628, 5457833.530367243103683 ], [ 489543.7299016417237, 5457840.293504852801561 ], [ 489532.619119715760462, 5457834.377474464476109 ], [ 489522.061673207965214, 5457827.612245654687285 ], [ 489511.503391930717044, 5457820.422955396585166 ], [ 489501.499250316177495, 5457812.808544262312353 ], [ 489492.049248367198743, 5457804.769009241834283 ], [ 489482.597596804669593, 5457795.881327050738037 ], [ 489474.255062037904281, 5457786.567455025389791 ], [ 489465.911686777428258, 5457776.829514026641846 ], [ 489458.677432169264648, 5457766.665376510471106 ], [ 489457.66488957661204, 5457765.0603 ], [ 489323.558100000023842, 5457765.0603 ] ] ] } },
{ "type": "Feature", "properties": { "grid_id": 569, "crime_count": 0.0, "name": "Kitsilano" }, "geometry": { "type": "Polygon", "coordinates": [ [ [ 489323.558100000023842, 5458015.0603 ], [ 489323.558100000023842, 5458265.0603 ], [ 489573.558100000023842, 5458265.0603 ], [ 489573.558100000023842, 5458015.0603 ], [ 489323.558100000023842, 5458015.0603 ] ] ] } },
{ "type": "Feature", "properties": { "grid_id": 570, "crime_count": 0.0, "name": "Kitsilano" }, "geometry": { "type": "Polygon", "coordinates": [ [ [ 489323.558100000023842, 5458265.0603 ], [ 489323.558100000023842, 5458515.0603 ], [ 489573.558100000023842, 5458515.0603 ], [ 489573.558100000023842, 5458265.0603 ], [ 489323.558100000023842, 5458265.0603 ] ] ] } },
{ "type": "Feature", "properties": { "grid_id": 571, "crime_count": 0.0, "name": "Kitsilano" }, "geometry": { "type": "Polygon", "coordinates": [ [ [ 489573.558100000023842, 5458515.0603 ], [ 489323.558100000023842, 5458515.0603 ], [ 489323.558100000023842, 5458628.14137327671051 ], [ 489380.978464721585624, 5458628.128599347546697 ], [ 489556.743126038345508, 5458555.697701096534729 ], [ 489573.558100000023842, 5458540.472206832841039 ], [ 489573.558100000023842, 5458515.0603 ] ] ] } },
{ "type": "Feature", "properties": { "grid_id": 572, "crime_count": 0.0, "name": "West End" }, "geometry": { "type": "Polygon", "coordinates": [ [ [ 489573.558100000023842, 5459015.0603 ], [ 489573.558100000023842, 5458821.130585908889771 ], [ 489454.381155855022371, 5459015.0603 ], [ 489573.558100000023842, 5459015.0603 ] ] ] } },
{ "type": "Feature", "properties": { "grid_id": 573, "crime_count": 0.0, "name": "West End" }, "geometry": { "type": "Polygon", "coordinates": [ [ [ 489573.558100000023842, 5459265.0603 ], [ 489573.558100000023842, 5459015.0603 ], [ 489454.381155855022371, 5459015.0603 ], [ 489415.693304101529066, 5459078.014792441390455 ], [ 489421.775974179327022, 5459265.0603 ], [ 489573.558100000023842, 5459265.0603 ] ] ] } },
{ "type": "Feature", "properties": { "grid_id": 574, "crime_count": 0.0, "name": "West End" }, "geometry": { "type": "Polygon", "coordinates": [ [ [ 489323.558100000023842, 5459515.0603 ], [ 489573.558100000023842, 5459515.0603 ], [ 489573.558100000023842, 5459265.0603 ], [ 489421.775974179327022, 5459265.0603 ], [ 489425.718811478698626, 5459386.304752591997385 ], [ 489323.558100000023842, 5459504.792600071057677 ], [ 489323.558100000023842, 5459515.0603 ] ] ] } },
{ "type": "Feature", "properties": { "grid_id": 575, "crime_count": 1.0, "name": "West End" }, "geometry": { "type": "Polygon", "coordinates": [ [ [ 489573.558100000023842, 5459765.0603 ], [ 489573.558100000023842, 5459515.0603 ], [ 489323.558100000023842, 5459515.0603 ], [ 489323.558100000023842, 5459651.7133026747033 ], [ 489436.04217098117806, 5459765.0603 ], [ 489573.558100000023842, 5459765.0603 ] ] ] } },
{ "type": "Feature", "properties": { "grid_id": 576, "crime_count": 0.0, "name": "West End" }, "geometry": { "type": "Polygon", "coordinates": [ [ [ 489573.558100000023842, 5459765.0603 ], [ 489436.04217098117806, 5459765.0603 ], [ 489573.558100000023842, 5459903.631188328377903 ], [ 489573.558100000023842, 5459765.0603 ] ] ] } },
{ "type": "Feature", "properties": { "grid_id": 577, "crime_count": 0.0, "name": "Marpole" }, "geometry": { "type": "Polygon", "coordinates": [ [ [ 489573.558100000023842, 5450015.0603 ], [ 489573.558100000023842, 5450265.0603 ], [ 489823.558100000023842, 5450265.0603 ], [ 489823.558100000023842, 5450015.0603 ], [ 489573.558100000023842, 5450015.0603 ] ] ] } },
{ "type": "Feature", "properties": { "grid_id": 578, "crime_count": 3.0, "name": "Marpole" }, "geometry": { "type": "Polygon", "coordinates": [ [ [ 489573.558100000023842, 5450265.0603 ], [ 489573.558100000023842, 5450515.0603 ], [ 489823.558100000023842, 5450515.0603 ], [ 489823.558100000023842, 5450265.0603 ], [ 489573.558100000023842, 5450265.0603 ] ] ] } },
{ "type": "Feature", "properties": { "grid_id": 579, "crime_count": 11.0, "name": "Marpole" }, "geometry": { "type": "Polygon", "coordinates": [ [ [ 489573.558100000023842, 5450515.0603 ], [ 489573.558100000023842, 5450765.0603 ], [ 489823.558100000023842, 5450765.0603 ], [ 489823.558100000023842, 5450515.0603 ], [ 489573.558100000023842, 5450515.0603 ] ] ] } },
{ "type": "Feature", "properties": { "grid_id": 580, "crime_count": 30.0, "name": "Marpole" }, "geometry": { "type": "Polygon", "coordinates": [ [ [ 489573.558100000023842, 5450765.0603 ], [ 489573.558100000023842, 5451015.0603 ], [ 489823.558100000023842, 5451015.0603 ], [ 489823.558100000023842, 5450765.0603 ], [ 489573.558100000023842, 5450765.0603 ] ] ] } },
{ "type": "Feature", "properties": { "grid_id": 581, "crime_count": 9.0, "name": "Marpole" }, "geometry": { "type": "Polygon", "coordinates": [ [ [ 489573.558100000023842, 5451015.0603 ], [ 489573.558100000023842, 5451265.0603 ], [ 489823.558100000023842, 5451265.0603 ], [ 489823.558100000023842, 5451015.0603 ], [ 489573.558100000023842, 5451015.0603 ] ] ] } },
{ "type": "Feature", "properties": { "grid_id": 582, "crime_count": 1.0, "name": "Marpole" }, "geometry": { "type": "Polygon", "coordinates": [ [ [ 489573.558100000023842, 5451265.0603 ], [ 489573.558100000023842, 5451515.0603 ], [ 489823.558100000023842, 5451515.0603 ], [ 489823.558100000023842, 5451265.0603 ], [ 489573.558100000023842, 5451265.0603 ] ] ] } },
{ "type": "Feature", "properties": { "grid_id": 583, "crime_count": 4.0, "name": "Marpole" }, "geometry": { "type": "Polygon", "coordinates": [ [ [ 489573.558100000023842, 5451515.0603 ], [ 489573.558100000023842, 5451765.0603 ], [ 489823.558100000023842, 5451765.0603 ], [ 489823.558100000023842, 5451515.0603 ], [ 489573.558100000023842, 5451515.0603 ] ] ] } },
{ "type": "Feature", "properties": { "grid_id": 584, "crime_count": 2.0, "name": "Kerrisdale" }, "geometry": { "type": "Polygon", "coordinates": [ [ [ 489573.558100000023842, 5451765.0603 ], [ 489573.558100000023842, 5452015.0603 ], [ 489823.558100000023842, 5452015.0603 ], [ 489823.558100000023842, 5451765.0603 ], [ 489573.558100000023842, 5451765.0603 ] ] ] } },
{ "type": "Feature", "properties": { "grid_id": 585, "crime_count": 5.0, "name": "Kerrisdale" }, "geometry": { "type": "Polygon", "coordinates": [ [ [ 489573.558100000023842, 5452015.0603 ], [ 489573.558100000023842, 5452265.0603 ], [ 489823.558100000023842, 5452265.0603 ], [ 489823.558100000023842, 5452015.0603 ], [ 489573.558100000023842, 5452015.0603 ] ] ] } },
{ "type": "Feature", "properties": { "grid_id": 586, "crime_count": 1.0, "name": "Kerrisdale" }, "geometry": { "type": "Polygon", "coordinates": [ [ [ 489573.558100000023842, 5452265.0603 ], [ 489573.558100000023842, 5452515.0603 ], [ 489823.558100000023842, 5452515.0603 ], [ 489823.558100000023842, 5452265.0603 ], [ 489573.558100000023842, 5452265.0603 ] ] ] } },
{ "type": "Feature", "properties": { "grid_id": 587, "crime_count": 3.0, "name": "Kerrisdale" }, "geometry": { "type": "Polygon", "coordinates": [ [ [ 489573.558100000023842, 5452515.0603 ], [ 489573.558100000023842, 5452765.0603 ], [ 489823.558100000023842, 5452765.0603 ], [ 489823.558100000023842, 5452515.0603 ], [ 489573.558100000023842, 5452515.0603 ] ] ] } },
{ "type": "Feature", "properties": { "grid_id": 588, "crime_count": 1.0, "name": "Kerrisdale" }, "geometry": { "type": "Polygon", "coordinates": [ [ [ 489573.558100000023842, 5452765.0603 ], [ 489573.558100000023842, 5453015.0603 ], [ 489823.558100000023842, 5453015.0603 ], [ 489823.558100000023842, 5452765.0603 ], [ 489573.558100000023842, 5452765.0603 ] ] ] } },
{ "type": "Feature", "properties": { "grid_id": 589, "crime_count": 0.0, "name": "Kerrisdale" }, "geometry": { "type": "Polygon", "coordinates": [ [ [ 489573.558100000023842, 5453015.0603 ], [ 489573.558100000023842, 5453265.0603 ], [ 489823.558100000023842, 5453265.0603 ], [ 489823.558100000023842, 5453015.0603 ], [ 489573.558100000023842, 5453015.0603 ] ] ] } },
{ "type": "Feature", "properties": { "grid_id": 590, "crime_count": 3.0, "name": "Kerrisdale" }, "geometry": { "type": "Polygon", "coordinates": [ [ [ 489573.558100000023842, 5453265.0603 ], [ 489573.558100000023842, 5453515.0603 ], [ 489823.558100000023842, 5453515.0603 ], [ 489823.558100000023842, 5453265.0603 ], [ 489573.558100000023842, 5453265.0603 ] ] ] } },
{ "type": "Feature", "properties": { "grid_id": 591, "crime_count": 1.0, "name": "Shaughnessy" }, "geometry": { "type": "Polygon", "coordinates": [ [ [ 489573.558100000023842, 5453515.0603 ], [ 489573.558100000023842, 5453765.0603 ], [ 489823.558100000023842, 5453765.0603 ], [ 489823.558100000023842, 5453515.0603 ], [ 489573.558100000023842, 5453515.0603 ] ] ] } },
{ "type": "Feature", "properties": { "grid_id": 592, "crime_count": 1.0, "name": "Shaughnessy" }, "geometry": { "type": "Polygon", "coordinates": [ [ [ 489573.558100000023842, 5453765.0603 ], [ 489573.558100000023842, 5454015.0603 ], [ 489823.558100000023842, 5454015.0603 ], [ 489823.558100000023842, 5453765.0603 ], [ 489573.558100000023842, 5453765.0603 ] ] ] } },
{ "type": "Feature", "properties": { "grid_id": 593, "crime_count": 0.0, "name": "Shaughnessy" }, "geometry": { "type": "Polygon", "coordinates": [ [ [ 489573.558100000023842, 5454015.0603 ], [ 489573.558100000023842, 5454265.0603 ], [ 489823.558100000023842, 5454265.0603 ], [ 489823.558100000023842, 5454015.0603 ], [ 489573.558100000023842, 5454015.0603 ] ] ] } },
{ "type": "Feature", "properties": { "grid_id": 594, "crime_count": 1.0, "name": "Shaughnessy" }, "geometry": { "type": "Polygon", "coordinates": [ [ [ 489573.558100000023842, 5454265.0603 ], [ 489573.558100000023842, 5454515.0603 ], [ 489823.558100000023842, 5454515.0603 ], [ 489823.558100000023842, 5454265.0603 ], [ 489573.558100000023842, 5454265.0603 ] ] ] } },
{ "type": "Feature", "properties": { "grid_id": 595, "crime_count": 0.0, "name": "Shaughnessy" }, "geometry": { "type": "Polygon", "coordinates": [ [ [ 489573.558100000023842, 5454515.0603 ], [ 489573.558100000023842, 5454765.0603 ], [ 489823.558100000023842, 5454765.0603 ], [ 489823.558100000023842, 5454515.0603 ], [ 489573.558100000023842, 5454515.0603 ] ] ] } },
{ "type": "Feature", "properties": { "grid_id": 596, "crime_count": 1.0, "name": "Shaughnessy" }, "geometry": { "type": "Polygon", "coordinates": [ [ [ 489573.558100000023842, 5454765.0603 ], [ 489573.558100000023842, 5455015.0603 ], [ 489823.558100000023842, 5455015.0603 ], [ 489823.558100000023842, 5454765.0603 ], [ 489573.558100000023842, 5454765.0603 ] ] ] } },
{ "type": "Feature", "properties": { "grid_id": 597, "crime_count": 0.0, "name": "Shaughnessy" }, "geometry": { "type": "Polygon", "coordinates": [ [ [ 489573.558100000023842, 5455015.0603 ], [ 489573.558100000023842, 5455265.0603 ], [ 489823.558100000023842, 5455265.0603 ], [ 489823.558100000023842, 5455015.0603 ], [ 489573.558100000023842, 5455015.0603 ] ] ] } },
{ "type": "Feature", "properties": { "grid_id": 598, "crime_count": 0.0, "name": "Shaughnessy" }, "geometry": { "type": "Polygon", "coordinates": [ [ [ 489573.558100000023842, 5455265.0603 ], [ 489573.558100000023842, 5455515.0603 ], [ 489823.558100000023842, 5455515.0603 ], [ 489823.558100000023842, 5455265.0603 ], [ 489573.558100000023842, 5455265.0603 ] ] ] } },
{ "type": "Feature", "properties": { "grid_id": 599, "crime_count": 0.0, "name": "Shaughnessy" }, "geometry": { "type": "Polygon", "coordinates": [ [ [ 489573.558100000023842, 5455515.0603 ], [ 489573.558100000023842, 5455765.0603 ], [ 489823.558100000023842, 5455765.0603 ], [ 489823.558100000023842, 5455515.0603 ], [ 489573.558100000023842, 5455515.0603 ] ] ] } },
{ "type": "Feature", "properties": { "grid_id": 600, "crime_count": 0.0, "name": "Shaughnessy" }, "geometry": { "type": "Polygon", "coordinates": [ [ [ 489573.558100000023842, 5455765.0603 ], [ 489573.558100000023842, 5456015.0603 ], [ 489823.558100000023842, 5456015.0603 ], [ 489823.558100000023842, 5455765.0603 ], [ 489573.558100000023842, 5455765.0603 ] ] ] } },
{ "type": "Feature", "properties": { "grid_id": 601, "crime_count": 3.0, "name": "Fairview" }, "geometry": { "type": "Polygon", "coordinates": [ [ [ 489573.558100000023842, 5456015.0603 ], [ 489573.558100000023842, 5456265.0603 ], [ 489823.558100000023842, 5456265.0603 ], [ 489823.558100000023842, 5456015.0603 ], [ 489573.558100000023842, 5456015.0603 ] ] ] } },
{ "type": "Feature", "properties": { "grid_id": 602, "crime_count": 6.0, "name": "Fairview" }, "geometry": { "type": "Polygon", "coordinates": [ [ [ 489573.558100000023842, 5456265.0603 ], [ 489573.558100000023842, 5456515.0603 ], [ 489823.558100000023842, 5456515.0603 ], [ 489823.558100000023842, 5456265.0603 ], [ 489573.558100000023842, 5456265.0603 ] ] ] } },
{ "type": "Feature", "properties": { "grid_id": 603, "crime_count": 3.0, "name": "Fairview" }, "geometry": { "type": "Polygon", "coordinates": [ [ [ 489573.558100000023842, 5456515.0603 ], [ 489573.558100000023842, 5456765.0603 ], [ 489823.558100000023842, 5456765.0603 ], [ 489823.558100000023842, 5456515.0603 ], [ 489573.558100000023842, 5456515.0603 ] ] ] } },
{ "type": "Feature", "properties": { "grid_id": 604, "crime_count": 7.0, "name": "Fairview" }, "geometry": { "type": "Polygon", "coordinates": [ [ [ 489573.558100000023842, 5456765.0603 ], [ 489573.558100000023842, 5457015.0603 ], [ 489823.558100000023842, 5457015.0603 ], [ 489823.558100000023842, 5456765.0603 ], [ 489573.558100000023842, 5456765.0603 ] ] ] } },
{ "type": "Feature", "properties": { "grid_id": 605, "crime_count": 9.0, "name": "Fairview" }, "geometry": { "type": "Polygon", "coordinates": [ [ [ 489573.558100000023842, 5457015.0603 ], [ 489573.558100000023842, 5457265.0603 ], [ 489823.558100000023842, 5457265.0603 ], [ 489823.558100000023842, 5457015.0603 ], [ 489573.558100000023842, 5457015.0603 ] ] ] } },
{ "type": "Feature", "properties": { "grid_id": 606, "crime_count": 7.0, "name": "Fairview" }, "geometry": { "type": "Polygon", "coordinates": [ [ [ 489573.558100000023842, 5457265.0603 ], [ 489573.558100000023842, 5457515.0603 ], [ 489823.558100000023842, 5457515.0603 ], [ 489823.558100000023842, 5457265.0603 ], [ 489573.558100000023842, 5457265.0603 ] ] ] } },
{ "type": "Feature", "properties": { "grid_id": 607, "crime_count": 3.0, "name": "Fairview" }, "geometry": { "type": "Polygon", "coordinates": [ [ [ 489573.558100000023842, 5457515.0603 ], [ 489573.558100000023842, 5457765.0603 ], [ 489823.558100000023842, 5457765.0603 ], [ 489823.558100000023842, 5457515.0603 ], [ 489573.558100000023842, 5457515.0603 ] ] ] } },
{ "type": "Feature", "properties": { "grid_id": 608, "crime_count": 0.0, "name": "Fairview" }, "geometry": { "type": "Polygon", "coordinates": [ [ [ 489573.558100000023842, 5457765.0603 ], [ 489573.558100000023842, 5458015.0603 ], [ 489823.558100000023842, 5458015.0603 ], [ 489823.558100000023842, 5457765.0603 ], [ 489573.558100000023842, 5457765.0603 ] ] ] } },
{ "type": "Feature", "properties": { "grid_id": 609, "crime_count": 0.0, "name": "Kitsilano" }, "geometry": { "type": "Polygon", "coordinates": [ [ [ 489573.558100000023842, 5458015.0603 ], [ 489573.558100000023842, 5458265.0603 ], [ 489823.558100000023842, 5458265.0603 ], [ 489823.558100000023842, 5458015.0603 ], [ 489573.558100000023842, 5458015.0603 ] ] ] } },
{ "type": "Feature", "properties": { "grid_id": 610, "crime_count": 0.0, "name": "Kitsilano" }, "geometry": { "type": "Polygon", "coordinates": [ [ [ 489823.558100000023842, 5458515.0603 ], [ 489823.558100000023842, 5458265.0603 ], [ 489573.558100000023842, 5458265.0603 ], [ 489573.558100000023842, 5458515.0603 ], [ 489601.622906587552279, 5458515.0603 ], [ 489725.702936606656294, 5458402.709261598065495 ], [ 489691.582325535535347, 5458515.0603 ], [ 489823.558100000023842, 5458515.0603 ] ] ] } },
{ "type": "Feature", "properties": { "grid_id": 611, "crime_count": 0.0, "name": "West End" }, "geometry": { "type": "MultiPolygon", "coordinates": [ [ [ [ 489823.558100000023842, 5458765.0603 ], [ 489823.558100000023842, 5458515.0603 ], [ 489691.582325535535347, 5458515.0603 ], [ 489623.125422189710662, 5458740.472563591785729 ], [ 489608.015353563532699, 5458765.0603 ], [ 489823.558100000023842, 5458765.0603 ] ] ], [ [ [ 489573.558100000023842, 5458515.0603 ], [ 489573.558100000023842, 5458540.472206832841039 ], [ 489601.622906587552279, 5458515.0603 ], [ 489573.558100000023842, 5458515.0603 ] ] ] ] } },
{ "type": "Feature", "properties": { "grid_id": 612, "crime_count": 6.0, "name": "West End" }, "geometry": { "type": "Polygon", "coordinates": [ [ [ 489573.558100000023842, 5459015.0603 ], [ 489823.558100000023842, 5459015.0603 ], [ 489823.558100000023842, 5458765.0603 ], [ 489608.015353563532699, 5458765.0603 ], [ 489573.558100000023842, 5458821.130585908889771 ], [ 489573.558100000023842, 5459015.0603 ] ] ] } },
{ "type": "Feature", "properties": { "grid_id": 613, "crime_count": 9.0, "name": "West End" }, "geometry": { "type": "Polygon", "coordinates": [ [ [ 489573.558100000023842, 5459015.0603 ], [ 489573.558100000023842, 5459265.0603 ], [ 489823.558100000023842, 5459265.0603 ], [ 489823.558100000023842, 5459015.0603 ], [ 489573.558100000023842, 5459015.0603 ] ] ] } },
{ "type": "Feature", "properties": { "grid_id": 614, "crime_count": 19.0, "name": "West End" }, "geometry": { "type": "Polygon", "coordinates": [ [ [ 489573.558100000023842, 5459265.0603 ], [ 489573.558100000023842, 5459515.0603 ], [ 489823.558100000023842, 5459515.0603 ], [ 489823.558100000023842, 5459265.0603 ], [ 489573.558100000023842, 5459265.0603 ] ] ] } },
{ "type": "Feature", "properties": { "grid_id": 615, "crime_count": 9.0, "name": "West End" }, "geometry": { "type": "Polygon", "coordinates": [ [ [ 489573.558100000023842, 5459515.0603 ], [ 489573.558100000023842, 5459765.0603 ], [ 489823.558100000023842, 5459765.0603 ], [ 489823.558100000023842, 5459515.0603 ], [ 489573.558100000023842, 5459515.0603 ] ] ] } },
{ "type": "Feature", "properties": { "grid_id": 616, "crime_count": 9.0, "name": "West End" }, "geometry": { "type": "Polygon", "coordinates": [ [ [ 489823.558100000023842, 5460015.0603 ], [ 489823.558100000023842, 5459765.0603 ], [ 489573.558100000023842, 5459765.0603 ], [ 489573.558100000023842, 5459903.631188328377903 ], [ 489684.138886455388274, 5460015.0603 ], [ 489823.558100000023842, 5460015.0603 ] ] ] } },
{ "type": "Feature", "properties": { "grid_id": 617, "crime_count": 0.0, "name": "West End" }, "geometry": { "type": "Polygon", "coordinates": [ [ [ 489823.558100000023842, 5460015.0603 ], [ 489684.138886455388274, 5460015.0603 ], [ 489697.675171534763649, 5460028.700429267250001 ], [ 489823.558100000023842, 5460060.393477968871593 ], [ 489823.558100000023842, 5460015.0603 ] ] ] } },
{ "type": "Feature", "properties": { "grid_id": 618, "crime_count": 3.0, "name": "Marpole" }, "geometry": { "type": "Polygon", "coordinates": [ [ [ 489823.558100000023842, 5450015.0603 ], [ 489823.558100000023842, 5450265.0603 ], [ 490073.558100000023842, 5450265.0603 ], [ 490073.558100000023842, 5450015.0603 ], [ 489823.558100000023842, 5450015.0603 ] ] ] } },
{ "type": "Feature", "properties": { "grid_id": 619, "crime_count": 7.0, "name": "Marpole" }, "geometry": { "type": "Polygon", "coordinates": [ [ [ 489823.558100000023842, 5450265.0603 ], [ 489823.558100000023842, 5450515.0603 ], [ 490073.558100000023842, 5450515.0603 ], [ 490073.558100000023842, 5450265.0603 ], [ 489823.558100000023842, 5450265.0603 ] ] ] } },
{ "type": "Feature", "properties": { "grid_id": 620, "crime_count": 5.0, "name": "Marpole" }, "geometry": { "type": "Polygon", "coordinates": [ [ [ 489823.558100000023842, 5450515.0603 ], [ 489823.558100000023842, 5450765.0603 ], [ 490073.558100000023842, 5450765.0603 ], [ 490073.558100000023842, 5450515.0603 ], [ 489823.558100000023842, 5450515.0603 ] ] ] } },
{ "type": "Feature", "properties": { "grid_id": 621, "crime_count": 3.0, "name": "Marpole" }, "geometry": { "type": "Polygon", "coordinates": [ [ [ 489823.558100000023842, 5450765.0603 ], [ 489823.558100000023842, 5451015.0603 ], [ 490073.558100000023842, 5451015.0603 ], [ 490073.558100000023842, 5450765.0603 ], [ 489823.558100000023842, 5450765.0603 ] ] ] } },
{ "type": "Feature", "properties": { "grid_id": 622, "crime_count": 0.0, "name": "Marpole" }, "geometry": { "type": "Polygon", "coordinates": [ [ [ 489823.558100000023842, 5451015.0603 ], [ 489823.558100000023842, 5451265.0603 ], [ 490073.558100000023842, 5451265.0603 ], [ 490073.558100000023842, 5451015.0603 ], [ 489823.558100000023842, 5451015.0603 ] ] ] } },
{ "type": "Feature", "properties": { "grid_id": 623, "crime_count": 0.0, "name": "Marpole" }, "geometry": { "type": "Polygon", "coordinates": [ [ [ 489823.558100000023842, 5451265.0603 ], [ 489823.558100000023842, 5451515.0603 ], [ 490073.558100000023842, 5451515.0603 ], [ 490073.558100000023842, 5451265.0603 ], [ 489823.558100000023842, 5451265.0603 ] ] ] } },
{ "type": "Feature", "properties": { "grid_id": 624, "crime_count": 2.0, "name": "Marpole" }, "geometry": { "type": "Polygon", "coordinates": [ [ [ 489823.558100000023842, 5451515.0603 ], [ 489823.558100000023842, 5451765.0603 ], [ 490073.558100000023842, 5451765.0603 ], [ 490073.558100000023842, 5451515.0603 ], [ 489823.558100000023842, 5451515.0603 ] ] ] } },
{ "type": "Feature", "properties": { "grid_id": 625, "crime_count": 0.0, "name": "Oakridge" }, "geometry": { "type": "Polygon", "coordinates": [ [ [ 489823.558100000023842, 5451765.0603 ], [ 489823.558100000023842, 5452015.0603 ], [ 490073.558100000023842, 5452015.0603 ], [ 490073.558100000023842, 5451765.0603 ], [ 489823.558100000023842, 5451765.0603 ] ] ] } },
{ "type": "Feature", "properties": { "grid_id": 626, "crime_count": 2.0, "name": "Oakridge" }, "geometry": { "type": "Polygon", "coordinates": [ [ [ 489823.558100000023842, 5452015.0603 ], [ 489823.558100000023842, 5452265.0603 ], [ 490073.558100000023842, 5452265.0603 ], [ 490073.558100000023842, 5452015.0603 ], [ 489823.558100000023842, 5452015.0603 ] ] ] } },
{ "type": "Feature", "properties": { "grid_id": 627, "crime_count": 0.0, "name": "Oakridge" }, "geometry": { "type": "Polygon", "coordinates": [ [ [ 489823.558100000023842, 5452265.0603 ], [ 489823.558100000023842, 5452515.0603 ], [ 490073.558100000023842, 5452515.0603 ], [ 490073.558100000023842, 5452265.0603 ], [ 489823.558100000023842, 5452265.0603 ] ] ] } },
{ "type": "Feature", "properties": { "grid_id": 628, "crime_count": 0.0, "name": "Oakridge" }, "geometry": { "type": "Polygon", "coordinates": [ [ [ 489823.558100000023842, 5452515.0603 ], [ 489823.558100000023842, 5452765.0603 ], [ 490073.558100000023842, 5452765.0603 ], [ 490073.558100000023842, 5452515.0603 ], [ 489823.558100000023842, 5452515.0603 ] ] ] } },
{ "type": "Feature", "properties": { "grid_id": 629, "crime_count": 1.0, "name": "Oakridge" }, "geometry": { "type": "Polygon", "coordinates": [ [ [ 489823.558100000023842, 5452765.0603 ], [ 489823.558100000023842, 5453015.0603 ], [ 490073.558100000023842, 5453015.0603 ], [ 490073.558100000023842, 5452765.0603 ], [ 489823.558100000023842, 5452765.0603 ] ] ] } },
{ "type": "Feature", "properties": { "grid_id": 630, "crime_count": 0.0, "name": "Oakridge" }, "geometry": { "type": "Polygon", "coordinates": [ [ [ 489823.558100000023842, 5453015.0603 ], [ 489823.558100000023842, 5453265.0603 ], [ 490073.558100000023842, 5453265.0603 ], [ 490073.558100000023842, 5453015.0603 ], [ 489823.558100000023842, 5453015.0603 ] ] ] } },
{ "type": "Feature", "properties": { "grid_id": 631, "crime_count": 2.0, "name": "Oakridge" }, "geometry": { "type": "Polygon", "coordinates": [ [ [ 489823.558100000023842, 5453265.0603 ], [ 489823.558100000023842, 5453515.0603 ], [ 490073.558100000023842, 5453515.0603 ], [ 490073.558100000023842, 5453265.0603 ], [ 489823.558100000023842, 5453265.0603 ] ] ] } },
{ "type": "Feature", "properties": { "grid_id": 632, "crime_count": 3.0, "name": "Shaughnessy" }, "geometry": { "type": "Polygon", "coordinates": [ [ [ 489823.558100000023842, 5453515.0603 ], [ 489823.558100000023842, 5453765.0603 ], [ 490073.558100000023842, 5453765.0603 ], [ 490073.558100000023842, 5453515.0603 ], [ 489823.558100000023842, 5453515.0603 ] ] ] } },
{ "type": "Feature", "properties": { "grid_id": 633, "crime_count": 3.0, "name": "Shaughnessy" }, "geometry": { "type": "Polygon", "coordinates": [ [ [ 489823.558100000023842, 5453765.0603 ], [ 489823.558100000023842, 5454015.0603 ], [ 490073.558100000023842, 5454015.0603 ], [ 490073.558100000023842, 5453765.0603 ], [ 489823.558100000023842, 5453765.0603 ] ] ] } },
{ "type": "Feature", "properties": { "grid_id": 634, "crime_count": 1.0, "name": "Shaughnessy" }, "geometry": { "type": "Polygon", "coordinates": [ [ [ 489823.558100000023842, 5454015.0603 ], [ 489823.558100000023842, 5454265.0603 ], [ 490073.558100000023842, 5454265.0603 ], [ 490073.558100000023842, 5454015.0603 ], [ 489823.558100000023842, 5454015.0603 ] ] ] } },
{ "type": "Feature", "properties": { "grid_id": 635, "crime_count": 3.0, "name": "Shaughnessy" }, "geometry": { "type": "Polygon", "coordinates": [ [ [ 489823.558100000023842, 5454265.0603 ], [ 489823.558100000023842, 5454515.0603 ], [ 490073.558100000023842, 5454515.0603 ], [ 490073.558100000023842, 5454265.0603 ], [ 489823.558100000023842, 5454265.0603 ] ] ] } },
{ "type": "Feature", "properties": { "grid_id": 636, "crime_count": 2.0, "name": "Shaughnessy" }, "geometry": { "type": "Polygon", "coordinates": [ [ [ 489823.558100000023842, 5454515.0603 ], [ 489823.558100000023842, 5454765.0603 ], [ 490073.558100000023842, 5454765.0603 ], [ 490073.558100000023842, 5454515.0603 ], [ 489823.558100000023842, 5454515.0603 ] ] ] } },
{ "type": "Feature", "properties": { "grid_id": 637, "crime_count": 2.0, "name": "Shaughnessy" }, "geometry": { "type": "Polygon", "coordinates": [ [ [ 489823.558100000023842, 5454765.0603 ], [ 489823.558100000023842, 5455015.0603 ], [ 490073.558100000023842, 5455015.0603 ], [ 490073.558100000023842, 5454765.0603 ], [ 489823.558100000023842, 5454765.0603 ] ] ] } },
{ "type": "Feature", "properties": { "grid_id": 638, "crime_count": 1.0, "name": "Shaughnessy" }, "geometry": { "type": "Polygon", "coordinates": [ [ [ 489823.558100000023842, 5455015.0603 ], [ 489823.558100000023842, 5455265.0603 ], [ 490073.558100000023842, 5455265.0603 ], [ 490073.558100000023842, 5455015.0603 ], [ 489823.558100000023842, 5455015.0603 ] ] ] } },
{ "type": "Feature", "properties": { "grid_id": 639, "crime_count": 2.0, "name": "Shaughnessy" }, "geometry": { "type": "Polygon", "coordinates": [ [ [ 489823.558100000023842, 5455265.0603 ], [ 489823.558100000023842, 5455515.0603 ], [ 490073.558100000023842, 5455515.0603 ], [ 490073.558100000023842, 5455265.0603 ], [ 489823.558100000023842, 5455265.0603 ] ] ] } },
{ "type": "Feature", "properties": { "grid_id": 640, "crime_count": 1.0, "name": "Shaughnessy" }, "geometry": { "type": "Polygon", "coordinates": [ [ [ 489823.558100000023842, 5455515.0603 ], [ 489823.558100000023842, 5455765.0603 ], [ 490073.558100000023842, 5455765.0603 ], [ 490073.558100000023842, 5455515.0603 ], [ 489823.558100000023842, 5455515.0603 ] ] ] } },
{ "type": "Feature", "properties": { "grid_id": 641, "crime_count": 1.0, "name": "Shaughnessy" }, "geometry": { "type": "Polygon", "coordinates": [ [ [ 489823.558100000023842, 5455765.0603 ], [ 489823.558100000023842, 5456015.0603 ], [ 490073.558100000023842, 5456015.0603 ], [ 490073.558100000023842, 5455765.0603 ], [ 489823.558100000023842, 5455765.0603 ] ] ] } },
{ "type": "Feature", "properties": { "grid_id": 642, "crime_count": 6.0, "name": "Fairview" }, "geometry": { "type": "Polygon", "coordinates": [ [ [ 489823.558100000023842, 5456015.0603 ], [ 489823.558100000023842, 5456265.0603 ], [ 490073.558100000023842, 5456265.0603 ], [ 490073.558100000023842, 5456015.0603 ], [ 489823.558100000023842, 5456015.0603 ] ], [ [ 489972.853524263540749, 5456082.944198620505631 ], [ 489962.845329197472893, 5456074.480804413557053 ], [ 489953.391482141450979, 5456065.592334274202585 ], [ 489944.491983614279889, 5456056.278785360045731 ], [ 489953.946635241562035, 5456065.59132072981447 ], [ 489963.400481399497949, 5456074.479791820049286 ], [ 489973.408675612183288, 5456082.943187036551535 ], [ 489983.41526789747877, 5456090.558419646695256 ], [ 489972.853524263540749, 5456082.944198620505631 ] ] ] } },
{ "type": "Feature", "properties": { "grid_id": 643, "crime_count": 17.0, "name": "Fairview" }, "geometry": { "type": "Polygon", "coordinates": [ [ [ 489823.558100000023842, 5456265.0603 ], [ 489823.558100000023842, 5456515.0603 ], [ 490073.558100000023842, 5456515.0603 ], [ 490073.558100000023842, 5456265.0603 ], [ 489823.558100000023842, 5456265.0603 ] ] ] } },
{ "type": "Feature", "properties": { "grid_id": 644, "crime_count": 30.0, "name": "Fairview" }, "geometry": { "type": "Polygon", "coordinates": [ [ [ 489823.558100000023842, 5456515.0603 ], [ 489823.558100000023842, 5456765.0603 ], [ 490073.558100000023842, 5456765.0603 ], [ 490073.558100000023842, 5456515.0603 ], [ 489823.558100000023842, 5456515.0603 ] ] ] } },
{ "type": "Feature", "properties": { "grid_id": 645, "crime_count": 14.0, "name": "Fairview" }, "geometry": { "type": "Polygon", "coordinates": [ [ [ 489823.558100000023842, 5456765.0603 ], [ 489823.558100000023842, 5457015.0603 ], [ 490073.558100000023842, 5457015.0603 ], [ 490073.558100000023842, 5456765.0603 ], [ 489823.558100000023842, 5456765.0603 ] ] ] } },
{ "type": "Feature", "properties": { "grid_id": 646, "crime_count": 5.0, "name": "Fairview" }, "geometry": { "type": "Polygon", "coordinates": [ [ [ 489823.558100000023842, 5457015.0603 ], [ 489823.558100000023842, 5457265.0603 ], [ 490073.558100000023842, 5457265.0603 ], [ 490073.558100000023842, 5457015.0603 ], [ 489823.558100000023842, 5457015.0603 ] ] ] } },
{ "type": "Feature", "properties": { "grid_id": 647, "crime_count": 0.0, "name": "Fairview" }, "geometry": { "type": "Polygon", "coordinates": [ [ [ 489823.558100000023842, 5457265.0603 ], [ 489823.558100000023842, 5457515.0603 ], [ 490073.558100000023842, 5457515.0603 ], [ 490073.558100000023842, 5457265.0603 ], [ 489823.558100000023842, 5457265.0603 ] ] ] } },
{ "type": "Feature", "properties": { "grid_id": 648, "crime_count": 0.0, "name": "Fairview" }, "geometry": { "type": "Polygon", "coordinates": [ [ [ 489823.558100000023842, 5457515.0603 ], [ 489823.558100000023842, 5457765.0603 ], [ 490073.558100000023842, 5457765.0603 ], [ 490073.558100000023842, 5457515.0603 ], [ 489823.558100000023842, 5457515.0603 ] ] ] } },
{ "type": "Feature", "properties": { "grid_id": 649, "crime_count": 0.0, "name": "Fairview" }, "geometry": { "type": "Polygon", "coordinates": [ [ [ 489823.558100000023842, 5457765.0603 ], [ 489823.558100000023842, 5458015.0603 ], [ 490073.558100000023842, 5458015.0603 ], [ 490073.558100000023842, 5457765.0603 ], [ 489823.558100000023842, 5457765.0603 ] ] ] } },
{ "type": "Feature", "properties": { "grid_id": 650, "crime_count": 0.0, "name": "West End" }, "geometry": { "type": "Polygon", "coordinates": [ [ [ 489823.558100000023842, 5458015.0603 ], [ 489823.558100000023842, 5458265.0603 ], [ 490073.558100000023842, 5458265.0603 ], [ 490073.558100000023842, 5458015.0603 ], [ 489823.558100000023842, 5458015.0603 ] ] ] } },
{ "type": "Feature", "properties": { "grid_id": 651, "crime_count": 0.0, "name": "West End" }, "geometry": { "type": "Polygon", "coordinates": [ [ [ 489823.558100000023842, 5458265.0603 ], [ 489823.558100000023842, 5458515.0603 ], [ 490073.558100000023842, 5458515.0603 ], [ 490073.558100000023842, 5458265.0603 ], [ 489823.558100000023842, 5458265.0603 ] ] ] } },
{ "type": "Feature", "properties": { "grid_id": 652, "crime_count": 5.0, "name": "West End" }, "geometry": { "type": "Polygon", "coordinates": [ [ [ 489823.558100000023842, 5458515.0603 ], [ 489823.558100000023842, 5458765.0603 ], [ 490073.558100000023842, 5458765.0603 ], [ 490073.558100000023842, 5458515.0603 ], [ 489823.558100000023842, 5458515.0603 ] ] ] } },
{ "type": "Feature", "properties": { "grid_id": 653, "crime_count": 7.0, "name": "West End" }, "geometry": { "type": "Polygon", "coordinates": [ [ [ 489823.558100000023842, 5458765.0603 ], [ 489823.558100000023842, 5459015.0603 ], [ 490073.558100000023842, 5459015.0603 ], [ 490073.558100000023842, 5458765.0603 ], [ 489823.558100000023842, 5458765.0603 ] ] ] } },
{ "type": "Feature", "properties": { "grid_id": 654, "crime_count": 74.0, "name": "West End" }, "geometry": { "type": "Polygon", "coordinates": [ [ [ 489823.558100000023842, 5459015.0603 ], [ 489823.558100000023842, 5459265.0603 ], [ 490073.558100000023842, 5459265.0603 ], [ 490073.558100000023842, 5459015.0603 ], [ 489823.558100000023842, 5459015.0603 ] ] ] } },
{ "type": "Feature", "properties": { "grid_id": 655, "crime_count": 6.0, "name": "West End" }, "geometry": { "type": "Polygon", "coordinates": [ [ [ 489823.558100000023842, 5459265.0603 ], [ 489823.558100000023842, 5459515.0603 ], [ 490073.558100000023842, 5459515.0603 ], [ 490073.558100000023842, 5459265.0603 ], [ 489823.558100000023842, 5459265.0603 ] ] ] } },
{ "type": "Feature", "properties": { "grid_id": 656, "crime_count": 48.0, "name": "West End" }, "geometry": { "type": "Polygon", "coordinates": [ [ [ 489823.558100000023842, 5459515.0603 ], [ 489823.558100000023842, 5459765.0603 ], [ 490073.558100000023842, 5459765.0603 ], [ 490073.558100000023842, 5459515.0603 ], [ 489823.558100000023842, 5459515.0603 ] ] ] } },
{ "type": "Feature", "properties": { "grid_id": 657, "crime_count": 15.0, "name": "West End" }, "geometry": { "type": "Polygon", "coordinates": [ [ [ 489823.558100000023842, 5459765.0603 ], [ 489823.558100000023842, 5460015.0603 ], [ 490073.558100000023842, 5460015.0603 ], [ 490073.558100000023842, 5459765.0603 ], [ 489823.558100000023842, 5459765.0603 ] ] ] } },
{ "type": "Feature", "properties": { "grid_id": 658, "crime_count": 2.0, "name": "West End" }, "geometry": { "type": "Polygon", "coordinates": [ [ [ 490073.558100000023842, 5460015.0603 ], [ 489823.558100000023842, 5460015.0603 ], [ 489823.558100000023842, 5460060.393477968871593 ], [ 489958.53005790093448, 5460094.374835785478354 ], [ 490061.902340451080818, 5460198.935852778144181 ], [ 490073.558100000023842, 5460211.01229225564748 ], [ 490073.558100000023842, 5460015.0603 ] ] ] } },
{ "type": "Feature", "properties": { "grid_id": 659, "crime_count": 4.0, "name": "Marpole" }, "geometry": { "type": "Polygon", "coordinates": [ [ [ 490073.558100000023842, 5450015.0603 ], [ 490073.558100000023842, 5450265.0603 ], [ 490323.558100000023842, 5450265.0603 ], [ 490323.558100000023842, 5450015.0603 ], [ 490073.558100000023842, 5450015.0603 ] ] ] } },
{ "type": "Feature", "properties": { "grid_id": 660, "crime_count": 5.0, "name": "Marpole" }, "geometry": { "type": "Polygon", "coordinates": [ [ [ 490073.558100000023842, 5450265.0603 ], [ 490073.558100000023842, 5450515.0603 ], [ 490323.558100000023842, 5450515.0603 ], [ 490323.558100000023842, 5450265.0603 ], [ 490073.558100000023842, 5450265.0603 ] ] ] } },
{ "type": "Feature", "properties": { "grid_id": 661, "crime_count": 4.0, "name": "Marpole" }, "geometry": { "type": "Polygon", "coordinates": [ [ [ 490073.558100000023842, 5450515.0603 ], [ 490073.558100000023842, 5450765.0603 ], [ 490323.558100000023842, 5450765.0603 ], [ 490323.558100000023842, 5450515.0603 ], [ 490073.558100000023842, 5450515.0603 ] ] ] } },
{ "type": "Feature", "properties": { "grid_id": 662, "crime_count": 3.0, "name": "Marpole" }, "geometry": { "type": "Polygon", "coordinates": [ [ [ 490073.558100000023842, 5450765.0603 ], [ 490073.558100000023842, 5451015.0603 ], [ 490323.558100000023842, 5451015.0603 ], [ 490323.558100000023842, 5450765.0603 ], [ 490073.558100000023842, 5450765.0603 ] ] ] } },
{ "type": "Feature", "properties": { "grid_id": 663, "crime_count": 2.0, "name": "Marpole" }, "geometry": { "type": "Polygon", "coordinates": [ [ [ 490073.558100000023842, 5451015.0603 ], [ 490073.558100000023842, 5451265.0603 ], [ 490323.558100000023842, 5451265.0603 ], [ 490323.558100000023842, 5451015.0603 ], [ 490073.558100000023842, 5451015.0603 ] ] ] } },
{ "type": "Feature", "properties": { "grid_id": 664, "crime_count": 3.0, "name": "Marpole" }, "geometry": { "type": "Polygon", "coordinates": [ [ [ 490073.558100000023842, 5451265.0603 ], [ 490073.558100000023842, 5451515.0603 ], [ 490323.558100000023842, 5451515.0603 ], [ 490323.558100000023842, 5451265.0603 ], [ 490073.558100000023842, 5451265.0603 ] ] ] } },
{ "type": "Feature", "properties": { "grid_id": 665, "crime_count": 0.0, "name": "Marpole" }, "geometry": { "type": "Polygon", "coordinates": [ [ [ 490073.558100000023842, 5451515.0603 ], [ 490073.558100000023842, 5451765.0603 ], [ 490323.558100000023842, 5451765.0603 ], [ 490323.558100000023842, 5451515.0603 ], [ 490073.558100000023842, 5451515.0603 ] ] ] } },
{ "type": "Feature", "properties": { "grid_id": 666, "crime_count": 0.0, "name": "Oakridge" }, "geometry": { "type": "Polygon", "coordinates": [ [ [ 490073.558100000023842, 5451765.0603 ], [ 490073.558100000023842, 5452015.0603 ], [ 490323.558100000023842, 5452015.0603 ], [ 490323.558100000023842, 5451765.0603 ], [ 490073.558100000023842, 5451765.0603 ] ] ] } },
{ "type": "Feature", "properties": { "grid_id": 667, "crime_count": 2.0, "name": "Oakridge" }, "geometry": { "type": "Polygon", "coordinates": [ [ [ 490073.558100000023842, 5452015.0603 ], [ 490073.558100000023842, 5452265.0603 ], [ 490323.558100000023842, 5452265.0603 ], [ 490323.558100000023842, 5452015.0603 ], [ 490073.558100000023842, 5452015.0603 ] ] ] } },
{ "type": "Feature", "properties": { "grid_id": 668, "crime_count": 0.0, "name": "Oakridge" }, "geometry": { "type": "Polygon", "coordinates": [ [ [ 490073.558100000023842, 5452265.0603 ], [ 490073.558100000023842, 5452515.0603 ], [ 490323.558100000023842, 5452515.0603 ], [ 490323.558100000023842, 5452265.0603 ], [ 490073.558100000023842, 5452265.0603 ] ] ] } },
{ "type": "Feature", "properties": { "grid_id": 669, "crime_count": 0.0, "name": "Oakridge" }, "geometry": { "type": "Polygon", "coordinates": [ [ [ 490073.558100000023842, 5452515.0603 ], [ 490073.558100000023842, 5452765.0603 ], [ 490323.558100000023842, 5452765.0603 ], [ 490323.558100000023842, 5452515.0603 ], [ 490073.558100000023842, 5452515.0603 ] ] ] } },
{ "type": "Feature", "properties": { "grid_id": 670, "crime_count": 0.0, "name": "Oakridge" }, "geometry": { "type": "Polygon", "coordinates": [ [ [ 490073.558100000023842, 5452765.0603 ], [ 490073.558100000023842, 5453015.0603 ], [ 490323.558100000023842, 5453015.0603 ], [ 490323.558100000023842, 5452765.0603 ], [ 490073.558100000023842, 5452765.0603 ] ] ] } },
{ "type": "Feature", "properties": { "grid_id": 671, "crime_count": 2.0, "name": "Oakridge" }, "geometry": { "type": "Polygon", "coordinates": [ [ [ 490073.558100000023842, 5453015.0603 ], [ 490073.558100000023842, 5453265.0603 ], [ 490323.558100000023842, 5453265.0603 ], [ 490323.558100000023842, 5453015.0603 ], [ 490073.558100000023842, 5453015.0603 ] ] ] } },
{ "type": "Feature", "properties": { "grid_id": 672, "crime_count": 0.0, "name": "Oakridge" }, "geometry": { "type": "Polygon", "coordinates": [ [ [ 490073.558100000023842, 5453265.0603 ], [ 490073.558100000023842, 5453515.0603 ], [ 490323.558100000023842, 5453515.0603 ], [ 490323.558100000023842, 5453265.0603 ], [ 490073.558100000023842, 5453265.0603 ] ] ] } },
{ "type": "Feature", "properties": { "grid_id": 673, "crime_count": 0.0, "name": "Shaughnessy" }, "geometry": { "type": "Polygon", "coordinates": [ [ [ 490073.558100000023842, 5453515.0603 ], [ 490073.558100000023842, 5453765.0603 ], [ 490323.558100000023842, 5453765.0603 ], [ 490323.558100000023842, 5453515.0603 ], [ 490073.558100000023842, 5453515.0603 ] ] ] } },
{ "type": "Feature", "properties": { "grid_id": 674, "crime_count": 1.0, "name": "Shaughnessy" }, "geometry": { "type": "Polygon", "coordinates": [ [ [ 490073.558100000023842, 5453765.0603 ], [ 490073.558100000023842, 5454015.0603 ], [ 490323.558100000023842, 5454015.0603 ], [ 490323.558100000023842, 5453765.0603 ], [ 490073.558100000023842, 5453765.0603 ] ] ] } },
{ "type": "Feature", "properties": { "grid_id": 675, "crime_count": 0.0, "name": "Shaughnessy" }, "geometry": { "type": "Polygon", "coordinates": [ [ [ 490073.558100000023842, 5454015.0603 ], [ 490073.558100000023842, 5454265.0603 ], [ 490323.558100000023842, 5454265.0603 ], [ 490323.558100000023842, 5454015.0603 ], [ 490073.558100000023842, 5454015.0603 ] ] ] } },
{ "type": "Feature", "properties": { "grid_id": 676, "crime_count": 0.0, "name": "Shaughnessy" }, "geometry": { "type": "Polygon", "coordinates": [ [ [ 490073.558100000023842, 5454265.0603 ], [ 490073.558100000023842, 5454515.0603 ], [ 490323.558100000023842, 5454515.0603 ], [ 490323.558100000023842, 5454265.0603 ], [ 490073.558100000023842, 5454265.0603 ] ] ] } },
{ "type": "Feature", "properties": { "grid_id": 677, "crime_count": 0.0, "name": "Shaughnessy" }, "geometry": { "type": "Polygon", "coordinates": [ [ [ 490073.558100000023842, 5454515.0603 ], [ 490073.558100000023842, 5454765.0603 ], [ 490323.558100000023842, 5454765.0603 ], [ 490323.558100000023842, 5454515.0603 ], [ 490073.558100000023842, 5454515.0603 ] ] ] } },
{ "type": "Feature", "properties": { "grid_id": 678, "crime_count": 0.0, "name": "Shaughnessy" }, "geometry": { "type": "Polygon", "coordinates": [ [ [ 490073.558100000023842, 5454765.0603 ], [ 490073.558100000023842, 5455015.0603 ], [ 490323.558100000023842, 5455015.0603 ], [ 490323.558100000023842, 5454765.0603 ], [ 490073.558100000023842, 5454765.0603 ] ] ] } },
{ "type": "Feature", "properties": { "grid_id": 679, "crime_count": 2.0, "name": "Shaughnessy" }, "geometry": { "type": "Polygon", "coordinates": [ [ [ 490073.558100000023842, 5455015.0603 ], [ 490073.558100000023842, 5455265.0603 ], [ 490323.558100000023842, 5455265.0603 ], [ 490323.558100000023842, 5455015.0603 ], [ 490073.558100000023842, 5455015.0603 ] ] ] } },
{ "type": "Feature", "properties": { "grid_id": 680, "crime_count": 0.0, "name": "Shaughnessy" }, "geometry": { "type": "Polygon", "coordinates": [ [ [ 490073.558100000023842, 5455265.0603 ], [ 490073.558100000023842, 5455515.0603 ], [ 490323.558100000023842, 5455515.0603 ], [ 490323.558100000023842, 5455265.0603 ], [ 490073.558100000023842, 5455265.0603 ] ] ] } },
{ "type": "Feature", "properties": { "grid_id": 681, "crime_count": 0.0, "name": "Shaughnessy" }, "geometry": { "type": "Polygon", "coordinates": [ [ [ 490073.558100000023842, 5455515.0603 ], [ 490073.558100000023842, 5455765.0603 ], [ 490323.558100000023842, 5455765.0603 ], [ 490323.558100000023842, 5455515.0603 ], [ 490073.558100000023842, 5455515.0603 ] ] ] } },
{ "type": "Feature", "properties": { "grid_id": 682, "crime_count": 3.0, "name": "Shaughnessy" }, "geometry": { "type": "Polygon", "coordinates": [ [ [ 490073.558100000023842, 5455765.0603 ], [ 490073.558100000023842, 5456015.0603 ], [ 490323.558100000023842, 5456015.0603 ], [ 490323.558100000023842, 5455765.0603 ], [ 490073.558100000023842, 5455765.0603 ] ] ] } },
{ "type": "Feature", "properties": { "grid_id": 683, "crime_count": 1.0, "name": "Fairview" }, "geometry": { "type": "Polygon", "coordinates": [ [ [ 490323.558100000023842, 5456015.0603 ], [ 490073.558100000023842, 5456015.0603 ], [ 490073.558100000023842, 5456265.0603 ], [ 490323.558100000023842, 5456265.0603 ], [ 490323.558100000023842, 5456094.87125279288739 ], [ 490319.848486503295135, 5456096.741621801629663 ], [ 490318.024196404614486, 5456097.536393052898347 ], [ 490323.558100000023842, 5456094.854471822269261 ], [ 490323.558100000023842, 5456015.0603 ] ], [ [ 490257.712992283748463, 5456120.175788481719792 ], [ 490236.627167183789425, 5456125.726226793602109 ], [ 490228.148356678080745, 5456127.402646456845105 ], [ 490245.505008506006561, 5456123.165989933535457 ], [ 490268.254795681801625, 5456116.76447869092226 ], [ 490287.15964147093473, 5456110.228433989919722 ], [ 490278.796612098289188, 5456113.353189126588404 ], [ 490257.712992283748463, 5456120.175788481719792 ] ], [ [ 490299.323639830632601, 5456105.683488055132329 ], [ 490293.561568474804517, 5456107.836423464119434 ], [ 490304.536178185488097, 5456103.412590662017465 ], [ 490299.323639830632601, 5456105.683488055132329 ] ] ] } },
{ "type": "Feature", "properties": { "grid_id": 684, "crime_count": 7.0, "name": "Fairview" }, "geometry": { "type": "Polygon", "coordinates": [ [ [ 490073.558100000023842, 5456265.0603 ], [ 490073.558100000023842, 5456515.0603 ], [ 490323.558100000023842, 5456515.0603 ], [ 490323.558100000023842, 5456265.0603 ], [ 490073.558100000023842, 5456265.0603 ] ] ] } },
{ "type": "Feature", "properties": { "grid_id": 685, "crime_count": 12.0, "name": "Fairview" }, "geometry": { "type": "Polygon", "coordinates": [ [ [ 490073.558100000023842, 5456515.0603 ], [ 490073.558100000023842, 5456765.0603 ], [ 490323.558100000023842, 5456765.0603 ], [ 490323.558100000023842, 5456515.0603 ], [ 490073.558100000023842, 5456515.0603 ] ] ] } },
{ "type": "Feature", "properties": { "grid_id": 686, "crime_count": 4.0, "name": "Fairview" }, "geometry": { "type": "Polygon", "coordinates": [ [ [ 490073.558100000023842, 5456765.0603 ], [ 490073.558100000023842, 5457015.0603 ], [ 490323.558100000023842, 5457015.0603 ], [ 490323.558100000023842, 5456765.0603 ], [ 490073.558100000023842, 5456765.0603 ] ] ] } },
{ "type": "Feature", "properties": { "grid_id": 687, "crime_count": 3.0, "name": "Fairview" }, "geometry": { "type": "Polygon", "coordinates": [ [ [ 490073.558100000023842, 5457015.0603 ], [ 490073.558100000023842, 5457265.0603 ], [ 490323.558100000023842, 5457265.0603 ], [ 490323.558100000023842, 5457015.0603 ], [ 490073.558100000023842, 5457015.0603 ] ] ] } },
{ "type": "Feature", "properties": { "grid_id": 688, "crime_count": 9.0, "name": "Fairview" }, "geometry": { "type": "Polygon", "coordinates": [ [ [ 490073.558100000023842, 5457265.0603 ], [ 490073.558100000023842, 5457515.0603 ], [ 490323.558100000023842, 5457515.0603 ], [ 490323.558100000023842, 5457265.0603 ], [ 490073.558100000023842, 5457265.0603 ] ] ] } },
{ "type": "Feature", "properties": { "grid_id": 689, "crime_count": 30.0, "name": "Fairview" }, "geometry": { "type": "Polygon", "coordinates": [ [ [ 490073.558100000023842, 5457515.0603 ], [ 490073.558100000023842, 5457765.0603 ], [ 490323.558100000023842, 5457765.0603 ], [ 490323.558100000023842, 5457515.0603 ], [ 490073.558100000023842, 5457515.0603 ] ] ] } },
{ "type": "Feature", "properties": { "grid_id": 690, "crime_count": 13.0, "name": "Downtown" }, "geometry": { "type": "Polygon", "coordinates": [ [ [ 490073.558100000023842, 5457765.0603 ], [ 490073.558100000023842, 5458015.0603 ], [ 490323.558100000023842, 5458015.0603 ], [ 490323.558100000023842, 5457765.0603 ], [ 490073.558100000023842, 5457765.0603 ] ] ] } },
{ "type": "Feature", "properties": { "grid_id": 691, "crime_count": 13.0, "name": "Downtown" }, "geometry": { "type": "Polygon", "coordinates": [ [ [ 490073.558100000023842, 5458015.0603 ], [ 490073.558100000023842, 5458265.0603 ], [ 490323.558100000023842, 5458265.0603 ], [ 490323.558100000023842, 5458015.0603 ], [ 490073.558100000023842, 5458015.0603 ] ] ] } },
{ "type": "Feature", "properties": { "grid_id": 692, "crime_count": 9.0, "name": "West End" }, "geometry": { "type": "Polygon", "coordinates": [ [ [ 490073.558100000023842, 5458265.0603 ], [ 490073.558100000023842, 5458515.0603 ], [ 490323.558100000023842, 5458515.0603 ], [ 490323.558100000023842, 5458265.0603 ], [ 490073.558100000023842, 5458265.0603 ] ] ] } },
{ "type": "Feature", "properties": { "grid_id": 693, "crime_count": 11.0, "name": "West End" }, "geometry": { "type": "Polygon", "coordinates": [ [ [ 490073.558100000023842, 5458515.0603 ], [ 490073.558100000023842, 5458765.0603 ], [ 490323.558100000023842, 5458765.0603 ], [ 490323.558100000023842, 5458515.0603 ], [ 490073.558100000023842, 5458515.0603 ] ] ] } },
{ "type": "Feature", "properties": { "grid_id": 694, "crime_count": 29.0, "name": "West End" }, "geometry": { "type": "Polygon", "coordinates": [ [ [ 490073.558100000023842, 5458765.0603 ], [ 490073.558100000023842, 5459015.0603 ], [ 490323.558100000023842, 5459015.0603 ], [ 490323.558100000023842, 5458765.0603 ], [ 490073.558100000023842, 5458765.0603 ] ] ] } },
{ "type": "Feature", "properties": { "grid_id": 695, "crime_count": 12.0, "name": "West End" }, "geometry": { "type": "Polygon", "coordinates": [ [ [ 490073.558100000023842, 5459015.0603 ], [ 490073.558100000023842, 5459265.0603 ], [ 490323.558100000023842, 5459265.0603 ], [ 490323.558100000023842, 5459015.0603 ], [ 490073.558100000023842, 5459015.0603 ] ] ] } },
{ "type": "Feature", "properties": { "grid_id": 696, "crime_count": 7.0, "name": "West End" }, "geometry": { "type": "Polygon", "coordinates": [ [ [ 490073.558100000023842, 5459265.0603 ], [ 490073.558100000023842, 5459515.0603 ], [ 490323.558100000023842, 5459515.0603 ], [ 490323.558100000023842, 5459265.0603 ], [ 490073.558100000023842, 5459265.0603 ] ] ] } },
{ "type": "Feature", "properties": { "grid_id": 697, "crime_count": 8.0, "name": "West End" }, "geometry": { "type": "Polygon", "coordinates": [ [ [ 490073.558100000023842, 5459515.0603 ], [ 490073.558100000023842, 5459765.0603 ], [ 490323.558100000023842, 5459765.0603 ], [ 490323.558100000023842, 5459515.0603 ], [ 490073.558100000023842, 5459515.0603 ] ] ] } },
{ "type": "Feature", "properties": { "grid_id": 698, "crime_count": 62.0, "name": "West End" }, "geometry": { "type": "Polygon", "coordinates": [ [ [ 490073.558100000023842, 5459765.0603 ], [ 490073.558100000023842, 5460015.0603 ], [ 490323.558100000023842, 5460015.0603 ], [ 490323.558100000023842, 5459765.0603 ], [ 490073.558100000023842, 5459765.0603 ] ] ] } },
{ "type": "Feature", "properties": { "grid_id": 699, "crime_count": 3.0, "name": "Downtown" }, "geometry": { "type": "Polygon", "coordinates": [ [ [ 490323.558100000023842, 5460265.0603 ], [ 490323.558100000023842, 5460015.0603 ], [ 490073.558100000023842, 5460015.0603 ], [ 490073.558100000023842, 5460211.01229225564748 ], [ 490125.723358106217347, 5460265.0603 ], [ 490323.558100000023842, 5460265.0603 ] ] ] } },
{ "type": "Feature", "properties": { "grid_id": 700, "crime_count": 0.0, "name": "Downtown" }, "geometry": { "type": "Polygon", "coordinates": [ [ [ 490323.558100000023842, 5460265.0603 ], [ 490125.723358106217347, 5460265.0603 ], [ 490206.956719575682655, 5460349.225537730380893 ], [ 490323.558100000023842, 5460284.81019430514425 ], [ 490323.558100000023842, 5460265.0603 ] ] ] } },
{ "type": "Feature", "properties": { "grid_id": 701, "crime_count": 6.0, "name": "Marpole" }, "geometry": { "type": "Polygon", "coordinates": [ [ [ 490323.558100000023842, 5450015.0603 ], [ 490323.558100000023842, 5450265.0603 ], [ 490573.558100000023842, 5450265.0603 ], [ 490573.558100000023842, 5450015.0603 ], [ 490323.558100000023842, 5450015.0603 ] ] ] } },
{ "type": "Feature", "properties": { "grid_id": 702, "crime_count": 1.0, "name": "Marpole" }, "geometry": { "type": "Polygon", "coordinates": [ [ [ 490323.558100000023842, 5450265.0603 ], [ 490323.558100000023842, 5450515.0603 ], [ 490573.558100000023842, 5450515.0603 ], [ 490573.558100000023842, 5450265.0603 ], [ 490323.558100000023842, 5450265.0603 ] ] ] } },
{ "type": "Feature", "properties": { "grid_id": 703, "crime_count": 2.0, "name": "Marpole" }, "geometry": { "type": "Polygon", "coordinates": [ [ [ 490323.558100000023842, 5450515.0603 ], [ 490323.558100000023842, 5450765.0603 ], [ 490573.558100000023842, 5450765.0603 ], [ 490573.558100000023842, 5450515.0603 ], [ 490323.558100000023842, 5450515.0603 ] ] ] } },
{ "type": "Feature", "properties": { "grid_id": 704, "crime_count": 8.0, "name": "Marpole" }, "geometry": { "type": "Polygon", "coordinates": [ [ [ 490323.558100000023842, 5450765.0603 ], [ 490323.558100000023842, 5451015.0603 ], [ 490573.558100000023842, 5451015.0603 ], [ 490573.558100000023842, 5450765.0603 ], [ 490323.558100000023842, 5450765.0603 ] ] ] } },
{ "type": "Feature", "properties": { "grid_id": 705, "crime_count": 3.0, "name": "Marpole" }, "geometry": { "type": "Polygon", "coordinates": [ [ [ 490323.558100000023842, 5451015.0603 ], [ 490323.558100000023842, 5451265.0603 ], [ 490573.558100000023842, 5451265.0603 ], [ 490573.558100000023842, 5451015.0603 ], [ 490323.558100000023842, 5451015.0603 ] ] ] } },
{ "type": "Feature", "properties": { "grid_id": 706, "crime_count": 1.0, "name": "Marpole" }, "geometry": { "type": "Polygon", "coordinates": [ [ [ 490323.558100000023842, 5451265.0603 ], [ 490323.558100000023842, 5451515.0603 ], [ 490573.558100000023842, 5451515.0603 ], [ 490573.558100000023842, 5451265.0603 ], [ 490323.558100000023842, 5451265.0603 ] ] ] } },
{ "type": "Feature", "properties": { "grid_id": 707, "crime_count": 0.0, "name": "Marpole" }, "geometry": { "type": "Polygon", "coordinates": [ [ [ 490323.558100000023842, 5451515.0603 ], [ 490323.558100000023842, 5451765.0603 ], [ 490573.558100000023842, 5451765.0603 ], [ 490573.558100000023842, 5451515.0603 ], [ 490323.558100000023842, 5451515.0603 ] ] ] } },
{ "type": "Feature", "properties": { "grid_id": 708, "crime_count": 3.0, "name": "Oakridge" }, "geometry": { "type": "Polygon", "coordinates": [ [ [ 490323.558100000023842, 5451765.0603 ], [ 490323.558100000023842, 5452015.0603 ], [ 490573.558100000023842, 5452015.0603 ], [ 490573.558100000023842, 5451765.0603 ], [ 490323.558100000023842, 5451765.0603 ] ] ] } },
{ "type": "Feature", "properties": { "grid_id": 709, "crime_count": 1.0, "name": "Oakridge" }, "geometry": { "type": "Polygon", "coordinates": [ [ [ 490323.558100000023842, 5452015.0603 ], [ 490323.558100000023842, 5452265.0603 ], [ 490573.558100000023842, 5452265.0603 ], [ 490573.558100000023842, 5452015.0603 ], [ 490323.558100000023842, 5452015.0603 ] ] ] } },
{ "type": "Feature", "properties": { "grid_id": 710, "crime_count": 0.0, "name": "Oakridge" }, "geometry": { "type": "Polygon", "coordinates": [ [ [ 490323.558100000023842, 5452265.0603 ], [ 490323.558100000023842, 5452515.0603 ], [ 490573.558100000023842, 5452515.0603 ], [ 490573.558100000023842, 5452265.0603 ], [ 490323.558100000023842, 5452265.0603 ] ] ] } },
{ "type": "Feature", "properties": { "grid_id": 711, "crime_count": 0.0, "name": "Oakridge" }, "geometry": { "type": "Polygon", "coordinates": [ [ [ 490323.558100000023842, 5452515.0603 ], [ 490323.558100000023842, 5452765.0603 ], [ 490573.558100000023842, 5452765.0603 ], [ 490573.558100000023842, 5452515.0603 ], [ 490323.558100000023842, 5452515.0603 ] ] ] } },
{ "type": "Feature", "properties": { "grid_id": 712, "crime_count": 1.0, "name": "Oakridge" }, "geometry": { "type": "Polygon", "coordinates": [ [ [ 490323.558100000023842, 5452765.0603 ], [ 490323.558100000023842, 5453015.0603 ], [ 490573.558100000023842, 5453015.0603 ], [ 490573.558100000023842, 5452765.0603 ], [ 490323.558100000023842, 5452765.0603 ] ] ] } },
{ "type": "Feature", "properties": { "grid_id": 713, "crime_count": 0.0, "name": "Oakridge" }, "geometry": { "type": "Polygon", "coordinates": [ [ [ 490323.558100000023842, 5453015.0603 ], [ 490323.558100000023842, 5453265.0603 ], [ 490573.558100000023842, 5453265.0603 ], [ 490573.558100000023842, 5453015.0603 ], [ 490323.558100000023842, 5453015.0603 ] ] ] } },
{ "type": "Feature", "properties": { "grid_id": 714, "crime_count": 0.0, "name": "Oakridge" }, "geometry": { "type": "Polygon", "coordinates": [ [ [ 490323.558100000023842, 5453265.0603 ], [ 490323.558100000023842, 5453515.0603 ], [ 490573.558100000023842, 5453515.0603 ], [ 490573.558100000023842, 5453265.0603 ], [ 490323.558100000023842, 5453265.0603 ] ] ] } },
{ "type": "Feature", "properties": { "grid_id": 715, "crime_count": 1.0, "name": "Shaughnessy" }, "geometry": { "type": "Polygon", "coordinates": [ [ [ 490323.558100000023842, 5453515.0603 ], [ 490323.558100000023842, 5453765.0603 ], [ 490573.558100000023842, 5453765.0603 ], [ 490573.558100000023842, 5453515.0603 ], [ 490323.558100000023842, 5453515.0603 ] ] ] } },
{ "type": "Feature", "properties": { "grid_id": 716, "crime_count": 2.0, "name": "Shaughnessy" }, "geometry": { "type": "Polygon", "coordinates": [ [ [ 490323.558100000023842, 5453765.0603 ], [ 490323.558100000023842, 5454015.0603 ], [ 490573.558100000023842, 5454015.0603 ], [ 490573.558100000023842, 5453765.0603 ], [ 490323.558100000023842, 5453765.0603 ] ] ] } },
{ "type": "Feature", "properties": { "grid_id": 717, "crime_count": 0.0, "name": "Shaughnessy" }, "geometry": { "type": "Polygon", "coordinates": [ [ [ 490323.558100000023842, 5454015.0603 ], [ 490323.558100000023842, 5454265.0603 ], [ 490573.558100000023842, 5454265.0603 ], [ 490573.558100000023842, 5454015.0603 ], [ 490323.558100000023842, 5454015.0603 ] ] ] } },
{ "type": "Feature", "properties": { "grid_id": 718, "crime_count": 0.0, "name": "Shaughnessy" }, "geometry": { "type": "Polygon", "coordinates": [ [ [ 490323.558100000023842, 5454265.0603 ], [ 490323.558100000023842, 5454515.0603 ], [ 490573.558100000023842, 5454515.0603 ], [ 490573.558100000023842, 5454265.0603 ], [ 490323.558100000023842, 5454265.0603 ] ] ] } },
{ "type": "Feature", "properties": { "grid_id": 719, "crime_count": 1.0, "name": "Shaughnessy" }, "geometry": { "type": "Polygon", "coordinates": [ [ [ 490323.558100000023842, 5454515.0603 ], [ 490323.558100000023842, 5454765.0603 ], [ 490573.558100000023842, 5454765.0603 ], [ 490573.558100000023842, 5454515.0603 ], [ 490323.558100000023842, 5454515.0603 ] ] ] } },
{ "type": "Feature", "properties": { "grid_id": 720, "crime_count": 1.0, "name": "Shaughnessy" }, "geometry": { "type": "Polygon", "coordinates": [ [ [ 490323.558100000023842, 5454765.0603 ], [ 490323.558100000023842, 5455015.0603 ], [ 490573.558100000023842, 5455015.0603 ], [ 490573.558100000023842, 5454765.0603 ], [ 490323.558100000023842, 5454765.0603 ] ] ] } },
{ "type": "Feature", "properties": { "grid_id": 721, "crime_count": 0.0, "name": "Shaughnessy" }, "geometry": { "type": "Polygon", "coordinates": [ [ [ 490323.558100000023842, 5455015.0603 ], [ 490323.558100000023842, 5455265.0603 ], [ 490573.558100000023842, 5455265.0603 ], [ 490573.558100000023842, 5455015.0603 ], [ 490323.558100000023842, 5455015.0603 ] ] ] } },
{ "type": "Feature", "properties": { "grid_id": 722, "crime_count": 0.0, "name": "Shaughnessy" }, "geometry": { "type": "Polygon", "coordinates": [ [ [ 490323.558100000023842, 5455265.0603 ], [ 490323.558100000023842, 5455515.0603 ], [ 490573.558100000023842, 5455515.0603 ], [ 490573.558100000023842, 5455265.0603 ], [ 490323.558100000023842, 5455265.0603 ] ] ] } },
{ "type": "Feature", "properties": { "grid_id": 723, "crime_count": 2.0, "name": "Shaughnessy" }, "geometry": { "type": "Polygon", "coordinates": [ [ [ 490323.558100000023842, 5455515.0603 ], [ 490323.558100000023842, 5455765.0603 ], [ 490573.558100000023842, 5455765.0603 ], [ 490573.558100000023842, 5455515.0603 ], [ 490323.558100000023842, 5455515.0603 ] ] ] } },
{ "type": "Feature", "properties": { "grid_id": 724, "crime_count": 0.0, "name": "Shaughnessy" }, "geometry": { "type": "Polygon", "coordinates": [ [ [ 490323.558100000023842, 5455765.0603 ], [ 490323.558100000023842, 5456015.0603 ], [ 490573.558100000023842, 5456015.0603 ], [ 490573.558100000023842, 5455765.0603 ], [ 490323.558100000023842, 5455765.0603 ] ] ] } },
{ "type": "Feature", "properties": { "grid_id": 725, "crime_count": 4.0, "name": "Fairview" }, "geometry": { "type": "Polygon", "coordinates": [ [ [ 490323.558100000023842, 5456265.0603 ], [ 490573.558100000023842, 5456265.0603 ], [ 490573.558100000023842, 5456015.0603 ], [ 490323.558100000023842, 5456015.0603 ], [ 490323.558100000023842, 5456094.854471822269261 ], [ 490324.416000770695973, 5456094.438703414052725 ], [ 490323.558100000023842, 5456094.87125279288739 ], [ 490323.558100000023842, 5456265.0603 ] ], [ [ 490339.261609031760599, 5456086.953620230779052 ], [ 490336.989911415847018, 5456088.098999074660242 ], [ 490351.822276522580069, 5456079.796675894409418 ], [ 490339.261609031760599, 5456086.953620230779052 ] ], [ [ 490354.585927135020029, 5456078.221975059248507 ], [ 490374.199023511027917, 5456065.688297247514129 ], [ 490390.62012606265489, 5456054.176713291555643 ], [ 490376.971822193067055, 5456063.987119868397713 ], [ 490358.672571392380632, 5456075.893445504829288 ], [ 490354.585927135020029, 5456078.221975059248507 ] ], [ [ 490394.714517214219086, 5456051.233663205057383 ], [ 490394.352441927301697, 5456051.493923073634505 ], [ 490411.900660821353085, 5456037.633070184849203 ], [ 490394.714517214219086, 5456051.233663205057383 ] ] ] } },
{ "type": "Feature", "properties": { "grid_id": 726, "crime_count": 2.0, "name": "Fairview" }, "geometry": { "type": "Polygon", "coordinates": [ [ [ 490323.558100000023842, 5456265.0603 ], [ 490323.558100000023842, 5456515.0603 ], [ 490573.558100000023842, 5456515.0603 ], [ 490573.558100000023842, 5456265.0603 ], [ 490323.558100000023842, 5456265.0603 ] ] ] } },
{ "type": "Feature", "properties": { "grid_id": 727, "crime_count": 13.0, "name": "Fairview" }, "geometry": { "type": "Polygon", "coordinates": [ [ [ 490323.558100000023842, 5456515.0603 ], [ 490323.558100000023842, 5456765.0603 ], [ 490573.558100000023842, 5456765.0603 ], [ 490573.558100000023842, 5456515.0603 ], [ 490323.558100000023842, 5456515.0603 ] ] ] } },
{ "type": "Feature", "properties": { "grid_id": 728, "crime_count": 6.0, "name": "Fairview" }, "geometry": { "type": "Polygon", "coordinates": [ [ [ 490323.558100000023842, 5456765.0603 ], [ 490323.558100000023842, 5457015.0603 ], [ 490573.558100000023842, 5457015.0603 ], [ 490573.558100000023842, 5456765.0603 ], [ 490323.558100000023842, 5456765.0603 ] ] ] } },
{ "type": "Feature", "properties": { "grid_id": 729, "crime_count": 3.0, "name": "Fairview" }, "geometry": { "type": "Polygon", "coordinates": [ [ [ 490323.558100000023842, 5457015.0603 ], [ 490323.558100000023842, 5457265.0603 ], [ 490573.558100000023842, 5457265.0603 ], [ 490573.558100000023842, 5457015.0603 ], [ 490323.558100000023842, 5457015.0603 ] ] ] } },
{ "type": "Feature", "properties": { "grid_id": 730, "crime_count": 3.0, "name": "Fairview" }, "geometry": { "type": "Polygon", "coordinates": [ [ [ 490323.558100000023842, 5457265.0603 ], [ 490323.558100000023842, 5457515.0603 ], [ 490573.558100000023842, 5457515.0603 ], [ 490573.558100000023842, 5457265.0603 ], [ 490323.558100000023842, 5457265.0603 ] ] ] } },
{ "type": "Feature", "properties": { "grid_id": 731, "crime_count": 0.0, "name": "Downtown" }, "geometry": { "type": "Polygon", "coordinates": [ [ [ 490323.558100000023842, 5457515.0603 ], [ 490323.558100000023842, 5457765.0603 ], [ 490573.558100000023842, 5457765.0603 ], [ 490573.558100000023842, 5457515.0603 ], [ 490323.558100000023842, 5457515.0603 ] ] ] } },
{ "type": "Feature", "properties": { "grid_id": 732, "crime_count": 8.0, "name": "Downtown" }, "geometry": { "type": "Polygon", "coordinates": [ [ [ 490323.558100000023842, 5457765.0603 ], [ 490323.558100000023842, 5458015.0603 ], [ 490573.558100000023842, 5458015.0603 ], [ 490573.558100000023842, 5457765.0603 ], [ 490323.558100000023842, 5457765.0603 ] ] ] } },
{ "type": "Feature", "properties": { "grid_id": 733, "crime_count": 56.0, "name": "Downtown" }, "geometry": { "type": "Polygon", "coordinates": [ [ [ 490323.558100000023842, 5458015.0603 ], [ 490323.558100000023842, 5458265.0603 ], [ 490573.558100000023842, 5458265.0603 ], [ 490573.558100000023842, 5458015.0603 ], [ 490323.558100000023842, 5458015.0603 ] ] ] } },
{ "type": "Feature", "properties": { "grid_id": 734, "crime_count": 17.0, "name": "West End" }, "geometry": { "type": "Polygon", "coordinates": [ [ [ 490323.558100000023842, 5458265.0603 ], [ 490323.558100000023842, 5458515.0603 ], [ 490573.558100000023842, 5458515.0603 ], [ 490573.558100000023842, 5458265.0603 ], [ 490323.558100000023842, 5458265.0603 ] ] ] } },
{ "type": "Feature", "properties": { "grid_id": 735, "crime_count": 86.0, "name": "West End" }, "geometry": { "type": "Polygon", "coordinates": [ [ [ 490323.558100000023842, 5458515.0603 ], [ 490323.558100000023842, 5458765.0603 ], [ 490573.558100000023842, 5458765.0603 ], [ 490573.558100000023842, 5458515.0603 ], [ 490323.558100000023842, 5458515.0603 ] ] ] } },
{ "type": "Feature", "properties": { "grid_id": 736, "crime_count": 22.0, "name": "West End" }, "geometry": { "type": "Polygon", "coordinates": [ [ [ 490323.558100000023842, 5458765.0603 ], [ 490323.558100000023842, 5459015.0603 ], [ 490573.558100000023842, 5459015.0603 ], [ 490573.558100000023842, 5458765.0603 ], [ 490323.558100000023842, 5458765.0603 ] ] ] } },
{ "type": "Feature", "properties": { "grid_id": 737, "crime_count": 8.0, "name": "West End" }, "geometry": { "type": "Polygon", "coordinates": [ [ [ 490323.558100000023842, 5459015.0603 ], [ 490323.558100000023842, 5459265.0603 ], [ 490573.558100000023842, 5459265.0603 ], [ 490573.558100000023842, 5459015.0603 ], [ 490323.558100000023842, 5459015.0603 ] ] ] } },
{ "type": "Feature", "properties": { "grid_id": 738, "crime_count": 12.0, "name": "West End" }, "geometry": { "type": "Polygon", "coordinates": [ [ [ 490323.558100000023842, 5459265.0603 ], [ 490323.558100000023842, 5459515.0603 ], [ 490573.558100000023842, 5459515.0603 ], [ 490573.558100000023842, 5459265.0603 ], [ 490323.558100000023842, 5459265.0603 ] ] ] } },
{ "type": "Feature", "properties": { "grid_id": 739, "crime_count": 25.0, "name": "West End" }, "geometry": { "type": "Polygon", "coordinates": [ [ [ 490323.558100000023842, 5459515.0603 ], [ 490323.558100000023842, 5459765.0603 ], [ 490573.558100000023842, 5459765.0603 ], [ 490573.558100000023842, 5459515.0603 ], [ 490323.558100000023842, 5459515.0603 ] ] ] } },
{ "type": "Feature", "properties": { "grid_id": 740, "crime_count": 4.0, "name": "Downtown" }, "geometry": { "type": "Polygon", "coordinates": [ [ [ 490323.558100000023842, 5459765.0603 ], [ 490323.558100000023842, 5460015.0603 ], [ 490573.558100000023842, 5460015.0603 ], [ 490573.558100000023842, 5459765.0603 ], [ 490323.558100000023842, 5459765.0603 ] ] ] } },
{ "type": "Feature", "properties": { "grid_id": 741, "crime_count": 2.0, "name": "Downtown" }, "geometry": { "type": "Polygon", "coordinates": [ [ [ 490573.558100000023842, 5460015.0603 ], [ 490323.558100000023842, 5460015.0603 ], [ 490323.558100000023842, 5460265.0603 ], [ 490359.308354780834634, 5460265.0603 ], [ 490573.558100000023842, 5460146.70002959202975 ], [ 490573.558100000023842, 5460015.0603 ] ] ] } },
{ "type": "Feature", "properties": { "grid_id": 742, "crime_count": 0.0, "name": "Downtown" }, "geometry": { "type": "Polygon", "coordinates": [ [ [ 490323.558100000023842, 5460265.0603 ], [ 490323.558100000023842, 5460284.81019430514425 ], [ 490359.308354780834634, 5460265.0603 ], [ 490323.558100000023842, 5460265.0603 ] ] ] } },
{ "type": "Feature", "properties": { "grid_id": 743, "crime_count": 0.0, "name": "Marpole" }, "geometry": { "type": "Polygon", "coordinates": [ [ [ 490573.558100000023842, 5450015.0603 ], [ 490573.558100000023842, 5450265.0603 ], [ 490823.558100000023842, 5450265.0603 ], [ 490823.558100000023842, 5450015.0603 ], [ 490573.558100000023842, 5450015.0603 ] ] ] } },
{ "type": "Feature", "properties": { "grid_id": 744, "crime_count": 4.0, "name": "Marpole" }, "geometry": { "type": "Polygon", "coordinates": [ [ [ 490573.558100000023842, 5450265.0603 ], [ 490573.558100000023842, 5450515.0603 ], [ 490823.558100000023842, 5450515.0603 ], [ 490823.558100000023842, 5450265.0603 ], [ 490573.558100000023842, 5450265.0603 ] ] ] } },
{ "type": "Feature", "properties": { "grid_id": 745, "crime_count": 9.0, "name": "Marpole" }, "geometry": { "type": "Polygon", "coordinates": [ [ [ 490573.558100000023842, 5450515.0603 ], [ 490573.558100000023842, 5450765.0603 ], [ 490823.558100000023842, 5450765.0603 ], [ 490823.558100000023842, 5450515.0603 ], [ 490573.558100000023842, 5450515.0603 ] ] ] } },
{ "type": "Feature", "properties": { "grid_id": 746, "crime_count": 2.0, "name": "Marpole" }, "geometry": { "type": "Polygon", "coordinates": [ [ [ 490573.558100000023842, 5450765.0603 ], [ 490573.558100000023842, 5451015.0603 ], [ 490823.558100000023842, 5451015.0603 ], [ 490823.558100000023842, 5450765.0603 ], [ 490573.558100000023842, 5450765.0603 ] ] ] } },
{ "type": "Feature", "properties": { "grid_id": 747, "crime_count": 3.0, "name": "Marpole" }, "geometry": { "type": "Polygon", "coordinates": [ [ [ 490573.558100000023842, 5451015.0603 ], [ 490573.558100000023842, 5451265.0603 ], [ 490823.558100000023842, 5451265.0603 ], [ 490823.558100000023842, 5451015.0603 ], [ 490573.558100000023842, 5451015.0603 ] ] ] } },
{ "type": "Feature", "properties": { "grid_id": 748, "crime_count": 1.0, "name": "Marpole" }, "geometry": { "type": "Polygon", "coordinates": [ [ [ 490573.558100000023842, 5451265.0603 ], [ 490573.558100000023842, 5451515.0603 ], [ 490823.558100000023842, 5451515.0603 ], [ 490823.558100000023842, 5451265.0603 ], [ 490573.558100000023842, 5451265.0603 ] ] ] } },
{ "type": "Feature", "properties": { "grid_id": 749, "crime_count": 2.0, "name": "Marpole" }, "geometry": { "type": "Polygon", "coordinates": [ [ [ 490573.558100000023842, 5451515.0603 ], [ 490573.558100000023842, 5451765.0603 ], [ 490823.558100000023842, 5451765.0603 ], [ 490823.558100000023842, 5451515.0603 ], [ 490573.558100000023842, 5451515.0603 ] ] ] } },
{ "type": "Feature", "properties": { "grid_id": 750, "crime_count": 3.0, "name": "Oakridge" }, "geometry": { "type": "Polygon", "coordinates": [ [ [ 490573.558100000023842, 5451765.0603 ], [ 490573.558100000023842, 5452015.0603 ], [ 490823.558100000023842, 5452015.0603 ], [ 490823.558100000023842, 5451765.0603 ], [ 490573.558100000023842, 5451765.0603 ] ] ] } },
{ "type": "Feature", "properties": { "grid_id": 751, "crime_count": 0.0, "name": "Oakridge" }, "geometry": { "type": "Polygon", "coordinates": [ [ [ 490573.558100000023842, 5452015.0603 ], [ 490573.558100000023842, 5452265.0603 ], [ 490823.558100000023842, 5452265.0603 ], [ 490823.558100000023842, 5452015.0603 ], [ 490573.558100000023842, 5452015.0603 ] ] ] } },
{ "type": "Feature", "properties": { "grid_id": 752, "crime_count": 0.0, "name": "Oakridge" }, "geometry": { "type": "Polygon", "coordinates": [ [ [ 490573.558100000023842, 5452265.0603 ], [ 490573.558100000023842, 5452515.0603 ], [ 490823.558100000023842, 5452515.0603 ], [ 490823.558100000023842, 5452265.0603 ], [ 490573.558100000023842, 5452265.0603 ] ] ] } },
{ "type": "Feature", "properties": { "grid_id": 753, "crime_count": 5.0, "name": "Oakridge" }, "geometry": { "type": "Polygon", "coordinates": [ [ [ 490573.558100000023842, 5452515.0603 ], [ 490573.558100000023842, 5452765.0603 ], [ 490823.558100000023842, 5452765.0603 ], [ 490823.558100000023842, 5452515.0603 ], [ 490573.558100000023842, 5452515.0603 ] ] ] } },
{ "type": "Feature", "properties": { "grid_id": 754, "crime_count": 0.0, "name": "Oakridge" }, "geometry": { "type": "Polygon", "coordinates": [ [ [ 490573.558100000023842, 5452765.0603 ], [ 490573.558100000023842, 5453015.0603 ], [ 490823.558100000023842, 5453015.0603 ], [ 490823.558100000023842, 5452765.0603 ], [ 490573.558100000023842, 5452765.0603 ] ] ] } },
{ "type": "Feature", "properties": { "grid_id": 755, "crime_count": 2.0, "name": "Oakridge" }, "geometry": { "type": "Polygon", "coordinates": [ [ [ 490573.558100000023842, 5453015.0603 ], [ 490573.558100000023842, 5453265.0603 ], [ 490823.558100000023842, 5453265.0603 ], [ 490823.558100000023842, 5453015.0603 ], [ 490573.558100000023842, 5453015.0603 ] ] ] } },
{ "type": "Feature", "properties": { "grid_id": 756, "crime_count": 6.0, "name": "Oakridge" }, "geometry": { "type": "Polygon", "coordinates": [ [ [ 490823.558100000023842, 5453265.0603 ], [ 490573.558100000023842, 5453265.0603 ], [ 490573.558100000023842, 5453515.0603 ], [ 490823.558100000023842, 5453515.0603 ], [ 490823.558100000023842, 5453458.405753181315958 ], [ 490678.464696950977668, 5453466.396184769459069 ], [ 490823.558100000023842, 5453458.36875734757632 ], [ 490823.558100000023842, 5453265.0603 ] ] ] } },
{ "type": "Feature", "properties": { "grid_id": 757, "crime_count": 5.0, "name": "South Cambie" }, "geometry": { "type": "Polygon", "coordinates": [ [ [ 490573.558100000023842, 5453515.0603 ], [ 490573.558100000023842, 5453765.0603 ], [ 490823.558100000023842, 5453765.0603 ], [ 490823.558100000023842, 5453515.0603 ], [ 490573.558100000023842, 5453515.0603 ] ] ] } },
{ "type": "Feature", "properties": { "grid_id": 758, "crime_count": 7.0, "name": "South Cambie" }, "geometry": { "type": "Polygon", "coordinates": [ [ [ 490573.558100000023842, 5453765.0603 ], [ 490573.558100000023842, 5454015.0603 ], [ 490823.558100000023842, 5454015.0603 ], [ 490823.558100000023842, 5453765.0603 ], [ 490573.558100000023842, 5453765.0603 ] ] ] } },
{ "type": "Feature", "properties": { "grid_id": 759, "crime_count": 0.0, "name": "South Cambie" }, "geometry": { "type": "Polygon", "coordinates": [ [ [ 490573.558100000023842, 5454015.0603 ], [ 490573.558100000023842, 5454265.0603 ], [ 490823.558100000023842, 5454265.0603 ], [ 490823.558100000023842, 5454015.0603 ], [ 490573.558100000023842, 5454015.0603 ] ] ] } },
{ "type": "Feature", "properties": { "grid_id": 760, "crime_count": 7.0, "name": "Shaughnessy" }, "geometry": { "type": "Polygon", "coordinates": [ [ [ 490573.558100000023842, 5454265.0603 ], [ 490573.558100000023842, 5454515.0603 ], [ 490823.558100000023842, 5454515.0603 ], [ 490823.558100000023842, 5454265.0603 ], [ 490573.558100000023842, 5454265.0603 ] ] ] } },
{ "type": "Feature", "properties": { "grid_id": 761, "crime_count": 5.0, "name": "Shaughnessy" }, "geometry": { "type": "Polygon", "coordinates": [ [ [ 490573.558100000023842, 5454515.0603 ], [ 490573.558100000023842, 5454765.0603 ], [ 490823.558100000023842, 5454765.0603 ], [ 490823.558100000023842, 5454515.0603 ], [ 490573.558100000023842, 5454515.0603 ] ] ] } },
{ "type": "Feature", "properties": { "grid_id": 762, "crime_count": 1.0, "name": "Shaughnessy" }, "geometry": { "type": "Polygon", "coordinates": [ [ [ 490573.558100000023842, 5454765.0603 ], [ 490573.558100000023842, 5455015.0603 ], [ 490823.558100000023842, 5455015.0603 ], [ 490823.558100000023842, 5454765.0603 ], [ 490573.558100000023842, 5454765.0603 ] ] ] } },
{ "type": "Feature", "properties": { "grid_id": 763, "crime_count": 31.0, "name": "Shaughnessy" }, "geometry": { "type": "Polygon", "coordinates": [ [ [ 490573.558100000023842, 5455015.0603 ], [ 490573.558100000023842, 5455265.0603 ], [ 490823.558100000023842, 5455265.0603 ], [ 490823.558100000023842, 5455015.0603 ], [ 490573.558100000023842, 5455015.0603 ] ] ] } },
{ "type": "Feature", "properties": { "grid_id": 764, "crime_count": 4.0, "name": "Shaughnessy" }, "geometry": { "type": "Polygon", "coordinates": [ [ [ 490573.558100000023842, 5455265.0603 ], [ 490573.558100000023842, 5455515.0603 ], [ 490823.558100000023842, 5455515.0603 ], [ 490823.558100000023842, 5455265.0603 ], [ 490573.558100000023842, 5455265.0603 ] ] ] } },
{ "type": "Feature", "properties": { "grid_id": 765, "crime_count": 3.0, "name": "Shaughnessy" }, "geometry": { "type": "Polygon", "coordinates": [ [ [ 490573.558100000023842, 5455515.0603 ], [ 490573.558100000023842, 5455765.0603 ], [ 490823.558100000023842, 5455765.0603 ], [ 490823.558100000023842, 5455515.0603 ], [ 490573.558100000023842, 5455515.0603 ] ] ] } },
{ "type": "Feature", "properties": { "grid_id": 766, "crime_count": 1.0, "name": "Shaughnessy" }, "geometry": { "type": "Polygon", "coordinates": [ [ [ 490573.558100000023842, 5455765.0603 ], [ 490573.558100000023842, 5456015.0603 ], [ 490823.558100000023842, 5456015.0603 ], [ 490823.558100000023842, 5455765.0603 ], [ 490573.558100000023842, 5455765.0603 ] ] ] } },
{ "type": "Feature", "properties": { "grid_id": 767, "crime_count": 1.0, "name": "Fairview" }, "geometry": { "type": "Polygon", "coordinates": [ [ [ 490573.558100000023842, 5456015.0603 ], [ 490573.558100000023842, 5456265.0603 ], [ 490823.558100000023842, 5456265.0603 ], [ 490823.558100000023842, 5456015.0603 ], [ 490573.558100000023842, 5456015.0603 ] ] ] } },
{ "type": "Feature", "properties": { "grid_id": 768, "crime_count": 6.0, "name": "Fairview" }, "geometry": { "type": "Polygon", "coordinates": [ [ [ 490573.558100000023842, 5456265.0603 ], [ 490573.558100000023842, 5456515.0603 ], [ 490823.558100000023842, 5456515.0603 ], [ 490823.558100000023842, 5456265.0603 ], [ 490573.558100000023842, 5456265.0603 ] ] ] } },
{ "type": "Feature", "properties": { "grid_id": 769, "crime_count": 12.0, "name": "Fairview" }, "geometry": { "type": "Polygon", "coordinates": [ [ [ 490573.558100000023842, 5456515.0603 ], [ 490573.558100000023842, 5456765.0603 ], [ 490823.558100000023842, 5456765.0603 ], [ 490823.558100000023842, 5456515.0603 ], [ 490573.558100000023842, 5456515.0603 ] ] ] } },
{ "type": "Feature", "properties": { "grid_id": 770, "crime_count": 11.0, "name": "Fairview" }, "geometry": { "type": "Polygon", "coordinates": [ [ [ 490573.558100000023842, 5456765.0603 ], [ 490573.558100000023842, 5457015.0603 ], [ 490823.558100000023842, 5457015.0603 ], [ 490823.558100000023842, 5456765.0603 ], [ 490573.558100000023842, 5456765.0603 ] ] ] } },
{ "type": "Feature", "properties": { "grid_id": 771, "crime_count": 4.0, "name": "Fairview" }, "geometry": { "type": "Polygon", "coordinates": [ [ [ 490573.558100000023842, 5457015.0603 ], [ 490573.558100000023842, 5457265.0603 ], [ 490823.558100000023842, 5457265.0603 ], [ 490823.558100000023842, 5457015.0603 ], [ 490573.558100000023842, 5457015.0603 ] ] ] } },
{ "type": "Feature", "properties": { "grid_id": 772, "crime_count": 0.0, "name": "Fairview" }, "geometry": { "type": "Polygon", "coordinates": [ [ [ 490573.558100000023842, 5457265.0603 ], [ 490573.558100000023842, 5457515.0603 ], [ 490823.558100000023842, 5457515.0603 ], [ 490823.558100000023842, 5457265.0603 ], [ 490573.558100000023842, 5457265.0603 ] ] ] } },
{ "type": "Feature", "properties": { "grid_id": 773, "crime_count": 3.0, "name": "Downtown" }, "geometry": { "type": "Polygon", "coordinates": [ [ [ 490573.558100000023842, 5457515.0603 ], [ 490573.558100000023842, 5457765.0603 ], [ 490823.558100000023842, 5457765.0603 ], [ 490823.558100000023842, 5457515.0603 ], [ 490573.558100000023842, 5457515.0603 ] ] ] } },
{ "type": "Feature", "properties": { "grid_id": 774, "crime_count": 7.0, "name": "Downtown" }, "geometry": { "type": "Polygon", "coordinates": [ [ [ 490573.558100000023842, 5457765.0603 ], [ 490573.558100000023842, 5458015.0603 ], [ 490823.558100000023842, 5458015.0603 ], [ 490823.558100000023842, 5457765.0603 ], [ 490573.558100000023842, 5457765.0603 ] ] ] } },
{ "type": "Feature", "properties": { "grid_id": 775, "crime_count": 47.0, "name": "Downtown" }, "geometry": { "type": "Polygon", "coordinates": [ [ [ 490573.558100000023842, 5458015.0603 ], [ 490573.558100000023842, 5458265.0603 ], [ 490823.558100000023842, 5458265.0603 ], [ 490823.558100000023842, 5458015.0603 ], [ 490573.558100000023842, 5458015.0603 ] ] ] } },
{ "type": "Feature", "properties": { "grid_id": 776, "crime_count": 78.0, "name": "Downtown" }, "geometry": { "type": "Polygon", "coordinates": [ [ [ 490573.558100000023842, 5458265.0603 ], [ 490573.558100000023842, 5458515.0603 ], [ 490823.558100000023842, 5458515.0603 ], [ 490823.558100000023842, 5458265.0603 ], [ 490573.558100000023842, 5458265.0603 ] ] ] } },
{ "type": "Feature", "properties": { "grid_id": 777, "crime_count": 72.0, "name": "West End" }, "geometry": { "type": "Polygon", "coordinates": [ [ [ 490573.558100000023842, 5458515.0603 ], [ 490573.558100000023842, 5458765.0603 ], [ 490823.558100000023842, 5458765.0603 ], [ 490823.558100000023842, 5458515.0603 ], [ 490573.558100000023842, 5458515.0603 ] ] ] } },
{ "type": "Feature", "properties": { "grid_id": 778, "crime_count": 14.0, "name": "West End" }, "geometry": { "type": "Polygon", "coordinates": [ [ [ 490573.558100000023842, 5458765.0603 ], [ 490573.558100000023842, 5459015.0603 ], [ 490823.558100000023842, 5459015.0603 ], [ 490823.558100000023842, 5458765.0603 ], [ 490573.558100000023842, 5458765.0603 ] ] ] } },
{ "type": "Feature", "properties": { "grid_id": 779, "crime_count": 36.0, "name": "West End" }, "geometry": { "type": "Polygon", "coordinates": [ [ [ 490573.558100000023842, 5459015.0603 ], [ 490573.558100000023842, 5459265.0603 ], [ 490823.558100000023842, 5459265.0603 ], [ 490823.558100000023842, 5459015.0603 ], [ 490573.558100000023842, 5459015.0603 ] ] ] } },
{ "type": "Feature", "properties": { "grid_id": 780, "crime_count": 63.0, "name": "West End" }, "geometry": { "type": "Polygon", "coordinates": [ [ [ 490573.558100000023842, 5459265.0603 ], [ 490573.558100000023842, 5459515.0603 ], [ 490823.558100000023842, 5459515.0603 ], [ 490823.558100000023842, 5459265.0603 ], [ 490573.558100000023842, 5459265.0603 ] ] ] } },
{ "type": "Feature", "properties": { "grid_id": 781, "crime_count": 9.0, "name": "Downtown" }, "geometry": { "type": "Polygon", "coordinates": [ [ [ 490573.558100000023842, 5459515.0603 ], [ 490573.558100000023842, 5459765.0603 ], [ 490823.558100000023842, 5459765.0603 ], [ 490823.558100000023842, 5459515.0603 ], [ 490573.558100000023842, 5459515.0603 ] ] ] } },
{ "type": "Feature", "properties": { "grid_id": 782, "crime_count": 7.0, "name": "Downtown" }, "geometry": { "type": "Polygon", "coordinates": [ [ [ 490823.558100000023842, 5459765.0603 ], [ 490573.558100000023842, 5459765.0603 ], [ 490573.558100000023842, 5460015.0603 ], [ 490811.845647235284559, 5460015.0603 ], [ 490823.558100000023842, 5460008.589864877983928 ], [ 490823.558100000023842, 5459765.0603 ] ] ] } },
{ "type": "Feature", "properties": { "grid_id": 783, "crime_count": 0.0, "name": "Downtown" }, "geometry": { "type": "Polygon", "coordinates": [ [ [ 490573.558100000023842, 5460015.0603 ], [ 490573.558100000023842, 5460146.70002959202975 ], [ 490811.845647235284559, 5460015.0603 ], [ 490573.558100000023842, 5460015.0603 ] ] ] } },
{ "type": "Feature", "properties": { "grid_id": 784, "crime_count": 0.0, "name": "Marpole" }, "geometry": { "type": "Polygon", "coordinates": [ [ [ 490823.558100000023842, 5450015.0603 ], [ 490823.558100000023842, 5450265.0603 ], [ 491073.558100000023842, 5450265.0603 ], [ 491073.558100000023842, 5450015.0603 ], [ 490823.558100000023842, 5450015.0603 ] ] ] } },
{ "type": "Feature", "properties": { "grid_id": 785, "crime_count": 3.0, "name": "Marpole" }, "geometry": { "type": "Polygon", "coordinates": [ [ [ 490823.558100000023842, 5450265.0603 ], [ 490823.558100000023842, 5450515.0603 ], [ 491073.558100000023842, 5450515.0603 ], [ 491073.558100000023842, 5450265.0603 ], [ 490823.558100000023842, 5450265.0603 ] ] ] } },
{ "type": "Feature", "properties": { "grid_id": 786, "crime_count": 2.0, "name": "Marpole" }, "geometry": { "type": "Polygon", "coordinates": [ [ [ 490823.558100000023842, 5450515.0603 ], [ 490823.558100000023842, 5450765.0603 ], [ 491073.558100000023842, 5450765.0603 ], [ 491073.558100000023842, 5450515.0603 ], [ 490823.558100000023842, 5450515.0603 ] ] ] } },
{ "type": "Feature", "properties": { "grid_id": 787, "crime_count": 3.0, "name": "Marpole" }, "geometry": { "type": "Polygon", "coordinates": [ [ [ 490823.558100000023842, 5450765.0603 ], [ 490823.558100000023842, 5451015.0603 ], [ 491073.558100000023842, 5451015.0603 ], [ 491073.558100000023842, 5450765.0603 ], [ 490823.558100000023842, 5450765.0603 ] ] ] } },
{ "type": "Feature", "properties": { "grid_id": 788, "crime_count": 2.0, "name": "Marpole" }, "geometry": { "type": "Polygon", "coordinates": [ [ [ 490823.558100000023842, 5451015.0603 ], [ 490823.558100000023842, 5451265.0603 ], [ 491073.558100000023842, 5451265.0603 ], [ 491073.558100000023842, 5451015.0603 ], [ 490823.558100000023842, 5451015.0603 ] ] ] } },
{ "type": "Feature", "properties": { "grid_id": 789, "crime_count": 0.0, "name": "Marpole" }, "geometry": { "type": "Polygon", "coordinates": [ [ [ 490823.558100000023842, 5451265.0603 ], [ 490823.558100000023842, 5451515.0603 ], [ 491073.558100000023842, 5451515.0603 ], [ 491073.558100000023842, 5451265.0603 ], [ 490823.558100000023842, 5451265.0603 ] ] ] } },
{ "type": "Feature", "properties": { "grid_id": 790, "crime_count": 1.0, "name": "Marpole" }, "geometry": { "type": "Polygon", "coordinates": [ [ [ 490823.558100000023842, 5451515.0603 ], [ 490823.558100000023842, 5451765.0603 ], [ 491073.558100000023842, 5451765.0603 ], [ 491073.558100000023842, 5451515.0603 ], [ 490823.558100000023842, 5451515.0603 ] ] ] } },
{ "type": "Feature", "properties": { "grid_id": 791, "crime_count": 1.0, "name": "Oakridge" }, "geometry": { "type": "Polygon", "coordinates": [ [ [ 490823.558100000023842, 5451765.0603 ], [ 490823.558100000023842, 5452015.0603 ], [ 491073.558100000023842, 5452015.0603 ], [ 491073.558100000023842, 5451765.0603 ], [ 490823.558100000023842, 5451765.0603 ] ] ] } },
{ "type": "Feature", "properties": { "grid_id": 792, "crime_count": 6.0, "name": "Oakridge" }, "geometry": { "type": "Polygon", "coordinates": [ [ [ 490823.558100000023842, 5452015.0603 ], [ 490823.558100000023842, 5452265.0603 ], [ 491073.558100000023842, 5452265.0603 ], [ 491073.558100000023842, 5452015.0603 ], [ 490823.558100000023842, 5452015.0603 ] ] ] } },
{ "type": "Feature", "properties": { "grid_id": 793, "crime_count": 2.0, "name": "Oakridge" }, "geometry": { "type": "Polygon", "coordinates": [ [ [ 490823.558100000023842, 5452265.0603 ], [ 490823.558100000023842, 5452515.0603 ], [ 491073.558100000023842, 5452515.0603 ], [ 491073.558100000023842, 5452265.0603 ], [ 490823.558100000023842, 5452265.0603 ] ] ] } },
{ "type": "Feature", "properties": { "grid_id": 794, "crime_count": 1.0, "name": "Oakridge" }, "geometry": { "type": "Polygon", "coordinates": [ [ [ 490823.558100000023842, 5452515.0603 ], [ 490823.558100000023842, 5452765.0603 ], [ 491073.558100000023842, 5452765.0603 ], [ 491073.558100000023842, 5452515.0603 ], [ 490823.558100000023842, 5452515.0603 ] ] ] } },
{ "type": "Feature", "properties": { "grid_id": 795, "crime_count": 2.0, "name": "Oakridge" }, "geometry": { "type": "Polygon", "coordinates": [ [ [ 490823.558100000023842, 5452765.0603 ], [ 490823.558100000023842, 5453015.0603 ], [ 491073.558100000023842, 5453015.0603 ], [ 491073.558100000023842, 5452765.0603 ], [ 490823.558100000023842, 5452765.0603 ] ] ] } },
{ "type": "Feature", "properties": { "grid_id": 796, "crime_count": 3.0, "name": "Oakridge" }, "geometry": { "type": "Polygon", "coordinates": [ [ [ 490823.558100000023842, 5453015.0603 ], [ 490823.558100000023842, 5453265.0603 ], [ 491073.558100000023842, 5453265.0603 ], [ 491073.558100000023842, 5453015.0603 ], [ 490823.558100000023842, 5453015.0603 ] ] ] } },
{ "type": "Feature", "properties": { "grid_id": 797, "crime_count": 1.0, "name": "Oakridge" }, "geometry": { "type": "MultiPolygon", "coordinates": [ [ [ [ 491073.558100000023842, 5453265.0603 ], [ 490823.558100000023842, 5453265.0603 ], [ 490823.558100000023842, 5453458.36875734757632 ], [ 491073.558100000023842, 5453444.53727491479367 ], [ 491073.558100000023842, 5453265.0603 ] ] ], [ [ [ 490823.558100000023842, 5453515.0603 ], [ 491073.558100000023842, 5453515.0603 ], [ 491073.558100000023842, 5453444.638015607371926 ], [ 490823.558100000023842, 5453458.405753181315958 ], [ 490823.558100000023842, 5453515.0603 ] ] ] ] } },
{ "type": "Feature", "properties": { "grid_id": 798, "crime_count": 0.0, "name": "South Cambie" }, "geometry": { "type": "Polygon", "coordinates": [ [ [ 490823.558100000023842, 5453515.0603 ], [ 490823.558100000023842, 5453765.0603 ], [ 491073.558100000023842, 5453765.0603 ], [ 491073.558100000023842, 5453515.0603 ], [ 490823.558100000023842, 5453515.0603 ] ] ] } },
{ "type": "Feature", "properties": { "grid_id": 799, "crime_count": 2.0, "name": "South Cambie" }, "geometry": { "type": "Polygon", "coordinates": [ [ [ 490823.558100000023842, 5453765.0603 ], [ 490823.558100000023842, 5454015.0603 ], [ 491073.558100000023842, 5454015.0603 ], [ 491073.558100000023842, 5453765.0603 ], [ 490823.558100000023842, 5453765.0603 ] ] ] } },
{ "type": "Feature", "properties": { "grid_id": 800, "crime_count": 3.0, "name": "South Cambie" }, "geometry": { "type": "Polygon", "coordinates": [ [ [ 490823.558100000023842, 5454015.0603 ], [ 490823.558100000023842, 5454265.0603 ], [ 491073.558100000023842, 5454265.0603 ], [ 491073.558100000023842, 5454015.0603 ], [ 490823.558100000023842, 5454015.0603 ] ] ] } },
{ "type": "Feature", "properties": { "grid_id": 801, "crime_count": 0.0, "name": "South Cambie" }, "geometry": { "type": "Polygon", "coordinates": [ [ [ 490823.558100000023842, 5454265.0603 ], [ 490823.558100000023842, 5454515.0603 ], [ 491073.558100000023842, 5454515.0603 ], [ 491073.558100000023842, 5454265.0603 ], [ 490823.558100000023842, 5454265.0603 ] ] ] } },
{ "type": "Feature", "properties": { "grid_id": 802, "crime_count": 0.0, "name": "South Cambie" }, "geometry": { "type": "Polygon", "coordinates": [ [ [ 490823.558100000023842, 5454515.0603 ], [ 490823.558100000023842, 5454765.0603 ], [ 491073.558100000023842, 5454765.0603 ], [ 491073.558100000023842, 5454515.0603 ], [ 490823.558100000023842, 5454515.0603 ] ] ] } },
{ "type": "Feature", "properties": { "grid_id": 803, "crime_count": 0.0, "name": "South Cambie" }, "geometry": { "type": "Polygon", "coordinates": [ [ [ 490823.558100000023842, 5454765.0603 ], [ 490823.558100000023842, 5455015.0603 ], [ 491073.558100000023842, 5455015.0603 ], [ 491073.558100000023842, 5454765.0603 ], [ 490823.558100000023842, 5454765.0603 ] ] ] } },
{ "type": "Feature", "properties": { "grid_id": 804, "crime_count": 4.0, "name": "South Cambie" }, "geometry": { "type": "Polygon", "coordinates": [ [ [ 490823.558100000023842, 5455015.0603 ], [ 490823.558100000023842, 5455265.0603 ], [ 491073.558100000023842, 5455265.0603 ], [ 491073.558100000023842, 5455015.0603 ], [ 490823.558100000023842, 5455015.0603 ] ] ] } },
{ "type": "Feature", "properties": { "grid_id": 805, "crime_count": 6.0, "name": "South Cambie" }, "geometry": { "type": "Polygon", "coordinates": [ [ [ 490823.558100000023842, 5455265.0603 ], [ 490823.558100000023842, 5455515.0603 ], [ 491073.558100000023842, 5455515.0603 ], [ 491073.558100000023842, 5455265.0603 ], [ 490823.558100000023842, 5455265.0603 ] ] ] } },
{ "type": "Feature", "properties": { "grid_id": 806, "crime_count": 3.0, "name": "South Cambie" }, "geometry": { "type": "Polygon", "coordinates": [ [ [ 490823.558100000023842, 5455515.0603 ], [ 490823.558100000023842, 5455765.0603 ], [ 491073.558100000023842, 5455765.0603 ], [ 491073.558100000023842, 5455515.0603 ], [ 490823.558100000023842, 5455515.0603 ] ] ] } },
{ "type": "Feature", "properties": { "grid_id": 807, "crime_count": 2.0, "name": "South Cambie" }, "geometry": { "type": "Polygon", "coordinates": [ [ [ 490823.558100000023842, 5455765.0603 ], [ 490823.558100000023842, 5456015.0603 ], [ 491073.558100000023842, 5456015.0603 ], [ 491073.558100000023842, 5455765.0603 ], [ 490823.558100000023842, 5455765.0603 ] ] ] } },
{ "type": "Feature", "properties": { "grid_id": 808, "crime_count": 1.0, "name": "Fairview" }, "geometry": { "type": "Polygon", "coordinates": [ [ [ 490823.558100000023842, 5456015.0603 ], [ 490823.558100000023842, 5456265.0603 ], [ 491073.558100000023842, 5456265.0603 ], [ 491073.558100000023842, 5456015.0603 ], [ 490823.558100000023842, 5456015.0603 ] ] ] } },
{ "type": "Feature", "properties": { "grid_id": 809, "crime_count": 24.0, "name": "Fairview" }, "geometry": { "type": "Polygon", "coordinates": [ [ [ 490823.558100000023842, 5456265.0603 ], [ 490823.558100000023842, 5456515.0603 ], [ 491073.558100000023842, 5456515.0603 ], [ 491073.558100000023842, 5456265.0603 ], [ 490823.558100000023842, 5456265.0603 ] ] ] } },
{ "type": "Feature", "properties": { "grid_id": 810, "crime_count": 10.0, "name": "Fairview" }, "geometry": { "type": "Polygon", "coordinates": [ [ [ 490823.558100000023842, 5456515.0603 ], [ 490823.558100000023842, 5456765.0603 ], [ 491073.558100000023842, 5456765.0603 ], [ 491073.558100000023842, 5456515.0603 ], [ 490823.558100000023842, 5456515.0603 ] ] ] } },
{ "type": "Feature", "properties": { "grid_id": 811, "crime_count": 5.0, "name": "Fairview" }, "geometry": { "type": "Polygon", "coordinates": [ [ [ 490823.558100000023842, 5456765.0603 ], [ 490823.558100000023842, 5457015.0603 ], [ 491073.558100000023842, 5457015.0603 ], [ 491073.558100000023842, 5456765.0603 ], [ 490823.558100000023842, 5456765.0603 ] ] ] } },
{ "type": "Feature", "properties": { "grid_id": 812, "crime_count": 0.0, "name": "Fairview" }, "geometry": { "type": "Polygon", "coordinates": [ [ [ 490823.558100000023842, 5457015.0603 ], [ 490823.558100000023842, 5457265.0603 ], [ 491073.558100000023842, 5457265.0603 ], [ 491073.558100000023842, 5457015.0603 ], [ 490823.558100000023842, 5457015.0603 ] ] ] } },
{ "type": "Feature", "properties": { "grid_id": 813, "crime_count": 0.0, "name": "Fairview" }, "geometry": { "type": "Polygon", "coordinates": [ [ [ 490823.558100000023842, 5457265.0603 ], [ 490823.558100000023842, 5457515.0603 ], [ 491073.558100000023842, 5457515.0603 ], [ 491073.558100000023842, 5457265.0603 ], [ 490823.558100000023842, 5457265.0603 ] ] ] } },
{ "type": "Feature", "properties": { "grid_id": 814, "crime_count": 0.0, "name": "Downtown" }, "geometry": { "type": "Polygon", "coordinates": [ [ [ 490823.558100000023842, 5457515.0603 ], [ 490823.558100000023842, 5457765.0603 ], [ 491073.558100000023842, 5457765.0603 ], [ 491073.558100000023842, 5457515.0603 ], [ 490823.558100000023842, 5457515.0603 ] ] ] } },
{ "type": "Feature", "properties": { "grid_id": 815, "crime_count": 12.0, "name": "Downtown" }, "geometry": { "type": "Polygon", "coordinates": [ [ [ 490823.558100000023842, 5457765.0603 ], [ 490823.558100000023842, 5458015.0603 ], [ 491073.558100000023842, 5458015.0603 ], [ 491073.558100000023842, 5457765.0603 ], [ 490823.558100000023842, 5457765.0603 ] ] ] } },
{ "type": "Feature", "properties": { "grid_id": 816, "crime_count": 39.0, "name": "Downtown" }, "geometry": { "type": "Polygon", "coordinates": [ [ [ 490823.558100000023842, 5458015.0603 ], [ 490823.558100000023842, 5458265.0603 ], [ 491073.558100000023842, 5458265.0603 ], [ 491073.558100000023842, 5458015.0603 ], [ 490823.558100000023842, 5458015.0603 ] ] ] } },
{ "type": "Feature", "properties": { "grid_id": 817, "crime_count": 152.0, "name": "Downtown" }, "geometry": { "type": "Polygon", "coordinates": [ [ [ 490823.558100000023842, 5458265.0603 ], [ 490823.558100000023842, 5458515.0603 ], [ 491073.558100000023842, 5458515.0603 ], [ 491073.558100000023842, 5458265.0603 ], [ 490823.558100000023842, 5458265.0603 ] ] ] } },
{ "type": "Feature", "properties": { "grid_id": 818, "crime_count": 47.0, "name": "Downtown" }, "geometry": { "type": "Polygon", "coordinates": [ [ [ 490823.558100000023842, 5458515.0603 ], [ 490823.558100000023842, 5458765.0603 ], [ 491073.558100000023842, 5458765.0603 ], [ 491073.558100000023842, 5458515.0603 ], [ 490823.558100000023842, 5458515.0603 ] ] ] } },
{ "type": "Feature", "properties": { "grid_id": 819, "crime_count": 135.0, "name": "West End" }, "geometry": { "type": "Polygon", "coordinates": [ [ [ 490823.558100000023842, 5458765.0603 ], [ 490823.558100000023842, 5459015.0603 ], [ 491073.558100000023842, 5459015.0603 ], [ 491073.558100000023842, 5458765.0603 ], [ 490823.558100000023842, 5458765.0603 ] ] ] } },
{ "type": "Feature", "properties": { "grid_id": 820, "crime_count": 131.0, "name": "West End" }, "geometry": { "type": "Polygon", "coordinates": [ [ [ 490823.558100000023842, 5459015.0603 ], [ 490823.558100000023842, 5459265.0603 ], [ 491073.558100000023842, 5459265.0603 ], [ 491073.558100000023842, 5459015.0603 ], [ 490823.558100000023842, 5459015.0603 ] ] ] } },
{ "type": "Feature", "properties": { "grid_id": 821, "crime_count": 26.0, "name": "Downtown" }, "geometry": { "type": "Polygon", "coordinates": [ [ [ 490823.558100000023842, 5459265.0603 ], [ 490823.558100000023842, 5459515.0603 ], [ 491073.558100000023842, 5459515.0603 ], [ 491073.558100000023842, 5459265.0603 ], [ 490823.558100000023842, 5459265.0603 ] ] ] } },
{ "type": "Feature", "properties": { "grid_id": 822, "crime_count": 45.0, "name": "Downtown" }, "geometry": { "type": "Polygon", "coordinates": [ [ [ 490823.558100000023842, 5459515.0603 ], [ 490823.558100000023842, 5459765.0603 ], [ 491073.558100000023842, 5459765.0603 ], [ 491073.558100000023842, 5459515.0603 ], [ 490823.558100000023842, 5459515.0603 ] ] ] } },
{ "type": "Feature", "properties": { "grid_id": 823, "crime_count": 0.0, "name": "Downtown" }, "geometry": { "type": "Polygon", "coordinates": [ [ [ 491073.558100000023842, 5459765.0603 ], [ 490823.558100000023842, 5459765.0603 ], [ 490823.558100000023842, 5460008.589864877983928 ], [ 491073.558100000023842, 5459870.479700163938105 ], [ 491073.558100000023842, 5459765.0603 ] ] ] } },
{ "type": "Feature", "properties": { "grid_id": 824, "crime_count": 1.0, "name": "Marpole" }, "geometry": { "type": "Polygon", "coordinates": [ [ [ 491073.558100000023842, 5450015.0603 ], [ 491073.558100000023842, 5450265.0603 ], [ 491323.558100000023842, 5450265.0603 ], [ 491323.558100000023842, 5450015.0603 ], [ 491073.558100000023842, 5450015.0603 ] ] ] } },
{ "type": "Feature", "properties": { "grid_id": 825, "crime_count": 2.0, "name": "Marpole" }, "geometry": { "type": "Polygon", "coordinates": [ [ [ 491073.558100000023842, 5450265.0603 ], [ 491073.558100000023842, 5450515.0603 ], [ 491323.558100000023842, 5450515.0603 ], [ 491323.558100000023842, 5450265.0603 ], [ 491073.558100000023842, 5450265.0603 ] ] ] } },
{ "type": "Feature", "properties": { "grid_id": 826, "crime_count": 5.0, "name": "Marpole" }, "geometry": { "type": "Polygon", "coordinates": [ [ [ 491073.558100000023842, 5450515.0603 ], [ 491073.558100000023842, 5450765.0603 ], [ 491323.558100000023842, 5450765.0603 ], [ 491323.558100000023842, 5450515.0603 ], [ 491073.558100000023842, 5450515.0603 ] ] ] } },
{ "type": "Feature", "properties": { "grid_id": 827, "crime_count": 2.0, "name": "Marpole" }, "geometry": { "type": "Polygon", "coordinates": [ [ [ 491073.558100000023842, 5450765.0603 ], [ 491073.558100000023842, 5451015.0603 ], [ 491323.558100000023842, 5451015.0603 ], [ 491323.558100000023842, 5450765.0603 ], [ 491073.558100000023842, 5450765.0603 ] ] ] } },
{ "type": "Feature", "properties": { "grid_id": 828, "crime_count": 0.0, "name": "Marpole" }, "geometry": { "type": "Polygon", "coordinates": [ [ [ 491073.558100000023842, 5451015.0603 ], [ 491073.558100000023842, 5451265.0603 ], [ 491323.558100000023842, 5451265.0603 ], [ 491323.558100000023842, 5451015.0603 ], [ 491073.558100000023842, 5451015.0603 ] ] ] } },
{ "type": "Feature", "properties": { "grid_id": 829, "crime_count": 1.0, "name": "Marpole" }, "geometry": { "type": "Polygon", "coordinates": [ [ [ 491073.558100000023842, 5451265.0603 ], [ 491073.558100000023842, 5451515.0603 ], [ 491323.558100000023842, 5451515.0603 ], [ 491323.558100000023842, 5451265.0603 ], [ 491073.558100000023842, 5451265.0603 ] ] ] } },
{ "type": "Feature", "properties": { "grid_id": 830, "crime_count": 0.0, "name": "Marpole" }, "geometry": { "type": "Polygon", "coordinates": [ [ [ 491073.558100000023842, 5451515.0603 ], [ 491073.558100000023842, 5451765.0603 ], [ 491323.558100000023842, 5451765.0603 ], [ 491323.558100000023842, 5451515.0603 ], [ 491073.558100000023842, 5451515.0603 ] ] ] } },
{ "type": "Feature", "properties": { "grid_id": 831, "crime_count": 2.0, "name": "Oakridge" }, "geometry": { "type": "Polygon", "coordinates": [ [ [ 491073.558100000023842, 5451765.0603 ], [ 491073.558100000023842, 5452015.0603 ], [ 491323.558100000023842, 5452015.0603 ], [ 491323.558100000023842, 5451765.0603 ], [ 491073.558100000023842, 5451765.0603 ] ] ] } },
{ "type": "Feature", "properties": { "grid_id": 832, "crime_count": 3.0, "name": "Oakridge" }, "geometry": { "type": "Polygon", "coordinates": [ [ [ 491073.558100000023842, 5452015.0603 ], [ 491073.558100000023842, 5452265.0603 ], [ 491323.558100000023842, 5452265.0603 ], [ 491323.558100000023842, 5452015.0603 ], [ 491073.558100000023842, 5452015.0603 ] ] ] } },
{ "type": "Feature", "properties": { "grid_id": 833, "crime_count": 0.0, "name": "Oakridge" }, "geometry": { "type": "Polygon", "coordinates": [ [ [ 491073.558100000023842, 5452265.0603 ], [ 491073.558100000023842, 5452515.0603 ], [ 491323.558100000023842, 5452515.0603 ], [ 491323.558100000023842, 5452265.0603 ], [ 491073.558100000023842, 5452265.0603 ] ] ] } },
{ "type": "Feature", "properties": { "grid_id": 834, "crime_count": 0.0, "name": "Oakridge" }, "geometry": { "type": "Polygon", "coordinates": [ [ [ 491073.558100000023842, 5452515.0603 ], [ 491073.558100000023842, 5452765.0603 ], [ 491323.558100000023842, 5452765.0603 ], [ 491323.558100000023842, 5452515.0603 ], [ 491073.558100000023842, 5452515.0603 ] ] ] } },
{ "type": "Feature", "properties": { "grid_id": 835, "crime_count": 2.0, "name": "Oakridge" }, "geometry": { "type": "Polygon", "coordinates": [ [ [ 491073.558100000023842, 5452765.0603 ], [ 491073.558100000023842, 5453015.0603 ], [ 491323.558100000023842, 5453015.0603 ], [ 491323.558100000023842, 5452765.0603 ], [ 491073.558100000023842, 5452765.0603 ] ] ] } },
{ "type": "Feature", "properties": { "grid_id": 836, "crime_count": 0.0, "name": "Oakridge" }, "geometry": { "type": "Polygon", "coordinates": [ [ [ 491073.558100000023842, 5453015.0603 ], [ 491073.558100000023842, 5453265.0603 ], [ 491323.558100000023842, 5453265.0603 ], [ 491323.558100000023842, 5453015.0603 ], [ 491073.558100000023842, 5453015.0603 ] ] ] } },
{ "type": "Feature", "properties": { "grid_id": 837, "crime_count": 5.0, "name": "Oakridge" }, "geometry": { "type": "MultiPolygon", "coordinates": [ [ [ [ 491323.558100000023842, 5453265.0603 ], [ 491073.558100000023842, 5453265.0603 ], [ 491073.558100000023842, 5453444.53727491479367 ], [ 491323.558100000023842, 5453430.70579248201102 ], [ 491323.558100000023842, 5453265.0603 ] ] ], [ [ [ 491073.558100000023842, 5453515.0603 ], [ 491323.558100000023842, 5453515.0603 ], [ 491323.558100000023842, 5453430.870278032496572 ], [ 491073.558100000023842, 5453444.638015607371926 ], [ 491073.558100000023842, 5453515.0603 ] ] ] ] } },
{ "type": "Feature", "properties": { "grid_id": 838, "crime_count": 2.0, "name": "South Cambie" }, "geometry": { "type": "Polygon", "coordinates": [ [ [ 491073.558100000023842, 5453515.0603 ], [ 491073.558100000023842, 5453765.0603 ], [ 491323.558100000023842, 5453765.0603 ], [ 491323.558100000023842, 5453515.0603 ], [ 491073.558100000023842, 5453515.0603 ] ] ] } },
{ "type": "Feature", "properties": { "grid_id": 839, "crime_count": 0.0, "name": "South Cambie" }, "geometry": { "type": "Polygon", "coordinates": [ [ [ 491073.558100000023842, 5453765.0603 ], [ 491073.558100000023842, 5454015.0603 ], [ 491323.558100000023842, 5454015.0603 ], [ 491323.558100000023842, 5453765.0603 ], [ 491073.558100000023842, 5453765.0603 ] ] ] } },
{ "type": "Feature", "properties": { "grid_id": 840, "crime_count": 0.0, "name": "South Cambie" }, "geometry": { "type": "Polygon", "coordinates": [ [ [ 491073.558100000023842, 5454015.0603 ], [ 491073.558100000023842, 5454265.0603 ], [ 491323.558100000023842, 5454265.0603 ], [ 491323.558100000023842, 5454015.0603 ], [ 491073.558100000023842, 5454015.0603 ] ] ] } },
{ "type": "Feature", "properties": { "grid_id": 841, "crime_count": 0.0, "name": "South Cambie" }, "geometry": { "type": "Polygon", "coordinates": [ [ [ 491073.558100000023842, 5454265.0603 ], [ 491073.558100000023842, 5454515.0603 ], [ 491323.558100000023842, 5454515.0603 ], [ 491323.558100000023842, 5454265.0603 ], [ 491073.558100000023842, 5454265.0603 ] ] ] } },
{ "type": "Feature", "properties": { "grid_id": 842, "crime_count": 0.0, "name": "South Cambie" }, "geometry": { "type": "Polygon", "coordinates": [ [ [ 491073.558100000023842, 5454515.0603 ], [ 491073.558100000023842, 5454765.0603 ], [ 491323.558100000023842, 5454765.0603 ], [ 491323.558100000023842, 5454515.0603 ], [ 491073.558100000023842, 5454515.0603 ] ] ] } },
{ "type": "Feature", "properties": { "grid_id": 843, "crime_count": 1.0, "name": "South Cambie" }, "geometry": { "type": "Polygon", "coordinates": [ [ [ 491073.558100000023842, 5454765.0603 ], [ 491073.558100000023842, 5455015.0603 ], [ 491323.558100000023842, 5455015.0603 ], [ 491323.558100000023842, 5454765.0603 ], [ 491073.558100000023842, 5454765.0603 ] ] ] } },
{ "type": "Feature", "properties": { "grid_id": 844, "crime_count": 3.0, "name": "South Cambie" }, "geometry": { "type": "Polygon", "coordinates": [ [ [ 491073.558100000023842, 5455015.0603 ], [ 491073.558100000023842, 5455265.0603 ], [ 491323.558100000023842, 5455265.0603 ], [ 491323.558100000023842, 5455015.0603 ], [ 491073.558100000023842, 5455015.0603 ] ] ] } },
{ "type": "Feature", "properties": { "grid_id": 845, "crime_count": 0.0, "name": "South Cambie" }, "geometry": { "type": "Polygon", "coordinates": [ [ [ 491073.558100000023842, 5455265.0603 ], [ 491073.558100000023842, 5455515.0603 ], [ 491323.558100000023842, 5455515.0603 ], [ 491323.558100000023842, 5455265.0603 ], [ 491073.558100000023842, 5455265.0603 ] ] ] } },
{ "type": "Feature", "properties": { "grid_id": 846, "crime_count": 0.0, "name": "South Cambie" }, "geometry": { "type": "Polygon", "coordinates": [ [ [ 491073.558100000023842, 5455515.0603 ], [ 491073.558100000023842, 5455765.0603 ], [ 491323.558100000023842, 5455765.0603 ], [ 491323.558100000023842, 5455515.0603 ], [ 491073.558100000023842, 5455515.0603 ] ] ] } },
{ "type": "Feature", "properties": { "grid_id": 847, "crime_count": 0.0, "name": "South Cambie" }, "geometry": { "type": "Polygon", "coordinates": [ [ [ 491073.558100000023842, 5455765.0603 ], [ 491073.558100000023842, 5456015.0603 ], [ 491323.558100000023842, 5456015.0603 ], [ 491323.558100000023842, 5455765.0603 ], [ 491073.558100000023842, 5455765.0603 ] ] ] } },
{ "type": "Feature", "properties": { "grid_id": 848, "crime_count": 6.0, "name": "Fairview" }, "geometry": { "type": "Polygon", "coordinates": [ [ [ 491073.558100000023842, 5456015.0603 ], [ 491073.558100000023842, 5456265.0603 ], [ 491323.558100000023842, 5456265.0603 ], [ 491323.558100000023842, 5456015.0603 ], [ 491073.558100000023842, 5456015.0603 ] ] ] } },
{ "type": "Feature", "properties": { "grid_id": 849, "crime_count": 5.0, "name": "Fairview" }, "geometry": { "type": "Polygon", "coordinates": [ [ [ 491073.558100000023842, 5456265.0603 ], [ 491073.558100000023842, 5456515.0603 ], [ 491323.558100000023842, 5456515.0603 ], [ 491323.558100000023842, 5456265.0603 ], [ 491073.558100000023842, 5456265.0603 ] ] ] } },
{ "type": "Feature", "properties": { "grid_id": 850, "crime_count": 11.0, "name": "Fairview" }, "geometry": { "type": "Polygon", "coordinates": [ [ [ 491073.558100000023842, 5456515.0603 ], [ 491073.558100000023842, 5456765.0603 ], [ 491323.558100000023842, 5456765.0603 ], [ 491323.558100000023842, 5456515.0603 ], [ 491073.558100000023842, 5456515.0603 ] ] ] } },
{ "type": "Feature", "properties": { "grid_id": 851, "crime_count": 25.0, "name": "Fairview" }, "geometry": { "type": "Polygon", "coordinates": [ [ [ 491073.558100000023842, 5456765.0603 ], [ 491073.558100000023842, 5457015.0603 ], [ 491323.558100000023842, 5457015.0603 ], [ 491323.558100000023842, 5456765.0603 ], [ 491073.558100000023842, 5456765.0603 ] ] ] } },
{ "type": "Feature", "properties": { "grid_id": 852, "crime_count": 2.0, "name": "Fairview" }, "geometry": { "type": "Polygon", "coordinates": [ [ [ 491073.558100000023842, 5457015.0603 ], [ 491073.558100000023842, 5457265.0603 ], [ 491323.558100000023842, 5457265.0603 ], [ 491323.558100000023842, 5457015.0603 ], [ 491073.558100000023842, 5457015.0603 ] ] ] } },
{ "type": "Feature", "properties": { "grid_id": 853, "crime_count": 2.0, "name": "Fairview" }, "geometry": { "type": "Polygon", "coordinates": [ [ [ 491073.558100000023842, 5457265.0603 ], [ 491073.558100000023842, 5457515.0603 ], [ 491323.558100000023842, 5457515.0603 ], [ 491323.558100000023842, 5457265.0603 ], [ 491073.558100000023842, 5457265.0603 ] ] ] } },
{ "type": "Feature", "properties": { "grid_id": 854, "crime_count": 3.0, "name": "Downtown" }, "geometry": { "type": "Polygon", "coordinates": [ [ [ 491073.558100000023842, 5457515.0603 ], [ 491073.558100000023842, 5457765.0603 ], [ 491323.558100000023842, 5457765.0603 ], [ 491323.558100000023842, 5457515.0603 ], [ 491073.558100000023842, 5457515.0603 ] ] ] } },
{ "type": "Feature", "properties": { "grid_id": 855, "crime_count": 29.0, "name": "Downtown" }, "geometry": { "type": "Polygon", "coordinates": [ [ [ 491073.558100000023842, 5457765.0603 ], [ 491073.558100000023842, 5458015.0603 ], [ 491323.558100000023842, 5458015.0603 ], [ 491323.558100000023842, 5457765.0603 ], [ 491073.558100000023842, 5457765.0603 ] ] ] } },
{ "type": "Feature", "properties": { "grid_id": 856, "crime_count": 35.0, "name": "Downtown" }, "geometry": { "type": "Polygon", "coordinates": [ [ [ 491073.558100000023842, 5458015.0603 ], [ 491073.558100000023842, 5458265.0603 ], [ 491323.558100000023842, 5458265.0603 ], [ 491323.558100000023842, 5458015.0603 ], [ 491073.558100000023842, 5458015.0603 ] ] ] } },
{ "type": "Feature", "properties": { "grid_id": 857, "crime_count": 85.0, "name": "Downtown" }, "geometry": { "type": "Polygon", "coordinates": [ [ [ 491073.558100000023842, 5458265.0603 ], [ 491073.558100000023842, 5458515.0603 ], [ 491323.558100000023842, 5458515.0603 ], [ 491323.558100000023842, 5458265.0603 ], [ 491073.558100000023842, 5458265.0603 ] ] ] } },
{ "type": "Feature", "properties": { "grid_id": 858, "crime_count": 181.0, "name": "Downtown" }, "geometry": { "type": "Polygon", "coordinates": [ [ [ 491073.558100000023842, 5458515.0603 ], [ 491073.558100000023842, 5458765.0603 ], [ 491323.558100000023842, 5458765.0603 ], [ 491323.558100000023842, 5458515.0603 ], [ 491073.558100000023842, 5458515.0603 ] ] ] } },
{ "type": "Feature", "properties": { "grid_id": 859, "crime_count": 191.0, "name": "Downtown" }, "geometry": { "type": "Polygon", "coordinates": [ [ [ 491073.558100000023842, 5458765.0603 ], [ 491073.558100000023842, 5459015.0603 ], [ 491323.558100000023842, 5459015.0603 ], [ 491323.558100000023842, 5458765.0603 ], [ 491073.558100000023842, 5458765.0603 ] ] ] } },
{ "type": "Feature", "properties": { "grid_id": 860, "crime_count": 51.0, "name": "Downtown" }, "geometry": { "type": "Polygon", "coordinates": [ [ [ 491073.558100000023842, 5459015.0603 ], [ 491073.558100000023842, 5459265.0603 ], [ 491323.558100000023842, 5459265.0603 ], [ 491323.558100000023842, 5459015.0603 ], [ 491073.558100000023842, 5459015.0603 ] ] ] } },
{ "type": "Feature", "properties": { "grid_id": 861, "crime_count": 16.0, "name": "Downtown" }, "geometry": { "type": "Polygon", "coordinates": [ [ [ 491073.558100000023842, 5459265.0603 ], [ 491073.558100000023842, 5459515.0603 ], [ 491323.558100000023842, 5459515.0603 ], [ 491323.558100000023842, 5459265.0603 ], [ 491073.558100000023842, 5459265.0603 ] ] ] } },
{ "type": "Feature", "properties": { "grid_id": 862, "crime_count": 11.0, "name": "Downtown" }, "geometry": { "type": "Polygon", "coordinates": [ [ [ 491073.558100000023842, 5459515.0603 ], [ 491073.558100000023842, 5459765.0603 ], [ 491323.558100000023842, 5459765.0603 ], [ 491323.558100000023842, 5459515.0603 ], [ 491073.558100000023842, 5459515.0603 ] ] ] } },
{ "type": "Feature", "properties": { "grid_id": 863, "crime_count": 0.0, "name": "Downtown" }, "geometry": { "type": "Polygon", "coordinates": [ [ [ 491323.558100000023842, 5459765.0603 ], [ 491073.558100000023842, 5459765.0603 ], [ 491073.558100000023842, 5459870.479700163938105 ], [ 491077.09034067671746, 5459868.528346797451377 ], [ 491323.558100000023842, 5459819.962609113194048 ], [ 491323.558100000023842, 5459765.0603 ] ] ] } },
{ "type": "Feature", "properties": { "grid_id": 864, "crime_count": 0.0, "name": "Marpole" }, "geometry": { "type": "Polygon", "coordinates": [ [ [ 491323.558100000023842, 5450015.0603 ], [ 491323.558100000023842, 5450265.0603 ], [ 491573.558100000023842, 5450265.0603 ], [ 491573.558100000023842, 5450129.65780677087605 ], [ 491463.593867545248941, 5450090.303912916220725 ], [ 491445.797189777891617, 5450082.274021029472351 ], [ 491429.10999646584969, 5450072.970228494144976 ], [ 491412.421425646462012, 5450062.818333190865815 ], [ 491396.287229008914437, 5450051.81746784131974 ], [ 491380.70740245730849, 5450039.967627611942589 ], [ 491366.237704265920911, 5450027.267937498167157 ], [ 491353.198109882243443, 5450015.0603 ], [ 491323.558100000023842, 5450015.0603 ] ] ] } },
{ "type": "Feature", "properties": { "grid_id": 865, "crime_count": 2.0, "name": "Marpole" }, "geometry": { "type": "Polygon", "coordinates": [ [ [ 491323.558100000023842, 5450265.0603 ], [ 491323.558100000023842, 5450515.0603 ], [ 491573.558100000023842, 5450515.0603 ], [ 491573.558100000023842, 5450265.0603 ], [ 491323.558100000023842, 5450265.0603 ] ] ] } },
{ "type": "Feature", "properties": { "grid_id": 866, "crime_count": 18.0, "name": "Marpole" }, "geometry": { "type": "Polygon", "coordinates": [ [ [ 491323.558100000023842, 5450515.0603 ], [ 491323.558100000023842, 5450765.0603 ], [ 491573.558100000023842, 5450765.0603 ], [ 491573.558100000023842, 5450515.0603 ], [ 491323.558100000023842, 5450515.0603 ] ] ] } },
{ "type": "Feature", "properties": { "grid_id": 867, "crime_count": 52.0, "name": "Marpole" }, "geometry": { "type": "Polygon", "coordinates": [ [ [ 491323.558100000023842, 5450765.0603 ], [ 491323.558100000023842, 5451015.0603 ], [ 491573.558100000023842, 5451015.0603 ], [ 491573.558100000023842, 5450765.0603 ], [ 491323.558100000023842, 5450765.0603 ] ] ] } },
{ "type": "Feature", "properties": { "grid_id": 868, "crime_count": 4.0, "name": "Marpole" }, "geometry": { "type": "Polygon", "coordinates": [ [ [ 491323.558100000023842, 5451015.0603 ], [ 491323.558100000023842, 5451265.0603 ], [ 491573.558100000023842, 5451265.0603 ], [ 491573.558100000023842, 5451015.0603 ], [ 491323.558100000023842, 5451015.0603 ] ] ] } },
{ "type": "Feature", "properties": { "grid_id": 869, "crime_count": 2.0, "name": "Marpole" }, "geometry": { "type": "Polygon", "coordinates": [ [ [ 491323.558100000023842, 5451265.0603 ], [ 491323.558100000023842, 5451515.0603 ], [ 491573.558100000023842, 5451515.0603 ], [ 491573.558100000023842, 5451265.0603 ], [ 491323.558100000023842, 5451265.0603 ] ] ] } },
{ "type": "Feature", "properties": { "grid_id": 870, "crime_count": 5.0, "name": "Marpole" }, "geometry": { "type": "Polygon", "coordinates": [ [ [ 491323.558100000023842, 5451515.0603 ], [ 491323.558100000023842, 5451765.0603 ], [ 491573.558100000023842, 5451765.0603 ], [ 491573.558100000023842, 5451515.0603 ], [ 491323.558100000023842, 5451515.0603 ] ] ] } },
{ "type": "Feature", "properties": { "grid_id": 871, "crime_count": 4.0, "name": "Oakridge" }, "geometry": { "type": "Polygon", "coordinates": [ [ [ 491323.558100000023842, 5451765.0603 ], [ 491323.558100000023842, 5452015.0603 ], [ 491573.558100000023842, 5452015.0603 ], [ 491573.558100000023842, 5451765.0603 ], [ 491323.558100000023842, 5451765.0603 ] ] ] } },
{ "type": "Feature", "properties": { "grid_id": 872, "crime_count": 9.0, "name": "Oakridge" }, "geometry": { "type": "Polygon", "coordinates": [ [ [ 491323.558100000023842, 5452015.0603 ], [ 491323.558100000023842, 5452265.0603 ], [ 491573.558100000023842, 5452265.0603 ], [ 491573.558100000023842, 5452015.0603 ], [ 491323.558100000023842, 5452015.0603 ] ] ] } },
{ "type": "Feature", "properties": { "grid_id": 873, "crime_count": 5.0, "name": "Oakridge" }, "geometry": { "type": "Polygon", "coordinates": [ [ [ 491323.558100000023842, 5452265.0603 ], [ 491323.558100000023842, 5452515.0603 ], [ 491573.558100000023842, 5452515.0603 ], [ 491573.558100000023842, 5452265.0603 ], [ 491323.558100000023842, 5452265.0603 ] ] ] } },
{ "type": "Feature", "properties": { "grid_id": 874, "crime_count": 2.0, "name": "Oakridge" }, "geometry": { "type": "Polygon", "coordinates": [ [ [ 491323.558100000023842, 5452515.0603 ], [ 491323.558100000023842, 5452765.0603 ], [ 491573.558100000023842, 5452765.0603 ], [ 491573.558100000023842, 5452515.0603 ], [ 491323.558100000023842, 5452515.0603 ] ] ] } },
{ "type": "Feature", "properties": { "grid_id": 875, "crime_count": 3.0, "name": "Oakridge" }, "geometry": { "type": "Polygon", "coordinates": [ [ [ 491323.558100000023842, 5452765.0603 ], [ 491323.558100000023842, 5453015.0603 ], [ 491573.558100000023842, 5453015.0603 ], [ 491573.558100000023842, 5452765.0603 ], [ 491323.558100000023842, 5452765.0603 ] ] ] } },
{ "type": "Feature", "properties": { "grid_id": 876, "crime_count": 3.0, "name": "Oakridge" }, "geometry": { "type": "Polygon", "coordinates": [ [ [ 491323.558100000023842, 5453015.0603 ], [ 491323.558100000023842, 5453265.0603 ], [ 491573.558100000023842, 5453265.0603 ], [ 491573.558100000023842, 5453015.0603 ], [ 491323.558100000023842, 5453015.0603 ] ] ] } },
{ "type": "Feature", "properties": { "grid_id": 877, "crime_count": 3.0, "name": "Oakridge" }, "geometry": { "type": "MultiPolygon", "coordinates": [ [ [ [ 491573.558100000023842, 5453265.0603 ], [ 491323.558100000023842, 5453265.0603 ], [ 491323.558100000023842, 5453430.70579248201102 ], [ 491573.558100000023842, 5453416.87431004922837 ], [ 491573.558100000023842, 5453265.0603 ] ] ], [ [ [ 491323.558100000023842, 5453515.0603 ], [ 491573.558100000023842, 5453515.0603 ], [ 491573.558100000023842, 5453417.086065562441945 ], [ 491543.175186423293781, 5453418.775756381452084 ], [ 491323.558100000023842, 5453430.870278032496572 ], [ 491323.558100000023842, 5453515.0603 ] ] ] ] } },
{ "type": "Feature", "properties": { "grid_id": 878, "crime_count": 33.0, "name": "South Cambie" }, "geometry": { "type": "Polygon", "coordinates": [ [ [ 491323.558100000023842, 5453515.0603 ], [ 491323.558100000023842, 5453765.0603 ], [ 491573.558100000023842, 5453765.0603 ], [ 491573.558100000023842, 5453515.0603 ], [ 491323.558100000023842, 5453515.0603 ] ] ] } },
{ "type": "Feature", "properties": { "grid_id": 879, "crime_count": 4.0, "name": "South Cambie" }, "geometry": { "type": "Polygon", "coordinates": [ [ [ 491323.558100000023842, 5453765.0603 ], [ 491323.558100000023842, 5454015.0603 ], [ 491573.558100000023842, 5454015.0603 ], [ 491573.558100000023842, 5453765.0603 ], [ 491323.558100000023842, 5453765.0603 ] ] ] } },
{ "type": "Feature", "properties": { "grid_id": 880, "crime_count": 2.0, "name": "Riley Park" }, "geometry": { "type": "Polygon", "coordinates": [ [ [ 491323.558100000023842, 5454015.0603 ], [ 491323.558100000023842, 5454265.0603 ], [ 491573.558100000023842, 5454265.0603 ], [ 491573.558100000023842, 5454015.0603 ], [ 491323.558100000023842, 5454015.0603 ] ] ] } },
{ "type": "Feature", "properties": { "grid_id": 881, "crime_count": 7.0, "name": "Riley Park" }, "geometry": { "type": "Polygon", "coordinates": [ [ [ 491323.558100000023842, 5454265.0603 ], [ 491323.558100000023842, 5454515.0603 ], [ 491573.558100000023842, 5454515.0603 ], [ 491573.558100000023842, 5454265.0603 ], [ 491323.558100000023842, 5454265.0603 ] ], [ [ 491398.22055671911221, 5454491.923385015688837 ], [ 491395.9920197474421, 5454487.261980247683823 ], [ 491393.763479016604833, 5454482.600576414726675 ], [ 491391.534934526542202, 5454477.939173512160778 ], [ 491389.861699821369257, 5454473.276903047226369 ], [ 491388.743113001808524, 5454468.189684921875596 ], [ 491388.183817232609726, 5454465.646069917827845 ], [ 491388.183818825113121, 5454465.646075960248709 ], [ 491389.301743398595136, 5454470.309214354492724 ], [ 491390.974316329520661, 5454474.547405030578375 ], [ 491392.646886697970331, 5454478.785596235655248 ], [ 491394.318791619793046, 5454482.599708369933069 ], [ 491396.54666916676797, 5454486.837032821029425 ], [ 491398.773880755121354, 5454490.650278585962951 ], [ 491401.556400671019219, 5454494.462657958269119 ], [ 491404.338254627131391, 5454497.850959136150777 ], [ 491407.120105164241977, 5454501.239261737093329 ], [ 491408.715991569624748, 5454502.859192957170308 ], [ 491401.003738753206562, 5454496.159843729808927 ], [ 491398.22055671911221, 5454491.923385015688837 ] ], [ [ 491385.942655856662896, 5454452.927163253538311 ], [ 491385.941992333857343, 5454452.503083670511842 ], [ 491386.503942779731005, 5454456.743010705336928 ], [ 491386.841510727303103, 5454459.541415800340474 ], [ 491386.50593322183704, 5454458.015249469317496 ], [ 491385.942655856662896, 5454452.927163253538311 ] ] ] } },
{ "type": "Feature", "properties": { "grid_id": 882, "crime_count": 0.0, "name": "South Cambie" }, "geometry": { "type": "Polygon", "coordinates": [ [ [ 491323.558100000023842, 5454515.0603 ], [ 491323.558100000023842, 5454765.0603 ], [ 491573.558100000023842, 5454765.0603 ], [ 491573.558100000023842, 5454515.0603 ], [ 491323.558100000023842, 5454515.0603 ] ], [ [ 491561.714242417889182, 5454643.067165420390666 ], [ 491566.723603498132434, 5454650.692942293360829 ], [ 491571.178305171895772, 5454658.743653695099056 ], [ 491566.724253136955667, 5454651.117022015154362 ], [ 491561.714242417889182, 5454643.067165420390666 ] ] ] } },
{ "type": "Feature", "properties": { "grid_id": 883, "crime_count": 5.0, "name": "South Cambie" }, "geometry": { "type": "Polygon", "coordinates": [ [ [ 491323.558100000023842, 5454765.0603 ], [ 491323.558100000023842, 5455015.0603 ], [ 491573.558100000023842, 5455015.0603 ], [ 491573.558100000023842, 5454765.0603 ], [ 491323.558100000023842, 5454765.0603 ] ] ] } },
{ "type": "Feature", "properties": { "grid_id": 884, "crime_count": 6.0, "name": "South Cambie" }, "geometry": { "type": "Polygon", "coordinates": [ [ [ 491323.558100000023842, 5455015.0603 ], [ 491323.558100000023842, 5455265.0603 ], [ 491573.558100000023842, 5455265.0603 ], [ 491573.558100000023842, 5455015.0603 ], [ 491323.558100000023842, 5455015.0603 ] ] ] } },
{ "type": "Feature", "properties": { "grid_id": 885, "crime_count": 4.0, "name": "South Cambie" }, "geometry": { "type": "Polygon", "coordinates": [ [ [ 491323.558100000023842, 5455265.0603 ], [ 491323.558100000023842, 5455515.0603 ], [ 491573.558100000023842, 5455515.0603 ], [ 491573.558100000023842, 5455265.0603 ], [ 491323.558100000023842, 5455265.0603 ] ] ] } },
{ "type": "Feature", "properties": { "grid_id": 886, "crime_count": 0.0, "name": "South Cambie" }, "geometry": { "type": "Polygon", "coordinates": [ [ [ 491323.558100000023842, 5455515.0603 ], [ 491323.558100000023842, 5455765.0603 ], [ 491573.558100000023842, 5455765.0603 ], [ 491573.558100000023842, 5455515.0603 ], [ 491323.558100000023842, 5455515.0603 ] ] ] } },
{ "type": "Feature", "properties": { "grid_id": 887, "crime_count": 3.0, "name": "South Cambie" }, "geometry": { "type": "Polygon", "coordinates": [ [ [ 491323.558100000023842, 5455765.0603 ], [ 491323.558100000023842, 5456015.0603 ], [ 491573.558100000023842, 5456015.0603 ], [ 491573.558100000023842, 5455765.0603 ], [ 491323.558100000023842, 5455765.0603 ] ] ] } },
{ "type": "Feature", "properties": { "grid_id": 888, "crime_count": 4.0, "name": "Fairview" }, "geometry": { "type": "Polygon", "coordinates": [ [ [ 491323.558100000023842, 5456015.0603 ], [ 491323.558100000023842, 5456265.0603 ], [ 491573.558100000023842, 5456265.0603 ], [ 491573.558100000023842, 5456015.0603 ], [ 491323.558100000023842, 5456015.0603 ] ] ] } },
{ "type": "Feature", "properties": { "grid_id": 889, "crime_count": 25.0, "name": "Fairview" }, "geometry": { "type": "Polygon", "coordinates": [ [ [ 491323.558100000023842, 5456265.0603 ], [ 491323.558100000023842, 5456515.0603 ], [ 491573.558100000023842, 5456515.0603 ], [ 491573.558100000023842, 5456265.0603 ], [ 491323.558100000023842, 5456265.0603 ] ] ] } },
{ "type": "Feature", "properties": { "grid_id": 890, "crime_count": 12.0, "name": "Fairview" }, "geometry": { "type": "Polygon", "coordinates": [ [ [ 491323.558100000023842, 5456515.0603 ], [ 491323.558100000023842, 5456765.0603 ], [ 491573.558100000023842, 5456765.0603 ], [ 491573.558100000023842, 5456515.0603 ], [ 491323.558100000023842, 5456515.0603 ] ] ] } },
{ "type": "Feature", "properties": { "grid_id": 891, "crime_count": 8.0, "name": "Fairview" }, "geometry": { "type": "Polygon", "coordinates": [ [ [ 491323.558100000023842, 5456765.0603 ], [ 491323.558100000023842, 5457015.0603 ], [ 491573.558100000023842, 5457015.0603 ], [ 491573.558100000023842, 5456765.0603 ], [ 491323.558100000023842, 5456765.0603 ] ] ] } },
{ "type": "Feature", "properties": { "grid_id": 892, "crime_count": 15.0, "name": "Fairview" }, "geometry": { "type": "Polygon", "coordinates": [ [ [ 491323.558100000023842, 5457015.0603 ], [ 491323.558100000023842, 5457265.0603 ], [ 491573.558100000023842, 5457265.0603 ], [ 491573.558100000023842, 5457015.0603 ], [ 491323.558100000023842, 5457015.0603 ] ] ] } },
{ "type": "Feature", "properties": { "grid_id": 893, "crime_count": 3.0, "name": "Fairview" }, "geometry": { "type": "Polygon", "coordinates": [ [ [ 491323.558100000023842, 5457265.0603 ], [ 491323.558100000023842, 5457515.0603 ], [ 491573.558100000023842, 5457515.0603 ], [ 491573.558100000023842, 5457265.0603 ], [ 491323.558100000023842, 5457265.0603 ] ] ] } },
{ "type": "Feature", "properties": { "grid_id": 894, "crime_count": 0.0, "name": "Downtown" }, "geometry": { "type": "Polygon", "coordinates": [ [ [ 491323.558100000023842, 5457515.0603 ], [ 491323.558100000023842, 5457765.0603 ], [ 491573.558100000023842, 5457765.0603 ], [ 491573.558100000023842, 5457515.0603 ], [ 491323.558100000023842, 5457515.0603 ] ] ] } },
{ "type": "Feature", "properties": { "grid_id": 895, "crime_count": 28.0, "name": "Downtown" }, "geometry": { "type": "Polygon", "coordinates": [ [ [ 491323.558100000023842, 5457765.0603 ], [ 491323.558100000023842, 5458015.0603 ], [ 491573.558100000023842, 5458015.0603 ], [ 491573.558100000023842, 5457765.0603 ], [ 491323.558100000023842, 5457765.0603 ] ] ] } },
{ "type": "Feature", "properties": { "grid_id": 896, "crime_count": 29.0, "name": "Downtown" }, "geometry": { "type": "Polygon", "coordinates": [ [ [ 491323.558100000023842, 5458015.0603 ], [ 491323.558100000023842, 5458265.0603 ], [ 491573.558100000023842, 5458265.0603 ], [ 491573.558100000023842, 5458015.0603 ], [ 491323.558100000023842, 5458015.0603 ] ] ] } },
{ "type": "Feature", "properties": { "grid_id": 897, "crime_count": 110.0, "name": "Downtown" }, "geometry": { "type": "Polygon", "coordinates": [ [ [ 491323.558100000023842, 5458265.0603 ], [ 491323.558100000023842, 5458515.0603 ], [ 491573.558100000023842, 5458515.0603 ], [ 491573.558100000023842, 5458265.0603 ], [ 491323.558100000023842, 5458265.0603 ] ] ] } },
{ "type": "Feature", "properties": { "grid_id": 898, "crime_count": 76.0, "name": "Downtown" }, "geometry": { "type": "Polygon", "coordinates": [ [ [ 491323.558100000023842, 5458515.0603 ], [ 491323.558100000023842, 5458765.0603 ], [ 491573.558100000023842, 5458765.0603 ], [ 491573.558100000023842, 5458515.0603 ], [ 491323.558100000023842, 5458515.0603 ] ] ] } },
{ "type": "Feature", "properties": { "grid_id": 899, "crime_count": 638.0, "name": "Downtown" }, "geometry": { "type": "Polygon", "coordinates": [ [ [ 491323.558100000023842, 5458765.0603 ], [ 491323.558100000023842, 5459015.0603 ], [ 491573.558100000023842, 5459015.0603 ], [ 491573.558100000023842, 5458765.0603 ], [ 491323.558100000023842, 5458765.0603 ] ] ] } },
{ "type": "Feature", "properties": { "grid_id": 900, "crime_count": 102.0, "name": "Downtown" }, "geometry": { "type": "Polygon", "coordinates": [ [ [ 491323.558100000023842, 5459015.0603 ], [ 491323.558100000023842, 5459265.0603 ], [ 491573.558100000023842, 5459265.0603 ], [ 491573.558100000023842, 5459015.0603 ], [ 491323.558100000023842, 5459015.0603 ] ] ] } },
{ "type": "Feature", "properties": { "grid_id": 901, "crime_count": 33.0, "name": "Downtown" }, "geometry": { "type": "Polygon", "coordinates": [ [ [ 491323.558100000023842, 5459265.0603 ], [ 491323.558100000023842, 5459515.0603 ], [ 491573.558100000023842, 5459515.0603 ], [ 491573.558100000023842, 5459265.0603 ], [ 491323.558100000023842, 5459265.0603 ] ] ] } },
{ "type": "Feature", "properties": { "grid_id": 902, "crime_count": 24.0, "name": "Downtown" }, "geometry": { "type": "Polygon", "coordinates": [ [ [ 491323.558100000023842, 5459515.0603 ], [ 491323.558100000023842, 5459765.0603 ], [ 491573.558100000023842, 5459765.0603 ], [ 491573.558100000023842, 5459515.0603 ], [ 491323.558100000023842, 5459515.0603 ] ] ] } },
{ "type": "Feature", "properties": { "grid_id": 903, "crime_count": 0.0, "name": "Downtown" }, "geometry": { "type": "Polygon", "coordinates": [ [ [ 491573.558100000023842, 5459765.0603 ], [ 491323.558100000023842, 5459765.0603 ], [ 491323.558100000023842, 5459819.962609113194048 ], [ 491573.558100000023842, 5459770.700853927060962 ], [ 491573.558100000023842, 5459765.0603 ] ] ] } },
{ "type": "Feature", "properties": { "grid_id": 904, "crime_count": 0.0, "name": "Marpole" }, "geometry": { "type": "Polygon", "coordinates": [ [ [ 491573.558100000023842, 5450265.0603 ], [ 491823.558100000023842, 5450265.0603 ], [ 491823.558100000023842, 5450190.416761484928429 ], [ 491812.201836851541884, 5450190.28156774584204 ], [ 491780.520556771778502, 5450187.784245162270963 ], [ 491748.836708696442656, 5450183.590797561220825 ], [ 491717.705372942902613, 5450177.276313289999962 ], [ 491687.127154980495106, 5450169.264859767630696 ], [ 491657.102029038243927, 5450159.556427823379636 ], [ 491573.558100000023842, 5450129.65780677087605 ], [ 491573.558100000023842, 5450265.0603 ] ] ] } },
{ "type": "Feature", "properties": { "grid_id": 905, "crime_count": 0.0, "name": "Marpole" }, "geometry": { "type": "Polygon", "coordinates": [ [ [ 491573.558100000023842, 5450265.0603 ], [ 491573.558100000023842, 5450515.0603 ], [ 491823.558100000023842, 5450515.0603 ], [ 491823.558100000023842, 5450265.0603 ], [ 491573.558100000023842, 5450265.0603 ] ] ] } },
{ "type": "Feature", "properties": { "grid_id": 906, "crime_count": 0.0, "name": "Marpole" }, "geometry": { "type": "Polygon", "coordinates": [ [ [ 491573.558100000023842, 5450515.0603 ], [ 491573.558100000023842, 5450765.0603 ], [ 491823.558100000023842, 5450765.0603 ], [ 491823.558100000023842, 5450515.0603 ], [ 491573.558100000023842, 5450515.0603 ] ] ] } },
{ "type": "Feature", "properties": { "grid_id": 907, "crime_count": 4.0, "name": "Marpole" }, "geometry": { "type": "Polygon", "coordinates": [ [ [ 491573.558100000023842, 5450765.0603 ], [ 491573.558100000023842, 5451015.0603 ], [ 491823.558100000023842, 5451015.0603 ], [ 491823.558100000023842, 5450765.0603 ], [ 491573.558100000023842, 5450765.0603 ] ] ] } },
{ "type": "Feature", "properties": { "grid_id": 908, "crime_count": 8.0, "name": "Marpole" }, "geometry": { "type": "Polygon", "coordinates": [ [ [ 491573.558100000023842, 5451015.0603 ], [ 491573.558100000023842, 5451265.0603 ], [ 491823.558100000023842, 5451265.0603 ], [ 491823.558100000023842, 5451015.0603 ], [ 491573.558100000023842, 5451015.0603 ] ] ] } },
{ "type": "Feature", "properties": { "grid_id": 909, "crime_count": 3.0, "name": "Marpole" }, "geometry": { "type": "Polygon", "coordinates": [ [ [ 491573.558100000023842, 5451265.0603 ], [ 491573.558100000023842, 5451515.0603 ], [ 491823.558100000023842, 5451515.0603 ], [ 491823.558100000023842, 5451265.0603 ], [ 491573.558100000023842, 5451265.0603 ] ] ] } },
{ "type": "Feature", "properties": { "grid_id": 910, "crime_count": 0.0, "name": "Marpole" }, "geometry": { "type": "Polygon", "coordinates": [ [ [ 491573.558100000023842, 5451515.0603 ], [ 491573.558100000023842, 5451765.0603 ], [ 491823.558100000023842, 5451765.0603 ], [ 491823.558100000023842, 5451515.0603 ], [ 491573.558100000023842, 5451515.0603 ] ] ] } },
{ "type": "Feature", "properties": { "grid_id": 911, "crime_count": 0.0, "name": "Oakridge" }, "geometry": { "type": "Polygon", "coordinates": [ [ [ 491573.558100000023842, 5451765.0603 ], [ 491573.558100000023842, 5452015.0603 ], [ 491823.558100000023842, 5452015.0603 ], [ 491823.558100000023842, 5451765.0603 ], [ 491573.558100000023842, 5451765.0603 ] ] ] } },
{ "type": "Feature", "properties": { "grid_id": 912, "crime_count": 0.0, "name": "Oakridge" }, "geometry": { "type": "Polygon", "coordinates": [ [ [ 491573.558100000023842, 5452015.0603 ], [ 491573.558100000023842, 5452265.0603 ], [ 491823.558100000023842, 5452265.0603 ], [ 491823.558100000023842, 5452015.0603 ], [ 491573.558100000023842, 5452015.0603 ] ] ] } },
{ "type": "Feature", "properties": { "grid_id": 913, "crime_count": 2.0, "name": "Oakridge" }, "geometry": { "type": "Polygon", "coordinates": [ [ [ 491573.558100000023842, 5452265.0603 ], [ 491573.558100000023842, 5452515.0603 ], [ 491823.558100000023842, 5452515.0603 ], [ 491823.558100000023842, 5452265.0603 ], [ 491573.558100000023842, 5452265.0603 ] ] ] } },
{ "type": "Feature", "properties": { "grid_id": 914, "crime_count": 4.0, "name": "Oakridge" }, "geometry": { "type": "Polygon", "coordinates": [ [ [ 491573.558100000023842, 5452515.0603 ], [ 491573.558100000023842, 5452765.0603 ], [ 491823.558100000023842, 5452765.0603 ], [ 491823.558100000023842, 5452515.0603 ], [ 491573.558100000023842, 5452515.0603 ] ] ] } },
{ "type": "Feature", "properties": { "grid_id": 915, "crime_count": 3.0, "name": "Oakridge" }, "geometry": { "type": "Polygon", "coordinates": [ [ [ 491573.558100000023842, 5452765.0603 ], [ 491573.558100000023842, 5453015.0603 ], [ 491823.558100000023842, 5453015.0603 ], [ 491823.558100000023842, 5452765.0603 ], [ 491573.558100000023842, 5452765.0603 ] ] ] } },
{ "type": "Feature", "properties": { "grid_id": 916, "crime_count": 1.0, "name": "Oakridge" }, "geometry": { "type": "Polygon", "coordinates": [ [ [ 491573.558100000023842, 5453015.0603 ], [ 491573.558100000023842, 5453265.0603 ], [ 491823.558100000023842, 5453265.0603 ], [ 491823.558100000023842, 5453015.0603 ], [ 491573.558100000023842, 5453015.0603 ] ] ] } },
{ "type": "Feature", "properties": { "grid_id": 917, "crime_count": 6.0, "name": "Oakridge" }, "geometry": { "type": "MultiPolygon", "coordinates": [ [ [ [ 491823.558100000023842, 5453265.0603 ], [ 491573.558100000023842, 5453265.0603 ], [ 491573.558100000023842, 5453416.87431004922837 ], [ 491823.558100000023842, 5453403.04282761644572 ], [ 491823.558100000023842, 5453265.0603 ] ] ], [ [ [ 491573.558100000023842, 5453515.0603 ], [ 491823.558100000023842, 5453515.0603 ], [ 491823.558100000023842, 5453403.182767454534769 ], [ 491573.558100000023842, 5453417.086065562441945 ], [ 491573.558100000023842, 5453515.0603 ] ] ] ] } },
{ "type": "Feature", "properties": { "grid_id": 918, "crime_count": 0.0, "name": "Riley Park" }, "geometry": { "type": "Polygon", "coordinates": [ [ [ 491573.558100000023842, 5453515.0603 ], [ 491573.558100000023842, 5453765.0603 ], [ 491823.558100000023842, 5453765.0603 ], [ 491823.558100000023842, 5453515.0603 ], [ 491573.558100000023842, 5453515.0603 ] ] ] } },
{ "type": "Feature", "properties": { "grid_id": 919, "crime_count": 0.0, "name": "Riley Park" }, "geometry": { "type": "Polygon", "coordinates": [ [ [ 491573.558100000023842, 5453765.0603 ], [ 491573.558100000023842, 5454015.0603 ], [ 491823.558100000023842, 5454015.0603 ], [ 491823.558100000023842, 5453765.0603 ], [ 491573.558100000023842, 5453765.0603 ] ] ] } },
{ "type": "Feature", "properties": { "grid_id": 920, "crime_count": 0.0, "name": "Riley Park" }, "geometry": { "type": "Polygon", "coordinates": [ [ [ 491573.558100000023842, 5454015.0603 ], [ 491573.558100000023842, 5454265.0603 ], [ 491823.558100000023842, 5454265.0603 ], [ 491823.558100000023842, 5454015.0603 ], [ 491573.558100000023842, 5454015.0603 ] ] ] } },
{ "type": "Feature", "properties": { "grid_id": 921, "crime_count": 0.0, "name": "Riley Park" }, "geometry": { "type": "Polygon", "coordinates": [ [ [ 491573.558100000023842, 5454265.0603 ], [ 491573.558100000023842, 5454515.0603 ], [ 491823.558100000023842, 5454515.0603 ], [ 491823.558100000023842, 5454265.0603 ], [ 491573.558100000023842, 5454265.0603 ] ] ] } },
{ "type": "Feature", "properties": { "grid_id": 922, "crime_count": 0.0, "name": "Riley Park" }, "geometry": { "type": "Polygon", "coordinates": [ [ [ 491573.558100000023842, 5454515.0603 ], [ 491573.558100000023842, 5454765.0603 ], [ 491823.558100000023842, 5454765.0603 ], [ 491823.558100000023842, 5454515.0603 ], [ 491573.558100000023842, 5454515.0603 ] ] ] } },
{ "type": "Feature", "properties": { "grid_id": 923, "crime_count": 3.0, "name": "Riley Park" }, "geometry": { "type": "Polygon", "coordinates": [ [ [ 491573.558100000023842, 5454765.0603 ], [ 491573.558100000023842, 5455015.0603 ], [ 491823.558100000023842, 5455015.0603 ], [ 491823.558100000023842, 5454765.0603 ], [ 491573.558100000023842, 5454765.0603 ] ] ] } },
{ "type": "Feature", "properties": { "grid_id": 924, "crime_count": 7.0, "name": "Riley Park" }, "geometry": { "type": "Polygon", "coordinates": [ [ [ 491573.558100000023842, 5455015.0603 ], [ 491573.558100000023842, 5455265.0603 ], [ 491823.558100000023842, 5455265.0603 ], [ 491823.558100000023842, 5455015.0603 ], [ 491573.558100000023842, 5455015.0603 ] ] ] } },
{ "type": "Feature", "properties": { "grid_id": 925, "crime_count": 2.0, "name": "Riley Park" }, "geometry": { "type": "Polygon", "coordinates": [ [ [ 491573.558100000023842, 5455265.0603 ], [ 491573.558100000023842, 5455515.0603 ], [ 491823.558100000023842, 5455515.0603 ], [ 491823.558100000023842, 5455265.0603 ], [ 491573.558100000023842, 5455265.0603 ] ] ] } },
{ "type": "Feature", "properties": { "grid_id": 926, "crime_count": 2.0, "name": "Riley Park" }, "geometry": { "type": "Polygon", "coordinates": [ [ [ 491573.558100000023842, 5455515.0603 ], [ 491573.558100000023842, 5455765.0603 ], [ 491823.558100000023842, 5455765.0603 ], [ 491823.558100000023842, 5455515.0603 ], [ 491573.558100000023842, 5455515.0603 ] ] ] } },
{ "type": "Feature", "properties": { "grid_id": 927, "crime_count": 7.0, "name": "Riley Park" }, "geometry": { "type": "Polygon", "coordinates": [ [ [ 491573.558100000023842, 5455765.0603 ], [ 491573.558100000023842, 5456015.0603 ], [ 491823.558100000023842, 5456015.0603 ], [ 491823.558100000023842, 5455765.0603 ], [ 491573.558100000023842, 5455765.0603 ] ] ] } },
{ "type": "Feature", "properties": { "grid_id": 928, "crime_count": 2.0, "name": "Mount Pleasant" }, "geometry": { "type": "Polygon", "coordinates": [ [ [ 491573.558100000023842, 5456015.0603 ], [ 491573.558100000023842, 5456265.0603 ], [ 491823.558100000023842, 5456265.0603 ], [ 491823.558100000023842, 5456015.0603 ], [ 491573.558100000023842, 5456015.0603 ] ] ] } },
{ "type": "Feature", "properties": { "grid_id": 929, "crime_count": 10.0, "name": "Mount Pleasant" }, "geometry": { "type": "Polygon", "coordinates": [ [ [ 491573.558100000023842, 5456265.0603 ], [ 491573.558100000023842, 5456515.0603 ], [ 491823.558100000023842, 5456515.0603 ], [ 491823.558100000023842, 5456265.0603 ], [ 491573.558100000023842, 5456265.0603 ] ] ] } },
{ "type": "Feature", "properties": { "grid_id": 930, "crime_count": 74.0, "name": "Mount Pleasant" }, "geometry": { "type": "Polygon", "coordinates": [ [ [ 491573.558100000023842, 5456515.0603 ], [ 491573.558100000023842, 5456765.0603 ], [ 491823.558100000023842, 5456765.0603 ], [ 491823.558100000023842, 5456515.0603 ], [ 491573.558100000023842, 5456515.0603 ] ] ] } },
{ "type": "Feature", "properties": { "grid_id": 931, "crime_count": 227.0, "name": "Mount Pleasant" }, "geometry": { "type": "Polygon", "coordinates": [ [ [ 491573.558100000023842, 5456765.0603 ], [ 491573.558100000023842, 5457015.0603 ], [ 491823.558100000023842, 5457015.0603 ], [ 491823.558100000023842, 5456765.0603 ], [ 491573.558100000023842, 5456765.0603 ] ] ] } },
{ "type": "Feature", "properties": { "grid_id": 932, "crime_count": 10.0, "name": "Mount Pleasant" }, "geometry": { "type": "Polygon", "coordinates": [ [ [ 491573.558100000023842, 5457015.0603 ], [ 491573.558100000023842, 5457265.0603 ], [ 491823.558100000023842, 5457265.0603 ], [ 491823.558100000023842, 5457015.0603 ], [ 491573.558100000023842, 5457015.0603 ] ] ] } },
{ "type": "Feature", "properties": { "grid_id": 933, "crime_count": 6.0, "name": "Mount Pleasant" }, "geometry": { "type": "Polygon", "coordinates": [ [ [ 491573.558100000023842, 5457265.0603 ], [ 491573.558100000023842, 5457515.0603 ], [ 491823.558100000023842, 5457515.0603 ], [ 491823.558100000023842, 5457265.0603 ], [ 491573.558100000023842, 5457265.0603 ] ] ] } },
{ "type": "Feature", "properties": { "grid_id": 934, "crime_count": 1.0, "name": "Mount Pleasant" }, "geometry": { "type": "Polygon", "coordinates": [ [ [ 491573.558100000023842, 5457515.0603 ], [ 491573.558100000023842, 5457765.0603 ], [ 491823.558100000023842, 5457765.0603 ], [ 491823.558100000023842, 5457515.0603 ], [ 491573.558100000023842, 5457515.0603 ] ] ] } },
{ "type": "Feature", "properties": { "grid_id": 935, "crime_count": 14.0, "name": "Downtown" }, "geometry": { "type": "Polygon", "coordinates": [ [ [ 491573.558100000023842, 5457765.0603 ], [ 491573.558100000023842, 5458015.0603 ], [ 491823.558100000023842, 5458015.0603 ], [ 491823.558100000023842, 5457765.0603 ], [ 491573.558100000023842, 5457765.0603 ] ] ] } },
{ "type": "Feature", "properties": { "grid_id": 936, "crime_count": 24.0, "name": "Downtown" }, "geometry": { "type": "Polygon", "coordinates": [ [ [ 491573.558100000023842, 5458015.0603 ], [ 491573.558100000023842, 5458265.0603 ], [ 491823.558100000023842, 5458265.0603 ], [ 491823.558100000023842, 5458015.0603 ], [ 491573.558100000023842, 5458015.0603 ] ] ] } },
{ "type": "Feature", "properties": { "grid_id": 937, "crime_count": 41.0, "name": "Downtown" }, "geometry": { "type": "Polygon", "coordinates": [ [ [ 491573.558100000023842, 5458265.0603 ], [ 491573.558100000023842, 5458515.0603 ], [ 491823.558100000023842, 5458515.0603 ], [ 491823.558100000023842, 5458265.0603 ], [ 491573.558100000023842, 5458265.0603 ] ] ] } },
{ "type": "Feature", "properties": { "grid_id": 938, "crime_count": 121.0, "name": "Downtown" }, "geometry": { "type": "Polygon", "coordinates": [ [ [ 491573.558100000023842, 5458515.0603 ], [ 491573.558100000023842, 5458765.0603 ], [ 491823.558100000023842, 5458765.0603 ], [ 491823.558100000023842, 5458515.0603 ], [ 491573.558100000023842, 5458515.0603 ] ] ] } },
{ "type": "Feature", "properties": { "grid_id": 939, "crime_count": 147.0, "name": "Downtown" }, "geometry": { "type": "Polygon", "coordinates": [ [ [ 491573.558100000023842, 5458765.0603 ], [ 491573.558100000023842, 5459015.0603 ], [ 491823.558100000023842, 5459015.0603 ], [ 491823.558100000023842, 5458765.0603 ], [ 491573.558100000023842, 5458765.0603 ] ] ] } },
{ "type": "Feature", "properties": { "grid_id": 940, "crime_count": 97.0, "name": "Downtown" }, "geometry": { "type": "Polygon", "coordinates": [ [ [ 491573.558100000023842, 5459015.0603 ], [ 491573.558100000023842, 5459265.0603 ], [ 491823.558100000023842, 5459265.0603 ], [ 491823.558100000023842, 5459015.0603 ], [ 491573.558100000023842, 5459015.0603 ] ] ] } },
{ "type": "Feature", "properties": { "grid_id": 941, "crime_count": 91.0, "name": "Downtown" }, "geometry": { "type": "Polygon", "coordinates": [ [ [ 491573.558100000023842, 5459265.0603 ], [ 491573.558100000023842, 5459515.0603 ], [ 491823.558100000023842, 5459515.0603 ], [ 491823.558100000023842, 5459265.0603 ], [ 491573.558100000023842, 5459265.0603 ] ] ] } },
{ "type": "Feature", "properties": { "grid_id": 942, "crime_count": 0.0, "name": "Downtown" }, "geometry": { "type": "Polygon", "coordinates": [ [ [ 491823.558100000023842, 5459515.0603 ], [ 491573.558100000023842, 5459515.0603 ], [ 491573.558100000023842, 5459765.0603 ], [ 491602.18352100928314, 5459765.0603 ], [ 491823.558100000023842, 5459721.439098741859198 ], [ 491823.558100000023842, 5459515.0603 ] ] ] } },
{ "type": "Feature", "properties": { "grid_id": 943, "crime_count": 0.0, "name": "Downtown" }, "geometry": { "type": "Polygon", "coordinates": [ [ [ 491573.558100000023842, 5459765.0603 ], [ 491573.558100000023842, 5459770.700853927060962 ], [ 491602.18352100928314, 5459765.0603 ], [ 491573.558100000023842, 5459765.0603 ] ] ] } },
{ "type": "Feature", "properties": { "grid_id": 944, "crime_count": 0.0, "name": "Marpole" }, "geometry": { "type": "Polygon", "coordinates": [ [ [ 491823.558100000023842, 5450265.0603 ], [ 492073.558100000023842, 5450265.0603 ], [ 492073.558100000023842, 5450170.133337217383087 ], [ 491875.555560050765052, 5450189.339684211649001 ], [ 491843.879950773145538, 5450190.658688511699438 ], [ 491823.558100000023842, 5450190.416761484928429 ], [ 491823.558100000023842, 5450265.0603 ] ] ] } },
{ "type": "Feature", "properties": { "grid_id": 945, "crime_count": 0.0, "name": "Marpole" }, "geometry": { "type": "Polygon", "coordinates": [ [ [ 491823.558100000023842, 5450265.0603 ], [ 491823.558100000023842, 5450515.0603 ], [ 492073.558100000023842, 5450515.0603 ], [ 492073.558100000023842, 5450265.0603 ], [ 491823.558100000023842, 5450265.0603 ] ] ] } },
{ "type": "Feature", "properties": { "grid_id": 946, "crime_count": 2.0, "name": "Marpole" }, "geometry": { "type": "Polygon", "coordinates": [ [ [ 491823.558100000023842, 5450515.0603 ], [ 491823.558100000023842, 5450765.0603 ], [ 492073.558100000023842, 5450765.0603 ], [ 492073.558100000023842, 5450515.0603 ], [ 491823.558100000023842, 5450515.0603 ] ] ] } },
{ "type": "Feature", "properties": { "grid_id": 947, "crime_count": 1.0, "name": "Marpole" }, "geometry": { "type": "Polygon", "coordinates": [ [ [ 491823.558100000023842, 5450765.0603 ], [ 491823.558100000023842, 5451015.0603 ], [ 492073.558100000023842, 5451015.0603 ], [ 492073.558100000023842, 5450765.0603 ], [ 491823.558100000023842, 5450765.0603 ] ] ] } },
{ "type": "Feature", "properties": { "grid_id": 948, "crime_count": 4.0, "name": "Marpole" }, "geometry": { "type": "Polygon", "coordinates": [ [ [ 491823.558100000023842, 5451015.0603 ], [ 491823.558100000023842, 5451265.0603 ], [ 492073.558100000023842, 5451265.0603 ], [ 492073.558100000023842, 5451015.0603 ], [ 491823.558100000023842, 5451015.0603 ] ] ] } },
{ "type": "Feature", "properties": { "grid_id": 949, "crime_count": 1.0, "name": "Marpole" }, "geometry": { "type": "Polygon", "coordinates": [ [ [ 491823.558100000023842, 5451265.0603 ], [ 491823.558100000023842, 5451515.0603 ], [ 492073.558100000023842, 5451515.0603 ], [ 492073.558100000023842, 5451265.0603 ], [ 491823.558100000023842, 5451265.0603 ] ] ] } },
{ "type": "Feature", "properties": { "grid_id": 950, "crime_count": 2.0, "name": "Marpole" }, "geometry": { "type": "Polygon", "coordinates": [ [ [ 491823.558100000023842, 5451515.0603 ], [ 491823.558100000023842, 5451765.0603 ], [ 492073.558100000023842, 5451765.0603 ], [ 492073.558100000023842, 5451515.0603 ], [ 491823.558100000023842, 5451515.0603 ] ] ] } },
{ "type": "Feature", "properties": { "grid_id": 951, "crime_count": 0.0, "name": "Oakridge" }, "geometry": { "type": "Polygon", "coordinates": [ [ [ 491823.558100000023842, 5451765.0603 ], [ 491823.558100000023842, 5452015.0603 ], [ 492073.558100000023842, 5452015.0603 ], [ 492073.558100000023842, 5451765.0603 ], [ 491823.558100000023842, 5451765.0603 ] ] ] } },
{ "type": "Feature", "properties": { "grid_id": 952, "crime_count": 0.0, "name": "Oakridge" }, "geometry": { "type": "Polygon", "coordinates": [ [ [ 491823.558100000023842, 5452015.0603 ], [ 491823.558100000023842, 5452265.0603 ], [ 492073.558100000023842, 5452265.0603 ], [ 492073.558100000023842, 5452015.0603 ], [ 491823.558100000023842, 5452015.0603 ] ] ] } },
{ "type": "Feature", "properties": { "grid_id": 953, "crime_count": 0.0, "name": "Oakridge" }, "geometry": { "type": "Polygon", "coordinates": [ [ [ 491823.558100000023842, 5452265.0603 ], [ 491823.558100000023842, 5452515.0603 ], [ 492073.558100000023842, 5452515.0603 ], [ 492073.558100000023842, 5452265.0603 ], [ 491823.558100000023842, 5452265.0603 ] ] ] } },
{ "type": "Feature", "properties": { "grid_id": 954, "crime_count": 2.0, "name": "Oakridge" }, "geometry": { "type": "Polygon", "coordinates": [ [ [ 491823.558100000023842, 5452515.0603 ], [ 491823.558100000023842, 5452765.0603 ], [ 492073.558100000023842, 5452765.0603 ], [ 492073.558100000023842, 5452515.0603 ], [ 491823.558100000023842, 5452515.0603 ] ] ] } },
{ "type": "Feature", "properties": { "grid_id": 955, "crime_count": 1.0, "name": "Oakridge" }, "geometry": { "type": "Polygon", "coordinates": [ [ [ 491823.558100000023842, 5452765.0603 ], [ 491823.558100000023842, 5453015.0603 ], [ 492073.558100000023842, 5453015.0603 ], [ 492073.558100000023842, 5452765.0603 ], [ 491823.558100000023842, 5452765.0603 ] ] ] } },
{ "type": "Feature", "properties": { "grid_id": 956, "crime_count": 0.0, "name": "Oakridge" }, "geometry": { "type": "Polygon", "coordinates": [ [ [ 491823.558100000023842, 5453015.0603 ], [ 491823.558100000023842, 5453265.0603 ], [ 492073.558100000023842, 5453265.0603 ], [ 492073.558100000023842, 5453015.0603 ], [ 491823.558100000023842, 5453015.0603 ] ] ] } },
{ "type": "Feature", "properties": { "grid_id": 957, "crime_count": 2.0, "name": "Oakridge" }, "geometry": { "type": "MultiPolygon", "coordinates": [ [ [ [ 492073.558100000023842, 5453265.0603 ], [ 491823.558100000023842, 5453265.0603 ], [ 491823.558100000023842, 5453403.04282761644572 ], [ 492073.558100000023842, 5453389.211345182731748 ], [ 492073.558100000023842, 5453265.0603 ] ] ], [ [ [ 491823.558100000023842, 5453515.0603 ], [ 492073.558100000023842, 5453515.0603 ], [ 492073.558100000023842, 5453389.279469347558916 ], [ 491823.558100000023842, 5453403.182767454534769 ], [ 491823.558100000023842, 5453515.0603 ] ] ] ] } },
{ "type": "Feature", "properties": { "grid_id": 958, "crime_count": 3.0, "name": "Riley Park" }, "geometry": { "type": "Polygon", "coordinates": [ [ [ 491823.558100000023842, 5453515.0603 ], [ 491823.558100000023842, 5453765.0603 ], [ 492073.558100000023842, 5453765.0603 ], [ 492073.558100000023842, 5453515.0603 ], [ 491823.558100000023842, 5453515.0603 ] ] ] } },
{ "type": "Feature", "properties": { "grid_id": 959, "crime_count": 0.0, "name": "Riley Park" }, "geometry": { "type": "Polygon", "coordinates": [ [ [ 491823.558100000023842, 5453765.0603 ], [ 491823.558100000023842, 5454015.0603 ], [ 492073.558100000023842, 5454015.0603 ], [ 492073.558100000023842, 5453765.0603 ], [ 491823.558100000023842, 5453765.0603 ] ] ] } },
{ "type": "Feature", "properties": { "grid_id": 960, "crime_count": 0.0, "name": "Riley Park" }, "geometry": { "type": "Polygon", "coordinates": [ [ [ 491823.558100000023842, 5454015.0603 ], [ 491823.558100000023842, 5454265.0603 ], [ 492073.558100000023842, 5454265.0603 ], [ 492073.558100000023842, 5454015.0603 ], [ 491823.558100000023842, 5454015.0603 ] ] ] } },
{ "type": "Feature", "properties": { "grid_id": 961, "crime_count": 0.0, "name": "Riley Park" }, "geometry": { "type": "Polygon", "coordinates": [ [ [ 491823.558100000023842, 5454265.0603 ], [ 491823.558100000023842, 5454515.0603 ], [ 492073.558100000023842, 5454515.0603 ], [ 492073.558100000023842, 5454265.0603 ], [ 491823.558100000023842, 5454265.0603 ] ] ] } },
{ "type": "Feature", "properties": { "grid_id": 962, "crime_count": 0.0, "name": "Riley Park" }, "geometry": { "type": "Polygon", "coordinates": [ [ [ 491823.558100000023842, 5454515.0603 ], [ 491823.558100000023842, 5454765.0603 ], [ 492073.558100000023842, 5454765.0603 ], [ 492073.558100000023842, 5454515.0603 ], [ 491823.558100000023842, 5454515.0603 ] ] ] } },
{ "type": "Feature", "properties": { "grid_id": 963, "crime_count": 4.0, "name": "Riley Park" }, "geometry": { "type": "Polygon", "coordinates": [ [ [ 491823.558100000023842, 5454765.0603 ], [ 491823.558100000023842, 5455015.0603 ], [ 492073.558100000023842, 5455015.0603 ], [ 492073.558100000023842, 5454765.0603 ], [ 491823.558100000023842, 5454765.0603 ] ] ] } },
{ "type": "Feature", "properties": { "grid_id": 964, "crime_count": 1.0, "name": "Riley Park" }, "geometry": { "type": "Polygon", "coordinates": [ [ [ 491823.558100000023842, 5455015.0603 ], [ 491823.558100000023842, 5455265.0603 ], [ 492073.558100000023842, 5455265.0603 ], [ 492073.558100000023842, 5455015.0603 ], [ 491823.558100000023842, 5455015.0603 ] ] ] } },
{ "type": "Feature", "properties": { "grid_id": 965, "crime_count": 0.0, "name": "Riley Park" }, "geometry": { "type": "Polygon", "coordinates": [ [ [ 491823.558100000023842, 5455265.0603 ], [ 491823.558100000023842, 5455515.0603 ], [ 492073.558100000023842, 5455515.0603 ], [ 492073.558100000023842, 5455265.0603 ], [ 491823.558100000023842, 5455265.0603 ] ] ] } },
{ "type": "Feature", "properties": { "grid_id": 966, "crime_count": 0.0, "name": "Riley Park" }, "geometry": { "type": "Polygon", "coordinates": [ [ [ 491823.558100000023842, 5455515.0603 ], [ 491823.558100000023842, 5455765.0603 ], [ 492073.558100000023842, 5455765.0603 ], [ 492073.558100000023842, 5455515.0603 ], [ 491823.558100000023842, 5455515.0603 ] ] ] } },
{ "type": "Feature", "properties": { "grid_id": 967, "crime_count": 0.0, "name": "Riley Park" }, "geometry": { "type": "Polygon", "coordinates": [ [ [ 491823.558100000023842, 5455765.0603 ], [ 491823.558100000023842, 5456015.0603 ], [ 492073.558100000023842, 5456015.0603 ], [ 492073.558100000023842, 5455765.0603 ], [ 491823.558100000023842, 5455765.0603 ] ] ] } },
{ "type": "Feature", "properties": { "grid_id": 968, "crime_count": 2.0, "name": "Mount Pleasant" }, "geometry": { "type": "Polygon", "coordinates": [ [ [ 491823.558100000023842, 5456015.0603 ], [ 491823.558100000023842, 5456265.0603 ], [ 492073.558100000023842, 5456265.0603 ], [ 492073.558100000023842, 5456015.0603 ], [ 491823.558100000023842, 5456015.0603 ] ] ] } },
{ "type": "Feature", "properties": { "grid_id": 969, "crime_count": 4.0, "name": "Mount Pleasant" }, "geometry": { "type": "Polygon", "coordinates": [ [ [ 491823.558100000023842, 5456265.0603 ], [ 491823.558100000023842, 5456515.0603 ], [ 492073.558100000023842, 5456515.0603 ], [ 492073.558100000023842, 5456265.0603 ], [ 491823.558100000023842, 5456265.0603 ] ] ] } },
{ "type": "Feature", "properties": { "grid_id": 970, "crime_count": 8.0, "name": "Mount Pleasant" }, "geometry": { "type": "Polygon", "coordinates": [ [ [ 491823.558100000023842, 5456515.0603 ], [ 491823.558100000023842, 5456765.0603 ], [ 492073.558100000023842, 5456765.0603 ], [ 492073.558100000023842, 5456515.0603 ], [ 491823.558100000023842, 5456515.0603 ] ] ] } },
{ "type": "Feature", "properties": { "grid_id": 971, "crime_count": 6.0, "name": "Mount Pleasant" }, "geometry": { "type": "Polygon", "coordinates": [ [ [ 491823.558100000023842, 5456765.0603 ], [ 491823.558100000023842, 5457015.0603 ], [ 492073.558100000023842, 5457015.0603 ], [ 492073.558100000023842, 5456765.0603 ], [ 491823.558100000023842, 5456765.0603 ] ] ] } },
{ "type": "Feature", "properties": { "grid_id": 972, "crime_count": 6.0, "name": "Mount Pleasant" }, "geometry": { "type": "Polygon", "coordinates": [ [ [ 491823.558100000023842, 5457015.0603 ], [ 491823.558100000023842, 5457265.0603 ], [ 492073.558100000023842, 5457265.0603 ], [ 492073.558100000023842, 5457015.0603 ], [ 491823.558100000023842, 5457015.0603 ] ] ] } },
{ "type": "Feature", "properties": { "grid_id": 973, "crime_count": 11.0, "name": "Mount Pleasant" }, "geometry": { "type": "Polygon", "coordinates": [ [ [ 491823.558100000023842, 5457265.0603 ], [ 491823.558100000023842, 5457515.0603 ], [ 492073.558100000023842, 5457515.0603 ], [ 492073.558100000023842, 5457265.0603 ], [ 491823.558100000023842, 5457265.0603 ] ] ] } },
{ "type": "Feature", "properties": { "grid_id": 974, "crime_count": 1.0, "name": "Mount Pleasant" }, "geometry": { "type": "Polygon", "coordinates": [ [ [ 491823.558100000023842, 5457515.0603 ], [ 491823.558100000023842, 5457765.0603 ], [ 492073.558100000023842, 5457765.0603 ], [ 492073.558100000023842, 5457515.0603 ], [ 491823.558100000023842, 5457515.0603 ] ] ] } },
{ "type": "Feature", "properties": { "grid_id": 975, "crime_count": 1.0, "name": "Downtown" }, "geometry": { "type": "Polygon", "coordinates": [ [ [ 491823.558100000023842, 5457765.0603 ], [ 491823.558100000023842, 5458015.0603 ], [ 492073.558100000023842, 5458015.0603 ], [ 492073.558100000023842, 5457765.0603 ], [ 491823.558100000023842, 5457765.0603 ] ] ] } },
{ "type": "Feature", "properties": { "grid_id": 976, "crime_count": 11.0, "name": "Downtown" }, "geometry": { "type": "Polygon", "coordinates": [ [ [ 491823.558100000023842, 5458015.0603 ], [ 491823.558100000023842, 5458265.0603 ], [ 492073.558100000023842, 5458265.0603 ], [ 492073.558100000023842, 5458015.0603 ], [ 491823.558100000023842, 5458015.0603 ] ] ] } },
{ "type": "Feature", "properties": { "grid_id": 977, "crime_count": 13.0, "name": "Downtown" }, "geometry": { "type": "Polygon", "coordinates": [ [ [ 491823.558100000023842, 5458265.0603 ], [ 491823.558100000023842, 5458515.0603 ], [ 492073.558100000023842, 5458515.0603 ], [ 492073.558100000023842, 5458265.0603 ], [ 491823.558100000023842, 5458265.0603 ] ] ] } },
{ "type": "Feature", "properties": { "grid_id": 978, "crime_count": 38.0, "name": "Downtown" }, "geometry": { "type": "Polygon", "coordinates": [ [ [ 491823.558100000023842, 5458515.0603 ], [ 491823.558100000023842, 5458765.0603 ], [ 492073.558100000023842, 5458765.0603 ], [ 492073.558100000023842, 5458515.0603 ], [ 491823.558100000023842, 5458515.0603 ] ] ] } },
{ "type": "Feature", "properties": { "grid_id": 979, "crime_count": 77.0, "name": "Downtown" }, "geometry": { "type": "Polygon", "coordinates": [ [ [ 491823.558100000023842, 5458765.0603 ], [ 491823.558100000023842, 5459015.0603 ], [ 492073.558100000023842, 5459015.0603 ], [ 492073.558100000023842, 5458765.0603 ], [ 491823.558100000023842, 5458765.0603 ] ] ] } },
{ "type": "Feature", "properties": { "grid_id": 980, "crime_count": 138.0, "name": "Downtown" }, "geometry": { "type": "Polygon", "coordinates": [ [ [ 491823.558100000023842, 5459015.0603 ], [ 491823.558100000023842, 5459265.0603 ], [ 492073.558100000023842, 5459265.0603 ], [ 492073.558100000023842, 5459015.0603 ], [ 491823.558100000023842, 5459015.0603 ] ] ] } },
{ "type": "Feature", "properties": { "grid_id": 981, "crime_count": 32.0, "name": "Downtown" }, "geometry": { "type": "Polygon", "coordinates": [ [ [ 491823.558100000023842, 5459265.0603 ], [ 491823.558100000023842, 5459515.0603 ], [ 492073.558100000023842, 5459515.0603 ], [ 492073.558100000023842, 5459265.0603 ], [ 491823.558100000023842, 5459265.0603 ] ] ] } },
{ "type": "Feature", "properties": { "grid_id": 982, "crime_count": 0.0, "name": "Downtown" }, "geometry": { "type": "Polygon", "coordinates": [ [ [ 492073.558100000023842, 5459515.0603 ], [ 491823.558100000023842, 5459515.0603 ], [ 491823.558100000023842, 5459721.439098741859198 ], [ 491836.348920097458176, 5459718.918705748394132 ], [ 492073.558100000023842, 5459628.213445176370442 ], [ 492073.558100000023842, 5459515.0603 ] ] ] } },
{ "type": "Feature", "properties": { "grid_id": 983, "crime_count": 0.0, "name": "Marpole" }, "geometry": { "type": "Polygon", "coordinates": [ [ [ 492073.558100000023842, 5450265.0603 ], [ 492323.558100000023842, 5450265.0603 ], [ 492323.558100000023842, 5450148.476106856949627 ], [ 492252.856081311532762, 5450152.749972486868501 ], [ 492208.40214587416267, 5450157.053396243602037 ], [ 492073.558100000023842, 5450170.133337217383087 ], [ 492073.558100000023842, 5450265.0603 ] ] ] } },
{ "type": "Feature", "properties": { "grid_id": 984, "crime_count": 0.0, "name": "Marpole" }, "geometry": { "type": "Polygon", "coordinates": [ [ [ 492073.558100000023842, 5450265.0603 ], [ 492073.558100000023842, 5450515.0603 ], [ 492323.558100000023842, 5450515.0603 ], [ 492323.558100000023842, 5450265.0603 ], [ 492073.558100000023842, 5450265.0603 ] ] ] } },
{ "type": "Feature", "properties": { "grid_id": 985, "crime_count": 1.0, "name": "Marpole" }, "geometry": { "type": "Polygon", "coordinates": [ [ [ 492073.558100000023842, 5450515.0603 ], [ 492073.558100000023842, 5450765.0603 ], [ 492323.558100000023842, 5450765.0603 ], [ 492323.558100000023842, 5450515.0603 ], [ 492073.558100000023842, 5450515.0603 ] ] ] } },
{ "type": "Feature", "properties": { "grid_id": 986, "crime_count": 33.0, "name": "Marpole" }, "geometry": { "type": "Polygon", "coordinates": [ [ [ 492073.558100000023842, 5450765.0603 ], [ 492073.558100000023842, 5451015.0603 ], [ 492323.558100000023842, 5451015.0603 ], [ 492323.558100000023842, 5450765.0603 ], [ 492073.558100000023842, 5450765.0603 ] ] ] } },
{ "type": "Feature", "properties": { "grid_id": 987, "crime_count": 4.0, "name": "Marpole" }, "geometry": { "type": "Polygon", "coordinates": [ [ [ 492073.558100000023842, 5451015.0603 ], [ 492073.558100000023842, 5451265.0603 ], [ 492323.558100000023842, 5451265.0603 ], [ 492323.558100000023842, 5451015.0603 ], [ 492073.558100000023842, 5451015.0603 ] ] ] } },
{ "type": "Feature", "properties": { "grid_id": 988, "crime_count": 0.0, "name": "Marpole" }, "geometry": { "type": "Polygon", "coordinates": [ [ [ 492073.558100000023842, 5451265.0603 ], [ 492073.558100000023842, 5451515.0603 ], [ 492323.558100000023842, 5451515.0603 ], [ 492323.558100000023842, 5451265.0603 ], [ 492073.558100000023842, 5451265.0603 ] ] ] } },
{ "type": "Feature", "properties": { "grid_id": 989, "crime_count": 1.0, "name": "Marpole" }, "geometry": { "type": "Polygon", "coordinates": [ [ [ 492073.558100000023842, 5451515.0603 ], [ 492073.558100000023842, 5451765.0603 ], [ 492323.558100000023842, 5451765.0603 ], [ 492323.558100000023842, 5451515.0603 ], [ 492073.558100000023842, 5451515.0603 ] ] ] } },
{ "type": "Feature", "properties": { "grid_id": 990, "crime_count": 0.0, "name": "Oakridge" }, "geometry": { "type": "Polygon", "coordinates": [ [ [ 492073.558100000023842, 5451765.0603 ], [ 492073.558100000023842, 5452015.0603 ], [ 492323.558100000023842, 5452015.0603 ], [ 492323.558100000023842, 5451765.0603 ], [ 492073.558100000023842, 5451765.0603 ] ] ] } },
{ "type": "Feature", "properties": { "grid_id": 991, "crime_count": 1.0, "name": "Oakridge" }, "geometry": { "type": "Polygon", "coordinates": [ [ [ 492073.558100000023842, 5452015.0603 ], [ 492073.558100000023842, 5452265.0603 ], [ 492323.558100000023842, 5452265.0603 ], [ 492323.558100000023842, 5452015.0603 ], [ 492073.558100000023842, 5452015.0603 ] ] ] } },
{ "type": "Feature", "properties": { "grid_id": 992, "crime_count": 1.0, "name": "Oakridge" }, "geometry": { "type": "Polygon", "coordinates": [ [ [ 492073.558100000023842, 5452265.0603 ], [ 492073.558100000023842, 5452515.0603 ], [ 492323.558100000023842, 5452515.0603 ], [ 492323.558100000023842, 5452265.0603 ], [ 492073.558100000023842, 5452265.0603 ] ] ] } },
{ "type": "Feature", "properties": { "grid_id": 993, "crime_count": 13.0, "name": "Oakridge" }, "geometry": { "type": "Polygon", "coordinates": [ [ [ 492073.558100000023842, 5452515.0603 ], [ 492073.558100000023842, 5452765.0603 ], [ 492323.558100000023842, 5452765.0603 ], [ 492323.558100000023842, 5452515.0603 ], [ 492073.558100000023842, 5452515.0603 ] ] ] } },
{ "type": "Feature", "properties": { "grid_id": 994, "crime_count": 0.0, "name": "Oakridge" }, "geometry": { "type": "Polygon", "coordinates": [ [ [ 492073.558100000023842, 5452765.0603 ], [ 492073.558100000023842, 5453015.0603 ], [ 492323.558100000023842, 5453015.0603 ], [ 492323.558100000023842, 5452765.0603 ], [ 492073.558100000023842, 5452765.0603 ] ] ] } },
{ "type": "Feature", "properties": { "grid_id": 995, "crime_count": 1.0, "name": "Oakridge" }, "geometry": { "type": "Polygon", "coordinates": [ [ [ 492073.558100000023842, 5453015.0603 ], [ 492073.558100000023842, 5453265.0603 ], [ 492323.558100000023842, 5453265.0603 ], [ 492323.558100000023842, 5453015.0603 ], [ 492073.558100000023842, 5453015.0603 ] ] ] } },
{ "type": "Feature", "properties": { "grid_id": 996, "crime_count": 2.0, "name": "Riley Park" }, "geometry": { "type": "Polygon", "coordinates": [ [ [ 492073.558100000023842, 5453515.0603 ], [ 492323.558100000023842, 5453515.0603 ], [ 492323.558100000023842, 5453265.0603 ], [ 492073.558100000023842, 5453265.0603 ], [ 492073.558100000023842, 5453389.211345182731748 ], [ 492310.707458742836025, 5453376.090836425311863 ], [ 492073.558100000023842, 5453389.279469347558916 ], [ 492073.558100000023842, 5453515.0603 ] ] ] } },
{ "type": "Feature", "properties": { "grid_id": 997, "crime_count": 0.0, "name": "Riley Park" }, "geometry": { "type": "Polygon", "coordinates": [ [ [ 492073.558100000023842, 5453515.0603 ], [ 492073.558100000023842, 5453765.0603 ], [ 492323.558100000023842, 5453765.0603 ], [ 492323.558100000023842, 5453515.0603 ], [ 492073.558100000023842, 5453515.0603 ] ] ] } },
{ "type": "Feature", "properties": { "grid_id": 998, "crime_count": 1.0, "name": "Riley Park" }, "geometry": { "type": "Polygon", "coordinates": [ [ [ 492073.558100000023842, 5453765.0603 ], [ 492073.558100000023842, 5454015.0603 ], [ 492323.558100000023842, 5454015.0603 ], [ 492323.558100000023842, 5453765.0603 ], [ 492073.558100000023842, 5453765.0603 ] ] ] } },
{ "type": "Feature", "properties": { "grid_id": 999, "crime_count": 0.0, "name": "Riley Park" }, "geometry": { "type": "Polygon", "coordinates": [ [ [ 492073.558100000023842, 5454015.0603 ], [ 492073.558100000023842, 5454265.0603 ], [ 492323.558100000023842, 5454265.0603 ], [ 492323.558100000023842, 5454015.0603 ], [ 492073.558100000023842, 5454015.0603 ] ] ] } },
{ "type": "Feature", "properties": { "grid_id": 1000, "crime_count": 13.0, "name": "Riley Park" }, "geometry": { "type": "Polygon", "coordinates": [ [ [ 492073.558100000023842, 5454265.0603 ], [ 492073.558100000023842, 5454515.0603 ], [ 492323.558100000023842, 5454515.0603 ], [ 492323.558100000023842, 5454265.0603 ], [ 492073.558100000023842, 5454265.0603 ] ] ] } },
{ "type": "Feature", "properties": { "grid_id": 1001, "crime_count": 1.0, "name": "Riley Park" }, "geometry": { "type": "Polygon", "coordinates": [ [ [ 492073.558100000023842, 5454515.0603 ], [ 492073.558100000023842, 5454765.0603 ], [ 492323.558100000023842, 5454765.0603 ], [ 492323.558100000023842, 5454515.0603 ], [ 492073.558100000023842, 5454515.0603 ] ] ] } },
{ "type": "Feature", "properties": { "grid_id": 1002, "crime_count": 0.0, "name": "Riley Park" }, "geometry": { "type": "Polygon", "coordinates": [ [ [ 492073.558100000023842, 5454765.0603 ], [ 492073.558100000023842, 5455015.0603 ], [ 492323.558100000023842, 5455015.0603 ], [ 492323.558100000023842, 5454765.0603 ], [ 492073.558100000023842, 5454765.0603 ] ] ] } },
{ "type": "Feature", "properties": { "grid_id": 1003, "crime_count": 1.0, "name": "Riley Park" }, "geometry": { "type": "Polygon", "coordinates": [ [ [ 492073.558100000023842, 5455015.0603 ], [ 492073.558100000023842, 5455265.0603 ], [ 492323.558100000023842, 5455265.0603 ], [ 492323.558100000023842, 5455015.0603 ], [ 492073.558100000023842, 5455015.0603 ] ] ] } },
{ "type": "Feature", "properties": { "grid_id": 1004, "crime_count": 1.0, "name": "Riley Park" }, "geometry": { "type": "Polygon", "coordinates": [ [ [ 492073.558100000023842, 5455265.0603 ], [ 492073.558100000023842, 5455515.0603 ], [ 492323.558100000023842, 5455515.0603 ], [ 492323.558100000023842, 5455265.0603 ], [ 492073.558100000023842, 5455265.0603 ] ] ] } },
{ "type": "Feature", "properties": { "grid_id": 1005, "crime_count": 3.0, "name": "Riley Park" }, "geometry": { "type": "Polygon", "coordinates": [ [ [ 492073.558100000023842, 5455515.0603 ], [ 492073.558100000023842, 5455765.0603 ], [ 492323.558100000023842, 5455765.0603 ], [ 492323.558100000023842, 5455515.0603 ], [ 492073.558100000023842, 5455515.0603 ] ] ] } },
{ "type": "Feature", "properties": { "grid_id": 1006, "crime_count": 1.0, "name": "Riley Park" }, "geometry": { "type": "Polygon", "coordinates": [ [ [ 492073.558100000023842, 5455765.0603 ], [ 492073.558100000023842, 5456015.0603 ], [ 492323.558100000023842, 5456015.0603 ], [ 492323.558100000023842, 5455765.0603 ], [ 492073.558100000023842, 5455765.0603 ] ] ] } },
{ "type": "Feature", "properties": { "grid_id": 1007, "crime_count": 1.0, "name": "Mount Pleasant" }, "geometry": { "type": "Polygon", "coordinates": [ [ [ 492073.558100000023842, 5456015.0603 ], [ 492073.558100000023842, 5456265.0603 ], [ 492323.558100000023842, 5456265.0603 ], [ 492323.558100000023842, 5456015.0603 ], [ 492073.558100000023842, 5456015.0603 ] ] ] } },
{ "type": "Feature", "properties": { "grid_id": 1008, "crime_count": 2.0, "name": "Mount Pleasant" }, "geometry": { "type": "Polygon", "coordinates": [ [ [ 492073.558100000023842, 5456265.0603 ], [ 492073.558100000023842, 5456515.0603 ], [ 492323.558100000023842, 5456515.0603 ], [ 492323.558100000023842, 5456265.0603 ], [ 492073.558100000023842, 5456265.0603 ] ] ] } },
{ "type": "Feature", "properties": { "grid_id": 1009, "crime_count": 12.0, "name": "Mount Pleasant" }, "geometry": { "type": "Polygon", "coordinates": [ [ [ 492073.558100000023842, 5456515.0603 ], [ 492073.558100000023842, 5456765.0603 ], [ 492323.558100000023842, 5456765.0603 ], [ 492323.558100000023842, 5456515.0603 ], [ 492073.558100000023842, 5456515.0603 ] ] ] } },
{ "type": "Feature", "properties": { "grid_id": 1010, "crime_count": 5.0, "name": "Mount Pleasant" }, "geometry": { "type": "Polygon", "coordinates": [ [ [ 492073.558100000023842, 5456765.0603 ], [ 492073.558100000023842, 5457015.0603 ], [ 492323.558100000023842, 5457015.0603 ], [ 492323.558100000023842, 5456765.0603 ], [ 492073.558100000023842, 5456765.0603 ] ] ] } },
{ "type": "Feature", "properties": { "grid_id": 1011, "crime_count": 4.0, "name": "Mount Pleasant" }, "geometry": { "type": "Polygon", "coordinates": [ [ [ 492073.558100000023842, 5457015.0603 ], [ 492073.558100000023842, 5457265.0603 ], [ 492323.558100000023842, 5457265.0603 ], [ 492323.558100000023842, 5457015.0603 ], [ 492073.558100000023842, 5457015.0603 ] ] ] } },
{ "type": "Feature", "properties": { "grid_id": 1012, "crime_count": 13.0, "name": "Mount Pleasant" }, "geometry": { "type": "Polygon", "coordinates": [ [ [ 492073.558100000023842, 5457265.0603 ], [ 492073.558100000023842, 5457515.0603 ], [ 492323.558100000023842, 5457515.0603 ], [ 492323.558100000023842, 5457265.0603 ], [ 492073.558100000023842, 5457265.0603 ] ] ] } },
{ "type": "Feature", "properties": { "grid_id": 1013, "crime_count": 57.0, "name": "Mount Pleasant" }, "geometry": { "type": "Polygon", "coordinates": [ [ [ 492073.558100000023842, 5457515.0603 ], [ 492073.558100000023842, 5457765.0603 ], [ 492323.558100000023842, 5457765.0603 ], [ 492323.558100000023842, 5457515.0603 ], [ 492073.558100000023842, 5457515.0603 ] ] ] } },
{ "type": "Feature", "properties": { "grid_id": 1014, "crime_count": 0.0, "name": "Downtown" }, "geometry": { "type": "Polygon", "coordinates": [ [ [ 492073.558100000023842, 5457765.0603 ], [ 492073.558100000023842, 5458015.0603 ], [ 492323.558100000023842, 5458015.0603 ], [ 492323.558100000023842, 5457765.0603 ], [ 492073.558100000023842, 5457765.0603 ] ] ] } },
{ "type": "Feature", "properties": { "grid_id": 1015, "crime_count": 4.0, "name": "Downtown" }, "geometry": { "type": "Polygon", "coordinates": [ [ [ 492073.558100000023842, 5458015.0603 ], [ 492073.558100000023842, 5458265.0603 ], [ 492323.558100000023842, 5458265.0603 ], [ 492323.558100000023842, 5458015.0603 ], [ 492073.558100000023842, 5458015.0603 ] ] ] } },
{ "type": "Feature", "properties": { "grid_id": 1016, "crime_count": 40.0, "name": "Downtown" }, "geometry": { "type": "Polygon", "coordinates": [ [ [ 492073.558100000023842, 5458265.0603 ], [ 492073.558100000023842, 5458515.0603 ], [ 492323.558100000023842, 5458515.0603 ], [ 492323.558100000023842, 5458265.0603 ], [ 492073.558100000023842, 5458265.0603 ] ] ] } },
{ "type": "Feature", "properties": { "grid_id": 1017, "crime_count": 154.0, "name": "Downtown" }, "geometry": { "type": "Polygon", "coordinates": [ [ [ 492073.558100000023842, 5458515.0603 ], [ 492073.558100000023842, 5458765.0603 ], [ 492323.558100000023842, 5458765.0603 ], [ 492323.558100000023842, 5458515.0603 ], [ 492073.558100000023842, 5458515.0603 ] ] ] } },
{ "type": "Feature", "properties": { "grid_id": 1018, "crime_count": 328.0, "name": "Downtown" }, "geometry": { "type": "Polygon", "coordinates": [ [ [ 492073.558100000023842, 5458765.0603 ], [ 492073.558100000023842, 5459015.0603 ], [ 492323.558100000023842, 5459015.0603 ], [ 492323.558100000023842, 5458765.0603 ], [ 492073.558100000023842, 5458765.0603 ] ] ] } },
{ "type": "Feature", "properties": { "grid_id": 1019, "crime_count": 45.0, "name": "Downtown" }, "geometry": { "type": "Polygon", "coordinates": [ [ [ 492073.558100000023842, 5459015.0603 ], [ 492073.558100000023842, 5459265.0603 ], [ 492323.558100000023842, 5459265.0603 ], [ 492323.558100000023842, 5459015.0603 ], [ 492073.558100000023842, 5459015.0603 ] ] ] } },
{ "type": "Feature", "properties": { "grid_id": 1020, "crime_count": 0.0, "name": "Downtown" }, "geometry": { "type": "Polygon", "coordinates": [ [ [ 492073.558100000023842, 5459265.0603 ], [ 492073.558100000023842, 5459515.0603 ], [ 492323.558100000023842, 5459515.0603 ], [ 492323.558100000023842, 5459265.0603 ], [ 492073.558100000023842, 5459265.0603 ] ] ] } },
{ "type": "Feature", "properties": { "grid_id": 1021, "crime_count": 0.0, "name": "Downtown" }, "geometry": { "type": "Polygon", "coordinates": [ [ [ 492323.558100000023842, 5459515.0603 ], [ 492073.558100000023842, 5459515.0603 ], [ 492073.558100000023842, 5459628.213445176370442 ], [ 492323.558100000023842, 5459532.617165334522724 ], [ 492323.558100000023842, 5459515.0603 ] ] ] } },
{ "type": "Feature", "properties": { "grid_id": 1022, "crime_count": 0.0, "name": "Sunset" }, "geometry": { "type": "Polygon", "coordinates": [ [ [ 492323.558100000023842, 5450265.0603 ], [ 492573.558100000023842, 5450265.0603 ], [ 492573.558100000023842, 5450148.57929948810488 ], [ 492439.581968574319035, 5450148.249964280985296 ], [ 492346.214278773812111, 5450147.106563730165362 ], [ 492323.558100000023842, 5450148.476106856949627 ], [ 492323.558100000023842, 5450265.0603 ] ] ] } },
{ "type": "Feature", "properties": { "grid_id": 1023, "crime_count": 0.0, "name": "Sunset" }, "geometry": { "type": "Polygon", "coordinates": [ [ [ 492323.558100000023842, 5450265.0603 ], [ 492323.558100000023842, 5450515.0603 ], [ 492573.558100000023842, 5450515.0603 ], [ 492573.558100000023842, 5450265.0603 ], [ 492323.558100000023842, 5450265.0603 ] ] ] } },
{ "type": "Feature", "properties": { "grid_id": 1024, "crime_count": 0.0, "name": "Sunset" }, "geometry": { "type": "Polygon", "coordinates": [ [ [ 492323.558100000023842, 5450515.0603 ], [ 492323.558100000023842, 5450765.0603 ], [ 492573.558100000023842, 5450765.0603 ], [ 492573.558100000023842, 5450515.0603 ], [ 492323.558100000023842, 5450515.0603 ] ] ] } },
{ "type": "Feature", "properties": { "grid_id": 1025, "crime_count": 2.0, "name": "Sunset" }, "geometry": { "type": "Polygon", "coordinates": [ [ [ 492323.558100000023842, 5450765.0603 ], [ 492323.558100000023842, 5451015.0603 ], [ 492573.558100000023842, 5451015.0603 ], [ 492573.558100000023842, 5450765.0603 ], [ 492323.558100000023842, 5450765.0603 ] ] ] } },
{ "type": "Feature", "properties": { "grid_id": 1026, "crime_count": 10.0, "name": "Sunset" }, "geometry": { "type": "Polygon", "coordinates": [ [ [ 492323.558100000023842, 5451015.0603 ], [ 492323.558100000023842, 5451265.0603 ], [ 492573.558100000023842, 5451265.0603 ], [ 492573.558100000023842, 5451015.0603 ], [ 492323.558100000023842, 5451015.0603 ] ] ] } },
{ "type": "Feature", "properties": { "grid_id": 1027, "crime_count": 2.0, "name": "Sunset" }, "geometry": { "type": "Polygon", "coordinates": [ [ [ 492323.558100000023842, 5451265.0603 ], [ 492323.558100000023842, 5451515.0603 ], [ 492573.558100000023842, 5451515.0603 ], [ 492573.558100000023842, 5451265.0603 ], [ 492323.558100000023842, 5451265.0603 ] ] ] } },
{ "type": "Feature", "properties": { "grid_id": 1028, "crime_count": 0.0, "name": "Sunset" }, "geometry": { "type": "Polygon", "coordinates": [ [ [ 492323.558100000023842, 5451515.0603 ], [ 492323.558100000023842, 5451765.0603 ], [ 492573.558100000023842, 5451765.0603 ], [ 492573.558100000023842, 5451515.0603 ], [ 492323.558100000023842, 5451515.0603 ] ] ] } },
{ "type": "Feature", "properties": { "grid_id": 1029, "crime_count": 2.0, "name": "Sunset" }, "geometry": { "type": "Polygon", "coordinates": [ [ [ 492323.558100000023842, 5451765.0603 ], [ 492323.558100000023842, 5452015.0603 ], [ 492573.558100000023842, 5452015.0603 ], [ 492573.558100000023842, 5451765.0603 ], [ 492323.558100000023842, 5451765.0603 ] ] ] } },
{ "type": "Feature", "properties": { "grid_id": 1030, "crime_count": 3.0, "name": "Sunset" }, "geometry": { "type": "Polygon", "coordinates": [ [ [ 492323.558100000023842, 5452015.0603 ], [ 492323.558100000023842, 5452265.0603 ], [ 492573.558100000023842, 5452265.0603 ], [ 492573.558100000023842, 5452015.0603 ], [ 492323.558100000023842, 5452015.0603 ] ] ] } },
{ "type": "Feature", "properties": { "grid_id": 1031, "crime_count": 1.0, "name": "Sunset" }, "geometry": { "type": "Polygon", "coordinates": [ [ [ 492323.558100000023842, 5452265.0603 ], [ 492323.558100000023842, 5452515.0603 ], [ 492573.558100000023842, 5452515.0603 ], [ 492573.558100000023842, 5452265.0603 ], [ 492323.558100000023842, 5452265.0603 ] ] ] } },
{ "type": "Feature", "properties": { "grid_id": 1032, "crime_count": 5.0, "name": "Sunset" }, "geometry": { "type": "Polygon", "coordinates": [ [ [ 492323.558100000023842, 5452515.0603 ], [ 492323.558100000023842, 5452765.0603 ], [ 492573.558100000023842, 5452765.0603 ], [ 492573.558100000023842, 5452515.0603 ], [ 492323.558100000023842, 5452515.0603 ] ] ] } },
{ "type": "Feature", "properties": { "grid_id": 1033, "crime_count": 1.0, "name": "Sunset" }, "geometry": { "type": "Polygon", "coordinates": [ [ [ 492323.558100000023842, 5452765.0603 ], [ 492323.558100000023842, 5453015.0603 ], [ 492573.558100000023842, 5453015.0603 ], [ 492573.558100000023842, 5452765.0603 ], [ 492323.558100000023842, 5452765.0603 ] ] ] } },
{ "type": "Feature", "properties": { "grid_id": 1034, "crime_count": 1.0, "name": "Sunset" }, "geometry": { "type": "Polygon", "coordinates": [ [ [ 492323.558100000023842, 5453015.0603 ], [ 492323.558100000023842, 5453265.0603 ], [ 492573.558100000023842, 5453265.0603 ], [ 492573.558100000023842, 5453015.0603 ], [ 492323.558100000023842, 5453015.0603 ] ] ] } },
{ "type": "Feature", "properties": { "grid_id": 1035, "crime_count": 2.0, "name": "Riley Park" }, "geometry": { "type": "Polygon", "coordinates": [ [ [ 492323.558100000023842, 5453265.0603 ], [ 492323.558100000023842, 5453515.0603 ], [ 492573.558100000023842, 5453515.0603 ], [ 492573.558100000023842, 5453265.0603 ], [ 492323.558100000023842, 5453265.0603 ] ] ] } },
{ "type": "Feature", "properties": { "grid_id": 1036, "crime_count": 3.0, "name": "Riley Park" }, "geometry": { "type": "Polygon", "coordinates": [ [ [ 492323.558100000023842, 5453515.0603 ], [ 492323.558100000023842, 5453765.0603 ], [ 492573.558100000023842, 5453765.0603 ], [ 492573.558100000023842, 5453515.0603 ], [ 492323.558100000023842, 5453515.0603 ] ] ] } },
{ "type": "Feature", "properties": { "grid_id": 1037, "crime_count": 0.0, "name": "Riley Park" }, "geometry": { "type": "Polygon", "coordinates": [ [ [ 492323.558100000023842, 5453765.0603 ], [ 492323.558100000023842, 5454015.0603 ], [ 492573.558100000023842, 5454015.0603 ], [ 492573.558100000023842, 5453765.0603 ], [ 492323.558100000023842, 5453765.0603 ] ] ] } },
{ "type": "Feature", "properties": { "grid_id": 1038, "crime_count": 1.0, "name": "Riley Park" }, "geometry": { "type": "Polygon", "coordinates": [ [ [ 492323.558100000023842, 5454015.0603 ], [ 492323.558100000023842, 5454265.0603 ], [ 492573.558100000023842, 5454265.0603 ], [ 492573.558100000023842, 5454015.0603 ], [ 492323.558100000023842, 5454015.0603 ] ] ] } },
{ "type": "Feature", "properties": { "grid_id": 1039, "crime_count": 2.0, "name": "Riley Park" }, "geometry": { "type": "Polygon", "coordinates": [ [ [ 492323.558100000023842, 5454265.0603 ], [ 492323.558100000023842, 5454515.0603 ], [ 492573.558100000023842, 5454515.0603 ], [ 492573.558100000023842, 5454265.0603 ], [ 492323.558100000023842, 5454265.0603 ] ] ] } },
{ "type": "Feature", "properties": { "grid_id": 1040, "crime_count": 1.0, "name": "Riley Park" }, "geometry": { "type": "Polygon", "coordinates": [ [ [ 492323.558100000023842, 5454515.0603 ], [ 492323.558100000023842, 5454765.0603 ], [ 492573.558100000023842, 5454765.0603 ], [ 492573.558100000023842, 5454515.0603 ], [ 492323.558100000023842, 5454515.0603 ] ] ] } },
{ "type": "Feature", "properties": { "grid_id": 1041, "crime_count": 5.0, "name": "Riley Park" }, "geometry": { "type": "Polygon", "coordinates": [ [ [ 492323.558100000023842, 5454765.0603 ], [ 492323.558100000023842, 5455015.0603 ], [ 492573.558100000023842, 5455015.0603 ], [ 492573.558100000023842, 5454765.0603 ], [ 492323.558100000023842, 5454765.0603 ] ] ] } },
{ "type": "Feature", "properties": { "grid_id": 1042, "crime_count": 2.0, "name": "Riley Park" }, "geometry": { "type": "Polygon", "coordinates": [ [ [ 492323.558100000023842, 5455015.0603 ], [ 492323.558100000023842, 5455265.0603 ], [ 492573.558100000023842, 5455265.0603 ], [ 492573.558100000023842, 5455015.0603 ], [ 492323.558100000023842, 5455015.0603 ] ] ] } },
{ "type": "Feature", "properties": { "grid_id": 1043, "crime_count": 2.0, "name": "Riley Park" }, "geometry": { "type": "Polygon", "coordinates": [ [ [ 492323.558100000023842, 5455265.0603 ], [ 492323.558100000023842, 5455515.0603 ], [ 492573.558100000023842, 5455515.0603 ], [ 492573.558100000023842, 5455265.0603 ], [ 492323.558100000023842, 5455265.0603 ] ] ] } },
{ "type": "Feature", "properties": { "grid_id": 1044, "crime_count": 1.0, "name": "Riley Park" }, "geometry": { "type": "Polygon", "coordinates": [ [ [ 492323.558100000023842, 5455515.0603 ], [ 492323.558100000023842, 5455765.0603 ], [ 492573.558100000023842, 5455765.0603 ], [ 492573.558100000023842, 5455515.0603 ], [ 492323.558100000023842, 5455515.0603 ] ] ] } },
{ "type": "Feature", "properties": { "grid_id": 1045, "crime_count": 2.0, "name": "Riley Park" }, "geometry": { "type": "Polygon", "coordinates": [ [ [ 492323.558100000023842, 5455765.0603 ], [ 492323.558100000023842, 5456015.0603 ], [ 492573.558100000023842, 5456015.0603 ], [ 492573.558100000023842, 5455765.0603 ], [ 492323.558100000023842, 5455765.0603 ] ] ] } },
{ "type": "Feature", "properties": { "grid_id": 1046, "crime_count": 2.0, "name": "Mount Pleasant" }, "geometry": { "type": "Polygon", "coordinates": [ [ [ 492323.558100000023842, 5456015.0603 ], [ 492323.558100000023842, 5456265.0603 ], [ 492573.558100000023842, 5456265.0603 ], [ 492573.558100000023842, 5456015.0603 ], [ 492323.558100000023842, 5456015.0603 ] ] ] } },
{ "type": "Feature", "properties": { "grid_id": 1047, "crime_count": 7.0, "name": "Mount Pleasant" }, "geometry": { "type": "Polygon", "coordinates": [ [ [ 492323.558100000023842, 5456265.0603 ], [ 492323.558100000023842, 5456515.0603 ], [ 492573.558100000023842, 5456515.0603 ], [ 492573.558100000023842, 5456265.0603 ], [ 492323.558100000023842, 5456265.0603 ] ] ] } },
{ "type": "Feature", "properties": { "grid_id": 1048, "crime_count": 18.0, "name": "Mount Pleasant" }, "geometry": { "type": "Polygon", "coordinates": [ [ [ 492323.558100000023842, 5456515.0603 ], [ 492323.558100000023842, 5456765.0603 ], [ 492573.558100000023842, 5456765.0603 ], [ 492573.558100000023842, 5456515.0603 ], [ 492323.558100000023842, 5456515.0603 ] ] ] } },
{ "type": "Feature", "properties": { "grid_id": 1049, "crime_count": 12.0, "name": "Mount Pleasant" }, "geometry": { "type": "Polygon", "coordinates": [ [ [ 492323.558100000023842, 5456765.0603 ], [ 492323.558100000023842, 5457015.0603 ], [ 492573.558100000023842, 5457015.0603 ], [ 492573.558100000023842, 5456765.0603 ], [ 492323.558100000023842, 5456765.0603 ] ] ] } },
{ "type": "Feature", "properties": { "grid_id": 1050, "crime_count": 10.0, "name": "Mount Pleasant" }, "geometry": { "type": "Polygon", "coordinates": [ [ [ 492323.558100000023842, 5457015.0603 ], [ 492323.558100000023842, 5457265.0603 ], [ 492573.558100000023842, 5457265.0603 ], [ 492573.558100000023842, 5457015.0603 ], [ 492323.558100000023842, 5457015.0603 ] ] ] } },
{ "type": "Feature", "properties": { "grid_id": 1051, "crime_count": 46.0, "name": "Mount Pleasant" }, "geometry": { "type": "Polygon", "coordinates": [ [ [ 492323.558100000023842, 5457265.0603 ], [ 492323.558100000023842, 5457515.0603 ], [ 492573.558100000023842, 5457515.0603 ], [ 492573.558100000023842, 5457265.0603 ], [ 492323.558100000023842, 5457265.0603 ] ] ] } },
{ "type": "Feature", "properties": { "grid_id": 1052, "crime_count": 7.0, "name": "Mount Pleasant" }, "geometry": { "type": "Polygon", "coordinates": [ [ [ 492323.558100000023842, 5457515.0603 ], [ 492323.558100000023842, 5457765.0603 ], [ 492573.558100000023842, 5457765.0603 ], [ 492573.558100000023842, 5457515.0603 ], [ 492323.558100000023842, 5457515.0603 ] ] ] } },
{ "type": "Feature", "properties": { "grid_id": 1053, "crime_count": 0.0, "name": "Downtown" }, "geometry": { "type": "Polygon", "coordinates": [ [ [ 492323.558100000023842, 5457765.0603 ], [ 492323.558100000023842, 5458015.0603 ], [ 492573.558100000023842, 5458015.0603 ], [ 492573.558100000023842, 5457765.0603 ], [ 492323.558100000023842, 5457765.0603 ] ] ] } },
{ "type": "Feature", "properties": { "grid_id": 1054, "crime_count": 7.0, "name": "Downtown" }, "geometry": { "type": "Polygon", "coordinates": [ [ [ 492323.558100000023842, 5458015.0603 ], [ 492323.558100000023842, 5458265.0603 ], [ 492573.558100000023842, 5458265.0603 ], [ 492573.558100000023842, 5458015.0603 ], [ 492323.558100000023842, 5458015.0603 ] ] ] } },
{ "type": "Feature", "properties": { "grid_id": 1055, "crime_count": 11.0, "name": "Downtown" }, "geometry": { "type": "Polygon", "coordinates": [ [ [ 492323.558100000023842, 5458265.0603 ], [ 492323.558100000023842, 5458515.0603 ], [ 492573.558100000023842, 5458515.0603 ], [ 492573.558100000023842, 5458265.0603 ], [ 492323.558100000023842, 5458265.0603 ] ] ] } },
{ "type": "Feature", "properties": { "grid_id": 1056, "crime_count": 115.0, "name": "Downtown" }, "geometry": { "type": "Polygon", "coordinates": [ [ [ 492323.558100000023842, 5458515.0603 ], [ 492323.558100000023842, 5458765.0603 ], [ 492573.558100000023842, 5458765.0603 ], [ 492573.558100000023842, 5458515.0603 ], [ 492323.558100000023842, 5458515.0603 ] ] ] } },
{ "type": "Feature", "properties": { "grid_id": 1057, "crime_count": 121.0, "name": "Downtown" }, "geometry": { "type": "Polygon", "coordinates": [ [ [ 492323.558100000023842, 5458765.0603 ], [ 492323.558100000023842, 5459015.0603 ], [ 492573.558100000023842, 5459015.0603 ], [ 492573.558100000023842, 5458765.0603 ], [ 492323.558100000023842, 5458765.0603 ] ] ] } },
{ "type": "Feature", "properties": { "grid_id": 1058, "crime_count": 2.0, "name": "Downtown" }, "geometry": { "type": "Polygon", "coordinates": [ [ [ 492323.558100000023842, 5459015.0603 ], [ 492323.558100000023842, 5459265.0603 ], [ 492573.558100000023842, 5459265.0603 ], [ 492573.558100000023842, 5459015.0603 ], [ 492323.558100000023842, 5459015.0603 ] ] ] } },
{ "type": "Feature", "properties": { "grid_id": 1059, "crime_count": 0.0, "name": "Downtown" }, "geometry": { "type": "Polygon", "coordinates": [ [ [ 492573.558100000023842, 5459515.0603 ], [ 492573.558100000023842, 5459265.0603 ], [ 492323.558100000023842, 5459265.0603 ], [ 492323.558100000023842, 5459515.0603 ], [ 492369.472191435168497, 5459515.0603 ], [ 492419.675453760195524, 5459495.8633195431903 ], [ 492476.127598873630632, 5459515.0603 ], [ 492573.558100000023842, 5459515.0603 ] ] ] } },
{ "type": "Feature", "properties": { "grid_id": 1060, "crime_count": 0.0, "name": "Downtown" }, "geometry": { "type": "MultiPolygon", "coordinates": [ [ [ [ 492573.558100000023842, 5459515.0603 ], [ 492476.127598873630632, 5459515.0603 ], [ 492573.558100000023842, 5459548.192281473428011 ], [ 492573.558100000023842, 5459515.0603 ] ] ], [ [ [ 492323.558100000023842, 5459515.0603 ], [ 492323.558100000023842, 5459532.617165334522724 ], [ 492369.472191435168497, 5459515.0603 ], [ 492323.558100000023842, 5459515.0603 ] ] ] ] } },
{ "type": "Feature", "properties": { "grid_id": 1061, "crime_count": 0.0, "name": "Sunset" }, "geometry": { "type": "Polygon", "coordinates": [ [ [ 492573.558100000023842, 5450265.0603 ], [ 492823.558100000023842, 5450265.0603 ], [ 492823.558100000023842, 5450149.193840309046209 ], [ 492573.558100000023842, 5450148.57929948810488 ], [ 492573.558100000023842, 5450265.0603 ] ] ] } },
{ "type": "Feature", "properties": { "grid_id": 1062, "crime_count": 0.0, "name": "Sunset" }, "geometry": { "type": "Polygon", "coordinates": [ [ [ 492573.558100000023842, 5450265.0603 ], [ 492573.558100000023842, 5450515.0603 ], [ 492823.558100000023842, 5450515.0603 ], [ 492823.558100000023842, 5450265.0603 ], [ 492573.558100000023842, 5450265.0603 ] ] ] } },
{ "type": "Feature", "properties": { "grid_id": 1063, "crime_count": 0.0, "name": "Sunset" }, "geometry": { "type": "Polygon", "coordinates": [ [ [ 492573.558100000023842, 5450515.0603 ], [ 492573.558100000023842, 5450765.0603 ], [ 492823.558100000023842, 5450765.0603 ], [ 492823.558100000023842, 5450515.0603 ], [ 492573.558100000023842, 5450515.0603 ] ] ] } },
{ "type": "Feature", "properties": { "grid_id": 1064, "crime_count": 187.0, "name": "Sunset" }, "geometry": { "type": "Polygon", "coordinates": [ [ [ 492573.558100000023842, 5450765.0603 ], [ 492573.558100000023842, 5451015.0603 ], [ 492823.558100000023842, 5451015.0603 ], [ 492823.558100000023842, 5450765.0603 ], [ 492573.558100000023842, 5450765.0603 ] ] ] } },
{ "type": "Feature", "properties": { "grid_id": 1065, "crime_count": 0.0, "name": "Sunset" }, "geometry": { "type": "Polygon", "coordinates": [ [ [ 492573.558100000023842, 5451015.0603 ], [ 492573.558100000023842, 5451265.0603 ], [ 492823.558100000023842, 5451265.0603 ], [ 492823.558100000023842, 5451015.0603 ], [ 492573.558100000023842, 5451015.0603 ] ] ] } },
{ "type": "Feature", "properties": { "grid_id": 1066, "crime_count": 2.0, "name": "Sunset" }, "geometry": { "type": "Polygon", "coordinates": [ [ [ 492573.558100000023842, 5451265.0603 ], [ 492573.558100000023842, 5451515.0603 ], [ 492823.558100000023842, 5451515.0603 ], [ 492823.558100000023842, 5451265.0603 ], [ 492573.558100000023842, 5451265.0603 ] ] ] } },
{ "type": "Feature", "properties": { "grid_id": 1067, "crime_count": 5.0, "name": "Sunset" }, "geometry": { "type": "Polygon", "coordinates": [ [ [ 492573.558100000023842, 5451515.0603 ], [ 492573.558100000023842, 5451765.0603 ], [ 492823.558100000023842, 5451765.0603 ], [ 492823.558100000023842, 5451515.0603 ], [ 492573.558100000023842, 5451515.0603 ] ] ] } },
{ "type": "Feature", "properties": { "grid_id": 1068, "crime_count": 4.0, "name": "Sunset" }, "geometry": { "type": "Polygon", "coordinates": [ [ [ 492573.558100000023842, 5451765.0603 ], [ 492573.558100000023842, 5452015.0603 ], [ 492823.558100000023842, 5452015.0603 ], [ 492823.558100000023842, 5451765.0603 ], [ 492573.558100000023842, 5451765.0603 ] ] ] } },
{ "type": "Feature", "properties": { "grid_id": 1069, "crime_count": 2.0, "name": "Sunset" }, "geometry": { "type": "Polygon", "coordinates": [ [ [ 492573.558100000023842, 5452015.0603 ], [ 492573.558100000023842, 5452265.0603 ], [ 492823.558100000023842, 5452265.0603 ], [ 492823.558100000023842, 5452015.0603 ], [ 492573.558100000023842, 5452015.0603 ] ] ] } },
{ "type": "Feature", "properties": { "grid_id": 1070, "crime_count": 1.0, "name": "Sunset" }, "geometry": { "type": "Polygon", "coordinates": [ [ [ 492573.558100000023842, 5452265.0603 ], [ 492573.558100000023842, 5452515.0603 ], [ 492823.558100000023842, 5452515.0603 ], [ 492823.558100000023842, 5452265.0603 ], [ 492573.558100000023842, 5452265.0603 ] ] ] } },
{ "type": "Feature", "properties": { "grid_id": 1071, "crime_count": 3.0, "name": "Sunset" }, "geometry": { "type": "Polygon", "coordinates": [ [ [ 492573.558100000023842, 5452515.0603 ], [ 492573.558100000023842, 5452765.0603 ], [ 492823.558100000023842, 5452765.0603 ], [ 492823.558100000023842, 5452515.0603 ], [ 492573.558100000023842, 5452515.0603 ] ] ] } },
{ "type": "Feature", "properties": { "grid_id": 1072, "crime_count": 3.0, "name": "Sunset" }, "geometry": { "type": "Polygon", "coordinates": [ [ [ 492573.558100000023842, 5452765.0603 ], [ 492573.558100000023842, 5453015.0603 ], [ 492823.558100000023842, 5453015.0603 ], [ 492823.558100000023842, 5452765.0603 ], [ 492573.558100000023842, 5452765.0603 ] ] ] } },
{ "type": "Feature", "properties": { "grid_id": 1073, "crime_count": 2.0, "name": "Sunset" }, "geometry": { "type": "Polygon", "coordinates": [ [ [ 492573.558100000023842, 5453015.0603 ], [ 492573.558100000023842, 5453265.0603 ], [ 492823.558100000023842, 5453265.0603 ], [ 492823.558100000023842, 5453015.0603 ], [ 492573.558100000023842, 5453015.0603 ] ] ] } },
{ "type": "Feature", "properties": { "grid_id": 1074, "crime_count": 6.0, "name": "Riley Park" }, "geometry": { "type": "Polygon", "coordinates": [ [ [ 492573.558100000023842, 5453265.0603 ], [ 492573.558100000023842, 5453515.0603 ], [ 492823.558100000023842, 5453515.0603 ], [ 492823.558100000023842, 5453265.0603 ], [ 492573.558100000023842, 5453265.0603 ] ] ] } },
{ "type": "Feature", "properties": { "grid_id": 1075, "crime_count": 3.0, "name": "Riley Park" }, "geometry": { "type": "Polygon", "coordinates": [ [ [ 492573.558100000023842, 5453515.0603 ], [ 492573.558100000023842, 5453765.0603 ], [ 492823.558100000023842, 5453765.0603 ], [ 492823.558100000023842, 5453515.0603 ], [ 492573.558100000023842, 5453515.0603 ] ] ] } },
{ "type": "Feature", "properties": { "grid_id": 1076, "crime_count": 2.0, "name": "Riley Park" }, "geometry": { "type": "Polygon", "coordinates": [ [ [ 492573.558100000023842, 5453765.0603 ], [ 492573.558100000023842, 5454015.0603 ], [ 492823.558100000023842, 5454015.0603 ], [ 492823.558100000023842, 5453765.0603 ], [ 492573.558100000023842, 5453765.0603 ] ] ] } },
{ "type": "Feature", "properties": { "grid_id": 1077, "crime_count": 3.0, "name": "Riley Park" }, "geometry": { "type": "Polygon", "coordinates": [ [ [ 492573.558100000023842, 5454015.0603 ], [ 492573.558100000023842, 5454265.0603 ], [ 492823.558100000023842, 5454265.0603 ], [ 492823.558100000023842, 5454015.0603 ], [ 492573.558100000023842, 5454015.0603 ] ] ] } },
{ "type": "Feature", "properties": { "grid_id": 1078, "crime_count": 1.0, "name": "Riley Park" }, "geometry": { "type": "Polygon", "coordinates": [ [ [ 492573.558100000023842, 5454265.0603 ], [ 492573.558100000023842, 5454515.0603 ], [ 492823.558100000023842, 5454515.0603 ], [ 492823.558100000023842, 5454265.0603 ], [ 492573.558100000023842, 5454265.0603 ] ] ] } },
{ "type": "Feature", "properties": { "grid_id": 1079, "crime_count": 18.0, "name": "Riley Park" }, "geometry": { "type": "Polygon", "coordinates": [ [ [ 492573.558100000023842, 5454515.0603 ], [ 492573.558100000023842, 5454765.0603 ], [ 492823.558100000023842, 5454765.0603 ], [ 492823.558100000023842, 5454515.0603 ], [ 492573.558100000023842, 5454515.0603 ] ] ] } },
{ "type": "Feature", "properties": { "grid_id": 1080, "crime_count": 12.0, "name": "Riley Park" }, "geometry": { "type": "Polygon", "coordinates": [ [ [ 492573.558100000023842, 5454765.0603 ], [ 492573.558100000023842, 5455015.0603 ], [ 492823.558100000023842, 5455015.0603 ], [ 492823.558100000023842, 5454765.0603 ], [ 492573.558100000023842, 5454765.0603 ] ] ] } },
{ "type": "Feature", "properties": { "grid_id": 1081, "crime_count": 8.0, "name": "Riley Park" }, "geometry": { "type": "Polygon", "coordinates": [ [ [ 492573.558100000023842, 5455015.0603 ], [ 492573.558100000023842, 5455265.0603 ], [ 492823.558100000023842, 5455265.0603 ], [ 492823.558100000023842, 5455015.0603 ], [ 492573.558100000023842, 5455015.0603 ] ] ] } },
{ "type": "Feature", "properties": { "grid_id": 1082, "crime_count": 8.0, "name": "Riley Park" }, "geometry": { "type": "Polygon", "coordinates": [ [ [ 492573.558100000023842, 5455265.0603 ], [ 492573.558100000023842, 5455515.0603 ], [ 492823.558100000023842, 5455515.0603 ], [ 492823.558100000023842, 5455265.0603 ], [ 492573.558100000023842, 5455265.0603 ] ] ] } },
{ "type": "Feature", "properties": { "grid_id": 1083, "crime_count": 7.0, "name": "Riley Park" }, "geometry": { "type": "Polygon", "coordinates": [ [ [ 492573.558100000023842, 5455515.0603 ], [ 492573.558100000023842, 5455765.0603 ], [ 492823.558100000023842, 5455765.0603 ], [ 492823.558100000023842, 5455515.0603 ], [ 492573.558100000023842, 5455515.0603 ] ] ] } },
{ "type": "Feature", "properties": { "grid_id": 1084, "crime_count": 17.0, "name": "Riley Park" }, "geometry": { "type": "Polygon", "coordinates": [ [ [ 492573.558100000023842, 5455765.0603 ], [ 492573.558100000023842, 5456015.0603 ], [ 492823.558100000023842, 5456015.0603 ], [ 492823.558100000023842, 5455765.0603 ], [ 492573.558100000023842, 5455765.0603 ] ] ] } },
{ "type": "Feature", "properties": { "grid_id": 1085, "crime_count": 14.0, "name": "Mount Pleasant" }, "geometry": { "type": "Polygon", "coordinates": [ [ [ 492573.558100000023842, 5456015.0603 ], [ 492573.558100000023842, 5456265.0603 ], [ 492823.558100000023842, 5456265.0603 ], [ 492823.558100000023842, 5456015.0603 ], [ 492573.558100000023842, 5456015.0603 ] ] ] } },
{ "type": "Feature", "properties": { "grid_id": 1086, "crime_count": 15.0, "name": "Mount Pleasant" }, "geometry": { "type": "Polygon", "coordinates": [ [ [ 492573.558100000023842, 5456265.0603 ], [ 492573.558100000023842, 5456515.0603 ], [ 492823.558100000023842, 5456515.0603 ], [ 492823.558100000023842, 5456265.0603 ], [ 492573.558100000023842, 5456265.0603 ] ] ] } },
{ "type": "Feature", "properties": { "grid_id": 1087, "crime_count": 40.0, "name": "Mount Pleasant" }, "geometry": { "type": "Polygon", "coordinates": [ [ [ 492573.558100000023842, 5456515.0603 ], [ 492573.558100000023842, 5456765.0603 ], [ 492823.558100000023842, 5456765.0603 ], [ 492823.558100000023842, 5456515.0603 ], [ 492573.558100000023842, 5456515.0603 ] ] ] } },
{ "type": "Feature", "properties": { "grid_id": 1088, "crime_count": 20.0, "name": "Mount Pleasant" }, "geometry": { "type": "Polygon", "coordinates": [ [ [ 492573.558100000023842, 5456765.0603 ], [ 492573.558100000023842, 5457015.0603 ], [ 492823.558100000023842, 5457015.0603 ], [ 492823.558100000023842, 5456765.0603 ], [ 492573.558100000023842, 5456765.0603 ] ] ] } },
{ "type": "Feature", "properties": { "grid_id": 1089, "crime_count": 11.0, "name": "Mount Pleasant" }, "geometry": { "type": "Polygon", "coordinates": [ [ [ 492573.558100000023842, 5457015.0603 ], [ 492573.558100000023842, 5457265.0603 ], [ 492823.558100000023842, 5457265.0603 ], [ 492823.558100000023842, 5457015.0603 ], [ 492573.558100000023842, 5457015.0603 ] ] ] } },
{ "type": "Feature", "properties": { "grid_id": 1090, "crime_count": 26.0, "name": "Strathcona" }, "geometry": { "type": "Polygon", "coordinates": [ [ [ 492573.558100000023842, 5457265.0603 ], [ 492573.558100000023842, 5457515.0603 ], [ 492823.558100000023842, 5457515.0603 ], [ 492823.558100000023842, 5457265.0603 ], [ 492573.558100000023842, 5457265.0603 ] ] ] } },
{ "type": "Feature", "properties": { "grid_id": 1091, "crime_count": 43.0, "name": "Mount Pleasant" }, "geometry": { "type": "Polygon", "coordinates": [ [ [ 492573.558100000023842, 5457515.0603 ], [ 492573.558100000023842, 5457765.0603 ], [ 492823.558100000023842, 5457765.0603 ], [ 492823.558100000023842, 5457515.0603 ], [ 492573.558100000023842, 5457515.0603 ] ] ] } },
{ "type": "Feature", "properties": { "grid_id": 1092, "crime_count": 28.0, "name": "Downtown" }, "geometry": { "type": "Polygon", "coordinates": [ [ [ 492573.558100000023842, 5457765.0603 ], [ 492573.558100000023842, 5458015.0603 ], [ 492823.558100000023842, 5458015.0603 ], [ 492823.558100000023842, 5457765.0603 ], [ 492573.558100000023842, 5457765.0603 ] ] ] } },
{ "type": "Feature", "properties": { "grid_id": 1093, "crime_count": 51.0, "name": "Downtown" }, "geometry": { "type": "Polygon", "coordinates": [ [ [ 492573.558100000023842, 5458015.0603 ], [ 492573.558100000023842, 5458265.0603 ], [ 492823.558100000023842, 5458265.0603 ], [ 492823.558100000023842, 5458015.0603 ], [ 492573.558100000023842, 5458015.0603 ] ] ] } },
{ "type": "Feature", "properties": { "grid_id": 1094, "crime_count": 46.0, "name": "Downtown" }, "geometry": { "type": "Polygon", "coordinates": [ [ [ 492573.558100000023842, 5458265.0603 ], [ 492573.558100000023842, 5458515.0603 ], [ 492823.558100000023842, 5458515.0603 ], [ 492823.558100000023842, 5458265.0603 ], [ 492573.558100000023842, 5458265.0603 ] ] ] } },
{ "type": "Feature", "properties": { "grid_id": 1095, "crime_count": 161.0, "name": "Downtown" }, "geometry": { "type": "Polygon", "coordinates": [ [ [ 492573.558100000023842, 5458515.0603 ], [ 492573.558100000023842, 5458765.0603 ], [ 492823.558100000023842, 5458765.0603 ], [ 492823.558100000023842, 5458515.0603 ], [ 492573.558100000023842, 5458515.0603 ] ] ] } },
{ "type": "Feature", "properties": { "grid_id": 1096, "crime_count": 67.0, "name": "Downtown" }, "geometry": { "type": "Polygon", "coordinates": [ [ [ 492573.558100000023842, 5458765.0603 ], [ 492573.558100000023842, 5459015.0603 ], [ 492823.558100000023842, 5459015.0603 ], [ 492823.558100000023842, 5458765.0603 ], [ 492573.558100000023842, 5458765.0603 ] ] ] } },
{ "type": "Feature", "properties": { "grid_id": 1097, "crime_count": 12.0, "name": "Downtown" }, "geometry": { "type": "Polygon", "coordinates": [ [ [ 492573.558100000023842, 5459015.0603 ], [ 492573.558100000023842, 5459265.0603 ], [ 492823.558100000023842, 5459265.0603 ], [ 492823.558100000023842, 5459015.0603 ], [ 492573.558100000023842, 5459015.0603 ] ] ] } },
{ "type": "Feature", "properties": { "grid_id": 1098, "crime_count": 0.0, "name": "Downtown" }, "geometry": { "type": "Polygon", "coordinates": [ [ [ 492573.558100000023842, 5459265.0603 ], [ 492573.558100000023842, 5459515.0603 ], [ 492823.558100000023842, 5459515.0603 ], [ 492823.558100000023842, 5459265.0603 ], [ 492573.558100000023842, 5459265.0603 ] ] ] } },
{ "type": "Feature", "properties": { "grid_id": 1099, "crime_count": 0.0, "name": "Downtown" }, "geometry": { "type": "Polygon", "coordinates": [ [ [ 492823.558100000023842, 5459515.0603 ], [ 492573.558100000023842, 5459515.0603 ], [ 492573.558100000023842, 5459548.192281473428011 ], [ 492779.906523585435934, 5459618.36262924131006 ], [ 492823.558100000023842, 5459633.707604533992708 ], [ 492823.558100000023842, 5459515.0603 ] ] ] } },
{ "type": "Feature", "properties": { "grid_id": 1100, "crime_count": 0.0, "name": "Sunset" }, "geometry": { "type": "Polygon", "coordinates": [ [ [ 492823.558100000023842, 5450265.0603 ], [ 493073.558100000023842, 5450265.0603 ], [ 493073.558100000023842, 5450149.808381129987538 ], [ 492823.558100000023842, 5450149.193840309046209 ], [ 492823.558100000023842, 5450265.0603 ] ] ] } },
{ "type": "Feature", "properties": { "grid_id": 1101, "crime_count": 0.0, "name": "Sunset" }, "geometry": { "type": "Polygon", "coordinates": [ [ [ 492823.558100000023842, 5450265.0603 ], [ 492823.558100000023842, 5450515.0603 ], [ 493073.558100000023842, 5450515.0603 ], [ 493073.558100000023842, 5450265.0603 ], [ 492823.558100000023842, 5450265.0603 ] ] ] } },
{ "type": "Feature", "properties": { "grid_id": 1102, "crime_count": 0.0, "name": "Sunset" }, "geometry": { "type": "Polygon", "coordinates": [ [ [ 492823.558100000023842, 5450515.0603 ], [ 492823.558100000023842, 5450765.0603 ], [ 493073.558100000023842, 5450765.0603 ], [ 493073.558100000023842, 5450515.0603 ], [ 492823.558100000023842, 5450515.0603 ] ] ] } },
{ "type": "Feature", "properties": { "grid_id": 1103, "crime_count": 1.0, "name": "Sunset" }, "geometry": { "type": "Polygon", "coordinates": [ [ [ 492823.558100000023842, 5450765.0603 ], [ 492823.558100000023842, 5451015.0603 ], [ 493073.558100000023842, 5451015.0603 ], [ 493073.558100000023842, 5450765.0603 ], [ 492823.558100000023842, 5450765.0603 ] ] ] } },
{ "type": "Feature", "properties": { "grid_id": 1104, "crime_count": 2.0, "name": "Sunset" }, "geometry": { "type": "Polygon", "coordinates": [ [ [ 492823.558100000023842, 5451015.0603 ], [ 492823.558100000023842, 5451265.0603 ], [ 493073.558100000023842, 5451265.0603 ], [ 493073.558100000023842, 5451015.0603 ], [ 492823.558100000023842, 5451015.0603 ] ] ] } },
{ "type": "Feature", "properties": { "grid_id": 1105, "crime_count": 3.0, "name": "Sunset" }, "geometry": { "type": "Polygon", "coordinates": [ [ [ 492823.558100000023842, 5451265.0603 ], [ 492823.558100000023842, 5451515.0603 ], [ 493073.558100000023842, 5451515.0603 ], [ 493073.558100000023842, 5451265.0603 ], [ 492823.558100000023842, 5451265.0603 ] ] ] } },
{ "type": "Feature", "properties": { "grid_id": 1106, "crime_count": 2.0, "name": "Sunset" }, "geometry": { "type": "Polygon", "coordinates": [ [ [ 492823.558100000023842, 5451515.0603 ], [ 492823.558100000023842, 5451765.0603 ], [ 493073.558100000023842, 5451765.0603 ], [ 493073.558100000023842, 5451515.0603 ], [ 492823.558100000023842, 5451515.0603 ] ] ] } },
{ "type": "Feature", "properties": { "grid_id": 1107, "crime_count": 4.0, "name": "Sunset" }, "geometry": { "type": "Polygon", "coordinates": [ [ [ 492823.558100000023842, 5451765.0603 ], [ 492823.558100000023842, 5452015.0603 ], [ 493073.558100000023842, 5452015.0603 ], [ 493073.558100000023842, 5451765.0603 ], [ 492823.558100000023842, 5451765.0603 ] ] ] } },
{ "type": "Feature", "properties": { "grid_id": 1108, "crime_count": 2.0, "name": "Sunset" }, "geometry": { "type": "Polygon", "coordinates": [ [ [ 492823.558100000023842, 5452015.0603 ], [ 492823.558100000023842, 5452265.0603 ], [ 493073.558100000023842, 5452265.0603 ], [ 493073.558100000023842, 5452015.0603 ], [ 492823.558100000023842, 5452015.0603 ] ] ] } },
{ "type": "Feature", "properties": { "grid_id": 1109, "crime_count": 3.0, "name": "Sunset" }, "geometry": { "type": "Polygon", "coordinates": [ [ [ 492823.558100000023842, 5452265.0603 ], [ 492823.558100000023842, 5452515.0603 ], [ 493073.558100000023842, 5452515.0603 ], [ 493073.558100000023842, 5452265.0603 ], [ 492823.558100000023842, 5452265.0603 ] ] ] } },
{ "type": "Feature", "properties": { "grid_id": 1110, "crime_count": 0.0, "name": "Sunset" }, "geometry": { "type": "Polygon", "coordinates": [ [ [ 492823.558100000023842, 5452515.0603 ], [ 492823.558100000023842, 5452765.0603 ], [ 493073.558100000023842, 5452765.0603 ], [ 493073.558100000023842, 5452515.0603 ], [ 492823.558100000023842, 5452515.0603 ] ] ] } },
{ "type": "Feature", "properties": { "grid_id": 1111, "crime_count": 4.0, "name": "Sunset" }, "geometry": { "type": "Polygon", "coordinates": [ [ [ 492823.558100000023842, 5452765.0603 ], [ 492823.558100000023842, 5453015.0603 ], [ 493073.558100000023842, 5453015.0603 ], [ 493073.558100000023842, 5452765.0603 ], [ 492823.558100000023842, 5452765.0603 ] ] ] } },
{ "type": "Feature", "properties": { "grid_id": 1112, "crime_count": 2.0, "name": "Sunset" }, "geometry": { "type": "Polygon", "coordinates": [ [ [ 492823.558100000023842, 5453015.0603 ], [ 492823.558100000023842, 5453265.0603 ], [ 493073.558100000023842, 5453265.0603 ], [ 493073.558100000023842, 5453015.0603 ], [ 492823.558100000023842, 5453015.0603 ] ] ] } },
{ "type": "Feature", "properties": { "grid_id": 1113, "crime_count": 0.0, "name": "Riley Park" }, "geometry": { "type": "Polygon", "coordinates": [ [ [ 492823.558100000023842, 5453265.0603 ], [ 492823.558100000023842, 5453515.0603 ], [ 493073.558100000023842, 5453515.0603 ], [ 493073.558100000023842, 5453265.0603 ], [ 492823.558100000023842, 5453265.0603 ] ] ] } },
{ "type": "Feature", "properties": { "grid_id": 1114, "crime_count": 1.0, "name": "Riley Park" }, "geometry": { "type": "Polygon", "coordinates": [ [ [ 492823.558100000023842, 5453515.0603 ], [ 492823.558100000023842, 5453765.0603 ], [ 493073.558100000023842, 5453765.0603 ], [ 493073.558100000023842, 5453515.0603 ], [ 492823.558100000023842, 5453515.0603 ] ] ] } },
{ "type": "Feature", "properties": { "grid_id": 1115, "crime_count": 0.0, "name": "Riley Park" }, "geometry": { "type": "Polygon", "coordinates": [ [ [ 492823.558100000023842, 5453765.0603 ], [ 492823.558100000023842, 5454015.0603 ], [ 493073.558100000023842, 5454015.0603 ], [ 493073.558100000023842, 5453765.0603 ], [ 492823.558100000023842, 5453765.0603 ] ] ] } },
{ "type": "Feature", "properties": { "grid_id": 1116, "crime_count": 2.0, "name": "Riley Park" }, "geometry": { "type": "Polygon", "coordinates": [ [ [ 492823.558100000023842, 5454015.0603 ], [ 492823.558100000023842, 5454265.0603 ], [ 493073.558100000023842, 5454265.0603 ], [ 493073.558100000023842, 5454015.0603 ], [ 492823.558100000023842, 5454015.0603 ] ] ] } },
{ "type": "Feature", "properties": { "grid_id": 1117, "crime_count": 0.0, "name": "Riley Park" }, "geometry": { "type": "Polygon", "coordinates": [ [ [ 492823.558100000023842, 5454265.0603 ], [ 492823.558100000023842, 5454515.0603 ], [ 493073.558100000023842, 5454515.0603 ], [ 493073.558100000023842, 5454265.0603 ], [ 492823.558100000023842, 5454265.0603 ] ] ] } },
{ "type": "Feature", "properties": { "grid_id": 1118, "crime_count": 1.0, "name": "Riley Park" }, "geometry": { "type": "Polygon", "coordinates": [ [ [ 492823.558100000023842, 5454515.0603 ], [ 492823.558100000023842, 5454765.0603 ], [ 493073.558100000023842, 5454765.0603 ], [ 493073.558100000023842, 5454515.0603 ], [ 492823.558100000023842, 5454515.0603 ] ] ] } },
{ "type": "Feature", "properties": { "grid_id": 1119, "crime_count": 1.0, "name": "Riley Park" }, "geometry": { "type": "Polygon", "coordinates": [ [ [ 492823.558100000023842, 5454765.0603 ], [ 492823.558100000023842, 5455015.0603 ], [ 493073.558100000023842, 5455015.0603 ], [ 493073.558100000023842, 5454765.0603 ], [ 492823.558100000023842, 5454765.0603 ] ] ] } },
{ "type": "Feature", "properties": { "grid_id": 1120, "crime_count": 3.0, "name": "Riley Park" }, "geometry": { "type": "Polygon", "coordinates": [ [ [ 492823.558100000023842, 5455015.0603 ], [ 492823.558100000023842, 5455265.0603 ], [ 493073.558100000023842, 5455265.0603 ], [ 493073.558100000023842, 5455015.0603 ], [ 492823.558100000023842, 5455015.0603 ] ] ] } },
{ "type": "Feature", "properties": { "grid_id": 1121, "crime_count": 3.0, "name": "Riley Park" }, "geometry": { "type": "Polygon", "coordinates": [ [ [ 492823.558100000023842, 5455265.0603 ], [ 492823.558100000023842, 5455515.0603 ], [ 493073.558100000023842, 5455515.0603 ], [ 493073.558100000023842, 5455265.0603 ], [ 492823.558100000023842, 5455265.0603 ] ] ] } },
{ "type": "Feature", "properties": { "grid_id": 1122, "crime_count": 4.0, "name": "Riley Park" }, "geometry": { "type": "Polygon", "coordinates": [ [ [ 492823.558100000023842, 5455515.0603 ], [ 492823.558100000023842, 5455765.0603 ], [ 493073.558100000023842, 5455765.0603 ], [ 493073.558100000023842, 5455515.0603 ], [ 492823.558100000023842, 5455515.0603 ] ] ] } },
{ "type": "Feature", "properties": { "grid_id": 1123, "crime_count": 6.0, "name": "Riley Park" }, "geometry": { "type": "Polygon", "coordinates": [ [ [ 492823.558100000023842, 5455765.0603 ], [ 492823.558100000023842, 5456015.0603 ], [ 493073.558100000023842, 5456015.0603 ], [ 493073.558100000023842, 5455765.0603 ], [ 492823.558100000023842, 5455765.0603 ] ] ] } },
{ "type": "Feature", "properties": { "grid_id": 1124, "crime_count": 14.0, "name": "Mount Pleasant" }, "geometry": { "type": "Polygon", "coordinates": [ [ [ 492823.558100000023842, 5456015.0603 ], [ 492823.558100000023842, 5456265.0603 ], [ 493073.558100000023842, 5456265.0603 ], [ 493073.558100000023842, 5456015.0603 ], [ 492823.558100000023842, 5456015.0603 ] ] ] } },
{ "type": "Feature", "properties": { "grid_id": 1125, "crime_count": 15.0, "name": "Mount Pleasant" }, "geometry": { "type": "Polygon", "coordinates": [ [ [ 492823.558100000023842, 5456265.0603 ], [ 492823.558100000023842, 5456515.0603 ], [ 493073.558100000023842, 5456515.0603 ], [ 493073.558100000023842, 5456265.0603 ], [ 492823.558100000023842, 5456265.0603 ] ] ] } },
{ "type": "Feature", "properties": { "grid_id": 1126, "crime_count": 119.0, "name": "Mount Pleasant" }, "geometry": { "type": "Polygon", "coordinates": [ [ [ 492823.558100000023842, 5456515.0603 ], [ 492823.558100000023842, 5456765.0603 ], [ 493073.558100000023842, 5456765.0603 ], [ 493073.558100000023842, 5456515.0603 ], [ 492823.558100000023842, 5456515.0603 ] ] ] } },
{ "type": "Feature", "properties": { "grid_id": 1127, "crime_count": 5.0, "name": "Mount Pleasant" }, "geometry": { "type": "Polygon", "coordinates": [ [ [ 492823.558100000023842, 5456765.0603 ], [ 492823.558100000023842, 5457015.0603 ], [ 493073.558100000023842, 5457015.0603 ], [ 493073.558100000023842, 5456765.0603 ], [ 492823.558100000023842, 5456765.0603 ] ] ] } },
{ "type": "Feature", "properties": { "grid_id": 1128, "crime_count": 10.0, "name": "Mount Pleasant" }, "geometry": { "type": "Polygon", "coordinates": [ [ [ 492823.558100000023842, 5457015.0603 ], [ 492823.558100000023842, 5457265.0603 ], [ 493073.558100000023842, 5457265.0603 ], [ 493073.558100000023842, 5457015.0603 ], [ 492823.558100000023842, 5457015.0603 ] ], [ [ 492965.352571765426546, 5457128.755383324809372 ], [ 492969.234637981222477, 5457126.205927615053952 ], [ 492973.117791249591392, 5457124.504637463018298 ], [ 492977.000946913845837, 5457122.80335006210953 ], [ 492981.43915123026818, 5457121.101357196457684 ], [ 492985.32285264658276, 5457119.824157083407044 ], [ 492989.761602370999753, 5457118.546252345666289 ], [ 492994.200894253270235, 5457117.692432594485581 ], [ 492998.640187506156508, 5457116.83861642703414 ], [ 493002.525514278328046, 5457116.833672670647502 ], [ 493006.965348616417032, 5457116.403944621793926 ], [ 493001.415960458281916, 5457117.259166290983558 ], [ 492995.312067476217635, 5457118.539181716740131 ], [ 492989.763764143455774, 5457120.242577947676182 ], [ 492984.215464238077402, 5457121.945979785174131 ], [ 492978.667709057568572, 5457124.073468629270792 ], [ 492973.120499886048492, 5457126.625044484622777 ], [ 492968.128341291565448, 5457129.175916394218802 ], [ 492963.136729819059838, 5457132.150874257087708 ], [ 492958.145666624535806, 5457135.549918080680072 ], [ 492953.154609595425427, 5457138.948966455645859 ], [ 492948.719146454997826, 5457142.771389284171164 ], [ 492951.490019627148286, 5457139.375181236304343 ], [ 492954.816484119335655, 5457136.40234512090683 ], [ 492958.143495091353543, 5457133.853592441417277 ], [ 492962.025011787598487, 5457130.880050207488239 ], [ 492965.352571765426546, 5457128.755383324809372 ] ] ] } },
{ "type": "Feature", "properties": { "grid_id": 1129, "crime_count": 8.0, "name": "Strathcona" }, "geometry": { "type": "Polygon", "coordinates": [ [ [ 492823.558100000023842, 5457265.0603 ], [ 492823.558100000023842, 5457515.0603 ], [ 493073.558100000023842, 5457515.0603 ], [ 493073.558100000023842, 5457265.0603 ], [ 492823.558100000023842, 5457265.0603 ] ] ] } },
{ "type": "Feature", "properties": { "grid_id": 1130, "crime_count": 7.0, "name": "Strathcona" }, "geometry": { "type": "Polygon", "coordinates": [ [ [ 492823.558100000023842, 5457515.0603 ], [ 492823.558100000023842, 5457765.0603 ], [ 493073.558100000023842, 5457765.0603 ], [ 493073.558100000023842, 5457515.0603 ], [ 492823.558100000023842, 5457515.0603 ] ] ] } },
{ "type": "Feature", "properties": { "grid_id": 1131, "crime_count": 2.0, "name": "Strathcona" }, "geometry": { "type": "Polygon", "coordinates": [ [ [ 492823.558100000023842, 5457765.0603 ], [ 492823.558100000023842, 5458015.0603 ], [ 493073.558100000023842, 5458015.0603 ], [ 493073.558100000023842, 5457765.0603 ], [ 492823.558100000023842, 5457765.0603 ] ] ] } },
{ "type": "Feature", "properties": { "grid_id": 1132, "crime_count": 8.0, "name": "Strathcona" }, "geometry": { "type": "Polygon", "coordinates": [ [ [ 492823.558100000023842, 5458015.0603 ], [ 492823.558100000023842, 5458265.0603 ], [ 493073.558100000023842, 5458265.0603 ], [ 493073.558100000023842, 5458015.0603 ], [ 492823.558100000023842, 5458015.0603 ] ] ] } },
{ "type": "Feature", "properties": { "grid_id": 1133, "crime_count": 22.0, "name": "Strathcona" }, "geometry": { "type": "Polygon", "coordinates": [ [ [ 492823.558100000023842, 5458265.0603 ], [ 492823.558100000023842, 5458515.0603 ], [ 493073.558100000023842, 5458515.0603 ], [ 493073.558100000023842, 5458265.0603 ], [ 492823.558100000023842, 5458265.0603 ] ] ] } },
{ "type": "Feature", "properties": { "grid_id": 1134, "crime_count": 97.0, "name": "Strathcona" }, "geometry": { "type": "Polygon", "coordinates": [ [ [ 492823.558100000023842, 5458515.0603 ], [ 492823.558100000023842, 5458765.0603 ], [ 493073.558100000023842, 5458765.0603 ], [ 493073.558100000023842, 5458515.0603 ], [ 492823.558100000023842, 5458515.0603 ] ] ] } },
{ "type": "Feature", "properties": { "grid_id": 1135, "crime_count": 90.0, "name": "Strathcona" }, "geometry": { "type": "Polygon", "coordinates": [ [ [ 492823.558100000023842, 5458765.0603 ], [ 492823.558100000023842, 5459015.0603 ], [ 493073.558100000023842, 5459015.0603 ], [ 493073.558100000023842, 5458765.0603 ], [ 492823.558100000023842, 5458765.0603 ] ] ] } },
{ "type": "Feature", "properties": { "grid_id": 1136, "crime_count": 43.0, "name": "Strathcona" }, "geometry": { "type": "Polygon", "coordinates": [ [ [ 492823.558100000023842, 5459015.0603 ], [ 492823.558100000023842, 5459265.0603 ], [ 493073.558100000023842, 5459265.0603 ], [ 493073.558100000023842, 5459015.0603 ], [ 492823.558100000023842, 5459015.0603 ] ] ] } },
{ "type": "Feature", "properties": { "grid_id": 1137, "crime_count": 0.0, "name": "Strathcona" }, "geometry": { "type": "Polygon", "coordinates": [ [ [ 492823.558100000023842, 5459265.0603 ], [ 492823.558100000023842, 5459515.0603 ], [ 493073.558100000023842, 5459515.0603 ], [ 493073.558100000023842, 5459265.0603 ], [ 492823.558100000023842, 5459265.0603 ] ] ] } },
{ "type": "Feature", "properties": { "grid_id": 1138, "crime_count": 0.0, "name": "Strathcona" }, "geometry": { "type": "Polygon", "coordinates": [ [ [ 493073.558100000023842, 5459515.0603 ], [ 492823.558100000023842, 5459515.0603 ], [ 492823.558100000023842, 5459633.707604533992708 ], [ 493073.558100000023842, 5459721.590887069702148 ], [ 493073.558100000023842, 5459515.0603 ] ] ] } },
{ "type": "Feature", "properties": { "grid_id": 1139, "crime_count": 0.0, "name": "Sunset" }, "geometry": { "type": "Polygon", "coordinates": [ [ [ 493073.558100000023842, 5450265.0603 ], [ 493323.558100000023842, 5450265.0603 ], [ 493323.558100000023842, 5450150.422921950928867 ], [ 493073.558100000023842, 5450149.808381129987538 ], [ 493073.558100000023842, 5450265.0603 ] ] ] } },
{ "type": "Feature", "properties": { "grid_id": 1140, "crime_count": 0.0, "name": "Sunset" }, "geometry": { "type": "Polygon", "coordinates": [ [ [ 493073.558100000023842, 5450265.0603 ], [ 493073.558100000023842, 5450515.0603 ], [ 493323.558100000023842, 5450515.0603 ], [ 493323.558100000023842, 5450265.0603 ], [ 493073.558100000023842, 5450265.0603 ] ] ] } },
{ "type": "Feature", "properties": { "grid_id": 1141, "crime_count": 3.0, "name": "Sunset" }, "geometry": { "type": "Polygon", "coordinates": [ [ [ 493073.558100000023842, 5450515.0603 ], [ 493073.558100000023842, 5450765.0603 ], [ 493323.558100000023842, 5450765.0603 ], [ 493323.558100000023842, 5450515.0603 ], [ 493073.558100000023842, 5450515.0603 ] ] ] } },
{ "type": "Feature", "properties": { "grid_id": 1142, "crime_count": 3.0, "name": "Sunset" }, "geometry": { "type": "Polygon", "coordinates": [ [ [ 493073.558100000023842, 5450765.0603 ], [ 493073.558100000023842, 5451015.0603 ], [ 493323.558100000023842, 5451015.0603 ], [ 493323.558100000023842, 5450765.0603 ], [ 493073.558100000023842, 5450765.0603 ] ] ] } },
{ "type": "Feature", "properties": { "grid_id": 1143, "crime_count": 4.0, "name": "Sunset" }, "geometry": { "type": "Polygon", "coordinates": [ [ [ 493073.558100000023842, 5451015.0603 ], [ 493073.558100000023842, 5451265.0603 ], [ 493323.558100000023842, 5451265.0603 ], [ 493323.558100000023842, 5451015.0603 ], [ 493073.558100000023842, 5451015.0603 ] ] ] } },
{ "type": "Feature", "properties": { "grid_id": 1144, "crime_count": 4.0, "name": "Sunset" }, "geometry": { "type": "Polygon", "coordinates": [ [ [ 493073.558100000023842, 5451265.0603 ], [ 493073.558100000023842, 5451515.0603 ], [ 493323.558100000023842, 5451515.0603 ], [ 493323.558100000023842, 5451265.0603 ], [ 493073.558100000023842, 5451265.0603 ] ] ] } },
{ "type": "Feature", "properties": { "grid_id": 1145, "crime_count": 2.0, "name": "Sunset" }, "geometry": { "type": "Polygon", "coordinates": [ [ [ 493073.558100000023842, 5451515.0603 ], [ 493073.558100000023842, 5451765.0603 ], [ 493323.558100000023842, 5451765.0603 ], [ 493323.558100000023842, 5451515.0603 ], [ 493073.558100000023842, 5451515.0603 ] ] ] } },
{ "type": "Feature", "properties": { "grid_id": 1146, "crime_count": 2.0, "name": "Sunset" }, "geometry": { "type": "Polygon", "coordinates": [ [ [ 493073.558100000023842, 5451765.0603 ], [ 493073.558100000023842, 5452015.0603 ], [ 493323.558100000023842, 5452015.0603 ], [ 493323.558100000023842, 5451765.0603 ], [ 493073.558100000023842, 5451765.0603 ] ] ] } },
{ "type": "Feature", "properties": { "grid_id": 1147, "crime_count": 1.0, "name": "Sunset" }, "geometry": { "type": "Polygon", "coordinates": [ [ [ 493073.558100000023842, 5452015.0603 ], [ 493073.558100000023842, 5452265.0603 ], [ 493323.558100000023842, 5452265.0603 ], [ 493323.558100000023842, 5452015.0603 ], [ 493073.558100000023842, 5452015.0603 ] ] ] } },
{ "type": "Feature", "properties": { "grid_id": 1148, "crime_count": 1.0, "name": "Sunset" }, "geometry": { "type": "Polygon", "coordinates": [ [ [ 493073.558100000023842, 5452265.0603 ], [ 493073.558100000023842, 5452515.0603 ], [ 493323.558100000023842, 5452515.0603 ], [ 493323.558100000023842, 5452265.0603 ], [ 493073.558100000023842, 5452265.0603 ] ] ] } },
{ "type": "Feature", "properties": { "grid_id": 1149, "crime_count": 2.0, "name": "Sunset" }, "geometry": { "type": "Polygon", "coordinates": [ [ [ 493073.558100000023842, 5452515.0603 ], [ 493073.558100000023842, 5452765.0603 ], [ 493323.558100000023842, 5452765.0603 ], [ 493323.558100000023842, 5452515.0603 ], [ 493073.558100000023842, 5452515.0603 ] ] ] } },
{ "type": "Feature", "properties": { "grid_id": 1150, "crime_count": 2.0, "name": "Sunset" }, "geometry": { "type": "Polygon", "coordinates": [ [ [ 493073.558100000023842, 5452765.0603 ], [ 493073.558100000023842, 5453015.0603 ], [ 493323.558100000023842, 5453015.0603 ], [ 493323.558100000023842, 5452765.0603 ], [ 493073.558100000023842, 5452765.0603 ] ] ] } },
{ "type": "Feature", "properties": { "grid_id": 1151, "crime_count": 1.0, "name": "Sunset" }, "geometry": { "type": "Polygon", "coordinates": [ [ [ 493073.558100000023842, 5453015.0603 ], [ 493073.558100000023842, 5453265.0603 ], [ 493323.558100000023842, 5453265.0603 ], [ 493323.558100000023842, 5453015.0603 ], [ 493073.558100000023842, 5453015.0603 ] ] ] } },
{ "type": "Feature", "properties": { "grid_id": 1152, "crime_count": 1.0, "name": "Riley Park" }, "geometry": { "type": "Polygon", "coordinates": [ [ [ 493073.558100000023842, 5453265.0603 ], [ 493073.558100000023842, 5453515.0603 ], [ 493323.558100000023842, 5453515.0603 ], [ 493323.558100000023842, 5453265.0603 ], [ 493073.558100000023842, 5453265.0603 ] ] ] } },
{ "type": "Feature", "properties": { "grid_id": 1153, "crime_count": 0.0, "name": "Riley Park" }, "geometry": { "type": "Polygon", "coordinates": [ [ [ 493073.558100000023842, 5453515.0603 ], [ 493073.558100000023842, 5453765.0603 ], [ 493323.558100000023842, 5453765.0603 ], [ 493323.558100000023842, 5453515.0603 ], [ 493073.558100000023842, 5453515.0603 ] ] ] } },
{ "type": "Feature", "properties": { "grid_id": 1154, "crime_count": 0.0, "name": "Riley Park" }, "geometry": { "type": "Polygon", "coordinates": [ [ [ 493073.558100000023842, 5453765.0603 ], [ 493073.558100000023842, 5454015.0603 ], [ 493323.558100000023842, 5454015.0603 ], [ 493323.558100000023842, 5453765.0603 ], [ 493073.558100000023842, 5453765.0603 ] ] ] } },
{ "type": "Feature", "properties": { "grid_id": 1155, "crime_count": 0.0, "name": "Riley Park" }, "geometry": { "type": "Polygon", "coordinates": [ [ [ 493073.558100000023842, 5454015.0603 ], [ 493073.558100000023842, 5454265.0603 ], [ 493323.558100000023842, 5454265.0603 ], [ 493323.558100000023842, 5454015.0603 ], [ 493073.558100000023842, 5454015.0603 ] ] ] } },
{ "type": "Feature", "properties": { "grid_id": 1156, "crime_count": 5.0, "name": "Riley Park" }, "geometry": { "type": "Polygon", "coordinates": [ [ [ 493073.558100000023842, 5454265.0603 ], [ 493073.558100000023842, 5454515.0603 ], [ 493323.558100000023842, 5454515.0603 ], [ 493323.558100000023842, 5454265.0603 ], [ 493073.558100000023842, 5454265.0603 ] ] ] } },
{ "type": "Feature", "properties": { "grid_id": 1157, "crime_count": 4.0, "name": "Riley Park" }, "geometry": { "type": "Polygon", "coordinates": [ [ [ 493073.558100000023842, 5454515.0603 ], [ 493073.558100000023842, 5454765.0603 ], [ 493323.558100000023842, 5454765.0603 ], [ 493323.558100000023842, 5454515.0603 ], [ 493073.558100000023842, 5454515.0603 ] ] ] } },
{ "type": "Feature", "properties": { "grid_id": 1158, "crime_count": 2.0, "name": "Riley Park" }, "geometry": { "type": "Polygon", "coordinates": [ [ [ 493073.558100000023842, 5454765.0603 ], [ 493073.558100000023842, 5455015.0603 ], [ 493323.558100000023842, 5455015.0603 ], [ 493323.558100000023842, 5454765.0603 ], [ 493073.558100000023842, 5454765.0603 ] ] ] } },
{ "type": "Feature", "properties": { "grid_id": 1159, "crime_count": 1.0, "name": "Riley Park" }, "geometry": { "type": "Polygon", "coordinates": [ [ [ 493073.558100000023842, 5455015.0603 ], [ 493073.558100000023842, 5455265.0603 ], [ 493323.558100000023842, 5455265.0603 ], [ 493323.558100000023842, 5455015.0603 ], [ 493073.558100000023842, 5455015.0603 ] ] ] } },
{ "type": "Feature", "properties": { "grid_id": 1160, "crime_count": 0.0, "name": "Riley Park" }, "geometry": { "type": "Polygon", "coordinates": [ [ [ 493073.558100000023842, 5455265.0603 ], [ 493073.558100000023842, 5455515.0603 ], [ 493323.558100000023842, 5455515.0603 ], [ 493323.558100000023842, 5455265.0603 ], [ 493073.558100000023842, 5455265.0603 ] ] ] } },
{ "type": "Feature", "properties": { "grid_id": 1161, "crime_count": 5.0, "name": "Riley Park" }, "geometry": { "type": "Polygon", "coordinates": [ [ [ 493073.558100000023842, 5455515.0603 ], [ 493073.558100000023842, 5455765.0603 ], [ 493323.558100000023842, 5455765.0603 ], [ 493323.558100000023842, 5455515.0603 ], [ 493073.558100000023842, 5455515.0603 ] ] ] } },
{ "type": "Feature", "properties": { "grid_id": 1162, "crime_count": 1.0, "name": "Riley Park" }, "geometry": { "type": "Polygon", "coordinates": [ [ [ 493073.558100000023842, 5455765.0603 ], [ 493073.558100000023842, 5456015.0603 ], [ 493323.558100000023842, 5456015.0603 ], [ 493323.558100000023842, 5455765.0603 ], [ 493073.558100000023842, 5455765.0603 ] ] ] } },
{ "type": "Feature", "properties": { "grid_id": 1163, "crime_count": 2.0, "name": "Mount Pleasant" }, "geometry": { "type": "Polygon", "coordinates": [ [ [ 493073.558100000023842, 5456015.0603 ], [ 493073.558100000023842, 5456265.0603 ], [ 493323.558100000023842, 5456265.0603 ], [ 493323.558100000023842, 5456015.0603 ], [ 493073.558100000023842, 5456015.0603 ] ] ] } },
{ "type": "Feature", "properties": { "grid_id": 1164, "crime_count": 4.0, "name": "Mount Pleasant" }, "geometry": { "type": "Polygon", "coordinates": [ [ [ 493073.558100000023842, 5456265.0603 ], [ 493073.558100000023842, 5456515.0603 ], [ 493323.558100000023842, 5456515.0603 ], [ 493323.558100000023842, 5456265.0603 ], [ 493073.558100000023842, 5456265.0603 ] ] ] } },
{ "type": "Feature", "properties": { "grid_id": 1165, "crime_count": 7.0, "name": "Mount Pleasant" }, "geometry": { "type": "Polygon", "coordinates": [ [ [ 493073.558100000023842, 5456515.0603 ], [ 493073.558100000023842, 5456765.0603 ], [ 493323.558100000023842, 5456765.0603 ], [ 493323.558100000023842, 5456515.0603 ], [ 493073.558100000023842, 5456515.0603 ] ] ] } },
{ "type": "Feature", "properties": { "grid_id": 1166, "crime_count": 2.0, "name": "Mount Pleasant" }, "geometry": { "type": "Polygon", "coordinates": [ [ [ 493073.558100000023842, 5456765.0603 ], [ 493073.558100000023842, 5457015.0603 ], [ 493323.558100000023842, 5457015.0603 ], [ 493323.558100000023842, 5456765.0603 ], [ 493073.558100000023842, 5456765.0603 ] ] ] } },
{ "type": "Feature", "properties": { "grid_id": 1167, "crime_count": 2.0, "name": "Strathcona" }, "geometry": { "type": "Polygon", "coordinates": [ [ [ 493073.558100000023842, 5457015.0603 ], [ 493073.558100000023842, 5457265.0603 ], [ 493323.558100000023842, 5457265.0603 ], [ 493323.558100000023842, 5457015.0603 ], [ 493073.558100000023842, 5457015.0603 ] ] ] } },
{ "type": "Feature", "properties": { "grid_id": 1168, "crime_count": 9.0, "name": "Strathcona" }, "geometry": { "type": "Polygon", "coordinates": [ [ [ 493073.558100000023842, 5457265.0603 ], [ 493073.558100000023842, 5457515.0603 ], [ 493323.558100000023842, 5457515.0603 ], [ 493323.558100000023842, 5457265.0603 ], [ 493073.558100000023842, 5457265.0603 ] ] ] } },
{ "type": "Feature", "properties": { "grid_id": 1169, "crime_count": 3.0, "name": "Strathcona" }, "geometry": { "type": "Polygon", "coordinates": [ [ [ 493073.558100000023842, 5457515.0603 ], [ 493073.558100000023842, 5457765.0603 ], [ 493323.558100000023842, 5457765.0603 ], [ 493323.558100000023842, 5457515.0603 ], [ 493073.558100000023842, 5457515.0603 ] ] ] } },
{ "type": "Feature", "properties": { "grid_id": 1170, "crime_count": 1.0, "name": "Strathcona" }, "geometry": { "type": "Polygon", "coordinates": [ [ [ 493073.558100000023842, 5457765.0603 ], [ 493073.558100000023842, 5458015.0603 ], [ 493323.558100000023842, 5458015.0603 ], [ 493323.558100000023842, 5457765.0603 ], [ 493073.558100000023842, 5457765.0603 ] ] ] } },
{ "type": "Feature", "properties": { "grid_id": 1171, "crime_count": 8.0, "name": "Strathcona" }, "geometry": { "type": "Polygon", "coordinates": [ [ [ 493073.558100000023842, 5458015.0603 ], [ 493073.558100000023842, 5458265.0603 ], [ 493323.558100000023842, 5458265.0603 ], [ 493323.558100000023842, 5458015.0603 ], [ 493073.558100000023842, 5458015.0603 ] ] ] } },
{ "type": "Feature", "properties": { "grid_id": 1172, "crime_count": 23.0, "name": "Strathcona" }, "geometry": { "type": "Polygon", "coordinates": [ [ [ 493073.558100000023842, 5458265.0603 ], [ 493073.558100000023842, 5458515.0603 ], [ 493323.558100000023842, 5458515.0603 ], [ 493323.558100000023842, 5458265.0603 ], [ 493073.558100000023842, 5458265.0603 ] ] ] } },
{ "type": "Feature", "properties": { "grid_id": 1173, "crime_count": 21.0, "name": "Strathcona" }, "geometry": { "type": "Polygon", "coordinates": [ [ [ 493073.558100000023842, 5458515.0603 ], [ 493073.558100000023842, 5458765.0603 ], [ 493323.558100000023842, 5458765.0603 ], [ 493323.558100000023842, 5458515.0603 ], [ 493073.558100000023842, 5458515.0603 ] ] ] } },
{ "type": "Feature", "properties": { "grid_id": 1174, "crime_count": 35.0, "name": "Strathcona" }, "geometry": { "type": "Polygon", "coordinates": [ [ [ 493073.558100000023842, 5458765.0603 ], [ 493073.558100000023842, 5459015.0603 ], [ 493323.558100000023842, 5459015.0603 ], [ 493323.558100000023842, 5458765.0603 ], [ 493073.558100000023842, 5458765.0603 ] ] ] } },
{ "type": "Feature", "properties": { "grid_id": 1175, "crime_count": 36.0, "name": "Strathcona" }, "geometry": { "type": "Polygon", "coordinates": [ [ [ 493073.558100000023842, 5459015.0603 ], [ 493073.558100000023842, 5459265.0603 ], [ 493323.558100000023842, 5459265.0603 ], [ 493323.558100000023842, 5459015.0603 ], [ 493073.558100000023842, 5459015.0603 ] ] ] } },
{ "type": "Feature", "properties": { "grid_id": 1176, "crime_count": 0.0, "name": "Strathcona" }, "geometry": { "type": "Polygon", "coordinates": [ [ [ 493073.558100000023842, 5459265.0603 ], [ 493073.558100000023842, 5459515.0603 ], [ 493323.558100000023842, 5459515.0603 ], [ 493323.558100000023842, 5459265.0603 ], [ 493073.558100000023842, 5459265.0603 ] ] ] } },
{ "type": "Feature", "properties": { "grid_id": 1177, "crime_count": 0.0, "name": "Strathcona" }, "geometry": { "type": "Polygon", "coordinates": [ [ [ 493323.558100000023842, 5459515.0603 ], [ 493073.558100000023842, 5459515.0603 ], [ 493073.558100000023842, 5459721.590887069702148 ], [ 493171.763023696141317, 5459756.113171292468905 ], [ 493323.558100000023842, 5459752.271126399748027 ], [ 493323.558100000023842, 5459515.0603 ] ] ] } },
{ "type": "Feature", "properties": { "grid_id": 1178, "crime_count": 0.0, "name": "Sunset" }, "geometry": { "type": "Polygon", "coordinates": [ [ [ 493323.558100000023842, 5450265.0603 ], [ 493573.558100000023842, 5450265.0603 ], [ 493573.558100000023842, 5450228.654287037439644 ], [ 493561.174735794833396, 5450224.008022755384445 ], [ 493476.102579994883854, 5450187.213304054923356 ], [ 493463.868134088173974, 5450180.442557021975517 ], [ 493451.634161821566522, 5450174.095913989469409 ], [ 493438.845423275546636, 5450168.598113124258816 ], [ 493426.05767055315664, 5450163.94849553797394 ], [ 493412.71465458383318, 5450159.723648433573544 ], [ 493399.372633582504932, 5450156.346987216733396 ], [ 493386.031613705737982, 5450153.8185118669644 ], [ 493372.13534220890142, 5450151.714813686907291 ], [ 493358.796341929584742, 5450150.882711386308074 ], [ 493344.902100206410978, 5450150.475388988852501 ], [ 493323.558100000023842, 5450150.422921950928867 ], [ 493323.558100000023842, 5450265.0603 ] ] ] } },
{ "type": "Feature", "properties": { "grid_id": 1179, "crime_count": 0.0, "name": "Sunset" }, "geometry": { "type": "Polygon", "coordinates": [ [ [ 493323.558100000023842, 5450265.0603 ], [ 493323.558100000023842, 5450515.0603 ], [ 493573.558100000023842, 5450515.0603 ], [ 493573.558100000023842, 5450265.0603 ], [ 493323.558100000023842, 5450265.0603 ] ] ] } },
{ "type": "Feature", "properties": { "grid_id": 1180, "crime_count": 0.0, "name": "Sunset" }, "geometry": { "type": "Polygon", "coordinates": [ [ [ 493323.558100000023842, 5450515.0603 ], [ 493323.558100000023842, 5450765.0603 ], [ 493573.558100000023842, 5450765.0603 ], [ 493573.558100000023842, 5450515.0603 ], [ 493323.558100000023842, 5450515.0603 ] ] ] } },
{ "type": "Feature", "properties": { "grid_id": 1181, "crime_count": 7.0, "name": "Sunset" }, "geometry": { "type": "Polygon", "coordinates": [ [ [ 493323.558100000023842, 5450765.0603 ], [ 493323.558100000023842, 5451015.0603 ], [ 493573.558100000023842, 5451015.0603 ], [ 493573.558100000023842, 5450765.0603 ], [ 493323.558100000023842, 5450765.0603 ] ] ] } },
{ "type": "Feature", "properties": { "grid_id": 1182, "crime_count": 4.0, "name": "Sunset" }, "geometry": { "type": "Polygon", "coordinates": [ [ [ 493323.558100000023842, 5451015.0603 ], [ 493323.558100000023842, 5451265.0603 ], [ 493573.558100000023842, 5451265.0603 ], [ 493573.558100000023842, 5451015.0603 ], [ 493323.558100000023842, 5451015.0603 ] ] ] } },
{ "type": "Feature", "properties": { "grid_id": 1183, "crime_count": 1.0, "name": "Sunset" }, "geometry": { "type": "Polygon", "coordinates": [ [ [ 493323.558100000023842, 5451265.0603 ], [ 493323.558100000023842, 5451515.0603 ], [ 493573.558100000023842, 5451515.0603 ], [ 493573.558100000023842, 5451265.0603 ], [ 493323.558100000023842, 5451265.0603 ] ] ] } },
{ "type": "Feature", "properties": { "grid_id": 1184, "crime_count": 4.0, "name": "Sunset" }, "geometry": { "type": "Polygon", "coordinates": [ [ [ 493323.558100000023842, 5451515.0603 ], [ 493323.558100000023842, 5451765.0603 ], [ 493573.558100000023842, 5451765.0603 ], [ 493573.558100000023842, 5451515.0603 ], [ 493323.558100000023842, 5451515.0603 ] ] ] } },
{ "type": "Feature", "properties": { "grid_id": 1185, "crime_count": 7.0, "name": "Sunset" }, "geometry": { "type": "Polygon", "coordinates": [ [ [ 493323.558100000023842, 5451765.0603 ], [ 493323.558100000023842, 5452015.0603 ], [ 493573.558100000023842, 5452015.0603 ], [ 493573.558100000023842, 5451765.0603 ], [ 493323.558100000023842, 5451765.0603 ] ] ] } },
{ "type": "Feature", "properties": { "grid_id": 1186, "crime_count": 4.0, "name": "Sunset" }, "geometry": { "type": "Polygon", "coordinates": [ [ [ 493323.558100000023842, 5452015.0603 ], [ 493323.558100000023842, 5452265.0603 ], [ 493573.558100000023842, 5452265.0603 ], [ 493573.558100000023842, 5452015.0603 ], [ 493323.558100000023842, 5452015.0603 ] ] ] } },
{ "type": "Feature", "properties": { "grid_id": 1187, "crime_count": 12.0, "name": "Sunset" }, "geometry": { "type": "Polygon", "coordinates": [ [ [ 493323.558100000023842, 5452265.0603 ], [ 493323.558100000023842, 5452515.0603 ], [ 493573.558100000023842, 5452515.0603 ], [ 493573.558100000023842, 5452265.0603 ], [ 493323.558100000023842, 5452265.0603 ] ] ] } },
{ "type": "Feature", "properties": { "grid_id": 1188, "crime_count": 9.0, "name": "Sunset" }, "geometry": { "type": "Polygon", "coordinates": [ [ [ 493323.558100000023842, 5452515.0603 ], [ 493323.558100000023842, 5452765.0603 ], [ 493573.558100000023842, 5452765.0603 ], [ 493573.558100000023842, 5452515.0603 ], [ 493323.558100000023842, 5452515.0603 ] ] ] } },
{ "type": "Feature", "properties": { "grid_id": 1189, "crime_count": 19.0, "name": "Sunset" }, "geometry": { "type": "Polygon", "coordinates": [ [ [ 493323.558100000023842, 5452765.0603 ], [ 493323.558100000023842, 5453015.0603 ], [ 493573.558100000023842, 5453015.0603 ], [ 493573.558100000023842, 5452765.0603 ], [ 493323.558100000023842, 5452765.0603 ] ] ] } },
{ "type": "Feature", "properties": { "grid_id": 1190, "crime_count": 6.0, "name": "Sunset" }, "geometry": { "type": "Polygon", "coordinates": [ [ [ 493323.558100000023842, 5453015.0603 ], [ 493323.558100000023842, 5453265.0603 ], [ 493573.558100000023842, 5453265.0603 ], [ 493573.558100000023842, 5453015.0603 ], [ 493323.558100000023842, 5453015.0603 ] ] ] } },
{ "type": "Feature", "properties": { "grid_id": 1191, "crime_count": 3.0, "name": "Kensington-Cedar Cottage" }, "geometry": { "type": "Polygon", "coordinates": [ [ [ 493323.558100000023842, 5453265.0603 ], [ 493323.558100000023842, 5453515.0603 ], [ 493573.558100000023842, 5453515.0603 ], [ 493573.558100000023842, 5453265.0603 ], [ 493323.558100000023842, 5453265.0603 ] ] ] } },
{ "type": "Feature", "properties": { "grid_id": 1192, "crime_count": 2.0, "name": "Kensington-Cedar Cottage" }, "geometry": { "type": "Polygon", "coordinates": [ [ [ 493323.558100000023842, 5453515.0603 ], [ 493323.558100000023842, 5453765.0603 ], [ 493573.558100000023842, 5453765.0603 ], [ 493573.558100000023842, 5453515.0603 ], [ 493323.558100000023842, 5453515.0603 ] ] ] } },
{ "type": "Feature", "properties": { "grid_id": 1193, "crime_count": 0.0, "name": "Kensington-Cedar Cottage" }, "geometry": { "type": "Polygon", "coordinates": [ [ [ 493323.558100000023842, 5453765.0603 ], [ 493323.558100000023842, 5454015.0603 ], [ 493573.558100000023842, 5454015.0603 ], [ 493573.558100000023842, 5453765.0603 ], [ 493323.558100000023842, 5453765.0603 ] ] ] } },
{ "type": "Feature", "properties": { "grid_id": 1194, "crime_count": 5.0, "name": "Kensington-Cedar Cottage" }, "geometry": { "type": "Polygon", "coordinates": [ [ [ 493323.558100000023842, 5454015.0603 ], [ 493323.558100000023842, 5454265.0603 ], [ 493573.558100000023842, 5454265.0603 ], [ 493573.558100000023842, 5454015.0603 ], [ 493323.558100000023842, 5454015.0603 ] ] ] } },
{ "type": "Feature", "properties": { "grid_id": 1195, "crime_count": 7.0, "name": "Kensington-Cedar Cottage" }, "geometry": { "type": "Polygon", "coordinates": [ [ [ 493323.558100000023842, 5454265.0603 ], [ 493323.558100000023842, 5454515.0603 ], [ 493573.558100000023842, 5454515.0603 ], [ 493573.558100000023842, 5454265.0603 ], [ 493323.558100000023842, 5454265.0603 ] ] ] } },
{ "type": "Feature", "properties": { "grid_id": 1196, "crime_count": 16.0, "name": "Kensington-Cedar Cottage" }, "geometry": { "type": "Polygon", "coordinates": [ [ [ 493323.558100000023842, 5454515.0603 ], [ 493323.558100000023842, 5454765.0603 ], [ 493573.558100000023842, 5454765.0603 ], [ 493573.558100000023842, 5454515.0603 ], [ 493323.558100000023842, 5454515.0603 ] ] ] } },
{ "type": "Feature", "properties": { "grid_id": 1197, "crime_count": 5.0, "name": "Kensington-Cedar Cottage" }, "geometry": { "type": "Polygon", "coordinates": [ [ [ 493323.558100000023842, 5454765.0603 ], [ 493323.558100000023842, 5455015.0603 ], [ 493573.558100000023842, 5455015.0603 ], [ 493573.558100000023842, 5454765.0603 ], [ 493323.558100000023842, 5454765.0603 ] ] ] } },
{ "type": "Feature", "properties": { "grid_id": 1198, "crime_count": 8.0, "name": "Kensington-Cedar Cottage" }, "geometry": { "type": "Polygon", "coordinates": [ [ [ 493323.558100000023842, 5455015.0603 ], [ 493323.558100000023842, 5455265.0603 ], [ 493573.558100000023842, 5455265.0603 ], [ 493573.558100000023842, 5455015.0603 ], [ 493323.558100000023842, 5455015.0603 ] ] ] } },
{ "type": "Feature", "properties": { "grid_id": 1199, "crime_count": 5.0, "name": "Riley Park" }, "geometry": { "type": "Polygon", "coordinates": [ [ [ 493323.558100000023842, 5455265.0603 ], [ 493323.558100000023842, 5455515.0603 ], [ 493573.558100000023842, 5455515.0603 ], [ 493573.558100000023842, 5455265.0603 ], [ 493323.558100000023842, 5455265.0603 ] ] ] } },
{ "type": "Feature", "properties": { "grid_id": 1200, "crime_count": 9.0, "name": "Riley Park" }, "geometry": { "type": "Polygon", "coordinates": [ [ [ 493323.558100000023842, 5455515.0603 ], [ 493323.558100000023842, 5455765.0603 ], [ 493573.558100000023842, 5455765.0603 ], [ 493573.558100000023842, 5455515.0603 ], [ 493323.558100000023842, 5455515.0603 ] ] ] } },
{ "type": "Feature", "properties": { "grid_id": 1201, "crime_count": 5.0, "name": "Riley Park" }, "geometry": { "type": "Polygon", "coordinates": [ [ [ 493323.558100000023842, 5455765.0603 ], [ 493323.558100000023842, 5456015.0603 ], [ 493573.558100000023842, 5456015.0603 ], [ 493573.558100000023842, 5455765.0603 ], [ 493323.558100000023842, 5455765.0603 ] ] ] } },
{ "type": "Feature", "properties": { "grid_id": 1202, "crime_count": 7.0, "name": "Mount Pleasant" }, "geometry": { "type": "Polygon", "coordinates": [ [ [ 493323.558100000023842, 5456015.0603 ], [ 493323.558100000023842, 5456265.0603 ], [ 493573.558100000023842, 5456265.0603 ], [ 493573.558100000023842, 5456015.0603 ], [ 493323.558100000023842, 5456015.0603 ] ] ] } },
{ "type": "Feature", "properties": { "grid_id": 1203, "crime_count": 2.0, "name": "Mount Pleasant" }, "geometry": { "type": "Polygon", "coordinates": [ [ [ 493323.558100000023842, 5456265.0603 ], [ 493323.558100000023842, 5456515.0603 ], [ 493573.558100000023842, 5456515.0603 ], [ 493573.558100000023842, 5456265.0603 ], [ 493323.558100000023842, 5456265.0603 ] ] ] } },
{ "type": "Feature", "properties": { "grid_id": 1204, "crime_count": 14.0, "name": "Mount Pleasant" }, "geometry": { "type": "Polygon", "coordinates": [ [ [ 493323.558100000023842, 5456515.0603 ], [ 493323.558100000023842, 5456765.0603 ], [ 493573.558100000023842, 5456765.0603 ], [ 493573.558100000023842, 5456515.0603 ], [ 493323.558100000023842, 5456515.0603 ] ] ] } },
{ "type": "Feature", "properties": { "grid_id": 1205, "crime_count": 5.0, "name": "Mount Pleasant" }, "geometry": { "type": "Polygon", "coordinates": [ [ [ 493323.558100000023842, 5456765.0603 ], [ 493323.558100000023842, 5457015.0603 ], [ 493573.558100000023842, 5457015.0603 ], [ 493573.558100000023842, 5456765.0603 ], [ 493323.558100000023842, 5456765.0603 ] ] ] } },
{ "type": "Feature", "properties": { "grid_id": 1206, "crime_count": 6.0, "name": "Strathcona" }, "geometry": { "type": "Polygon", "coordinates": [ [ [ 493323.558100000023842, 5457015.0603 ], [ 493323.558100000023842, 5457265.0603 ], [ 493573.558100000023842, 5457265.0603 ], [ 493573.558100000023842, 5457015.0603 ], [ 493323.558100000023842, 5457015.0603 ] ], [ [ 493543.670652955013793, 5457094.543737297877669 ], [ 493528.690319872403052, 5457099.650323674082756 ], [ 493513.708514388883486, 5457103.484706696122885 ], [ 493498.726228512765374, 5457106.895049163140357 ], [ 493483.742454061284661, 5457109.033188246190548 ], [ 493468.203140407742467, 5457110.747945795767009 ], [ 493452.662322086980566, 5457111.190503028221428 ], [ 493475.971790117735509, 5457109.042398718185723 ], [ 493498.724223699304275, 5457105.198723544366658 ], [ 493520.920641712844372, 5457100.507633442990482 ], [ 493543.670652955013793, 5457094.543737297877669 ] ] ] } },
{ "type": "Feature", "properties": { "grid_id": 1207, "crime_count": 1.0, "name": "Strathcona" }, "geometry": { "type": "Polygon", "coordinates": [ [ [ 493323.558100000023842, 5457265.0603 ], [ 493323.558100000023842, 5457515.0603 ], [ 493573.558100000023842, 5457515.0603 ], [ 493573.558100000023842, 5457265.0603 ], [ 493323.558100000023842, 5457265.0603 ] ] ] } },
{ "type": "Feature", "properties": { "grid_id": 1208, "crime_count": 3.0, "name": "Strathcona" }, "geometry": { "type": "Polygon", "coordinates": [ [ [ 493323.558100000023842, 5457515.0603 ], [ 493323.558100000023842, 5457765.0603 ], [ 493573.558100000023842, 5457765.0603 ], [ 493573.558100000023842, 5457515.0603 ], [ 493323.558100000023842, 5457515.0603 ] ] ] } },
{ "type": "Feature", "properties": { "grid_id": 1209, "crime_count": 1.0, "name": "Strathcona" }, "geometry": { "type": "Polygon", "coordinates": [ [ [ 493323.558100000023842, 5457765.0603 ], [ 493323.558100000023842, 5458015.0603 ], [ 493573.558100000023842, 5458015.0603 ], [ 493573.558100000023842, 5457765.0603 ], [ 493323.558100000023842, 5457765.0603 ] ] ] } },
{ "type": "Feature", "properties": { "grid_id": 1210, "crime_count": 6.0, "name": "Strathcona" }, "geometry": { "type": "Polygon", "coordinates": [ [ [ 493323.558100000023842, 5458015.0603 ], [ 493323.558100000023842, 5458265.0603 ], [ 493573.558100000023842, 5458265.0603 ], [ 493573.558100000023842, 5458015.0603 ], [ 493323.558100000023842, 5458015.0603 ] ] ] } },
{ "type": "Feature", "properties": { "grid_id": 1211, "crime_count": 21.0, "name": "Strathcona" }, "geometry": { "type": "Polygon", "coordinates": [ [ [ 493323.558100000023842, 5458265.0603 ], [ 493323.558100000023842, 5458515.0603 ], [ 493573.558100000023842, 5458515.0603 ], [ 493573.558100000023842, 5458265.0603 ], [ 493323.558100000023842, 5458265.0603 ] ] ] } },
{ "type": "Feature", "properties": { "grid_id": 1212, "crime_count": 43.0, "name": "Strathcona" }, "geometry": { "type": "Polygon", "coordinates": [ [ [ 493323.558100000023842, 5458515.0603 ], [ 493323.558100000023842, 5458765.0603 ], [ 493573.558100000023842, 5458765.0603 ], [ 493573.558100000023842, 5458515.0603 ], [ 493323.558100000023842, 5458515.0603 ] ] ] } },
{ "type": "Feature", "properties": { "grid_id": 1213, "crime_count": 61.0, "name": "Strathcona" }, "geometry": { "type": "Polygon", "coordinates": [ [ [ 493323.558100000023842, 5458765.0603 ], [ 493323.558100000023842, 5459015.0603 ], [ 493573.558100000023842, 5459015.0603 ], [ 493573.558100000023842, 5458765.0603 ], [ 493323.558100000023842, 5458765.0603 ] ] ] } },
{ "type": "Feature", "properties": { "grid_id": 1214, "crime_count": 14.0, "name": "Strathcona" }, "geometry": { "type": "Polygon", "coordinates": [ [ [ 493323.558100000023842, 5459015.0603 ], [ 493323.558100000023842, 5459265.0603 ], [ 493573.558100000023842, 5459265.0603 ], [ 493573.558100000023842, 5459015.0603 ], [ 493323.558100000023842, 5459015.0603 ] ] ] } },
{ "type": "Feature", "properties": { "grid_id": 1215, "crime_count": 0.0, "name": "Strathcona" }, "geometry": { "type": "Polygon", "coordinates": [ [ [ 493323.558100000023842, 5459265.0603 ], [ 493323.558100000023842, 5459515.0603 ], [ 493573.558100000023842, 5459515.0603 ], [ 493573.558100000023842, 5459265.0603 ], [ 493323.558100000023842, 5459265.0603 ] ] ] } },
{ "type": "Feature", "properties": { "grid_id": 1216, "crime_count": 0.0, "name": "Strathcona" }, "geometry": { "type": "Polygon", "coordinates": [ [ [ 493573.558100000023842, 5459515.0603 ], [ 493323.558100000023842, 5459515.0603 ], [ 493323.558100000023842, 5459752.271126399748027 ], [ 493573.558100000023842, 5459745.943442744202912 ], [ 493573.558100000023842, 5459515.0603 ] ] ] } },
{ "type": "Feature", "properties": { "grid_id": 1217, "crime_count": 0.0, "name": "Sunset" }, "geometry": { "type": "Polygon", "coordinates": [ [ [ 493573.558100000023842, 5450265.0603 ], [ 493670.588507749780547, 5450265.0603 ], [ 493573.558100000023842, 5450228.654287037439644 ], [ 493573.558100000023842, 5450265.0603 ] ] ] } },
{ "type": "Feature", "properties": { "grid_id": 1218, "crime_count": 0.0, "name": "Sunset" }, "geometry": { "type": "Polygon", "coordinates": [ [ [ 493573.558100000023842, 5450265.0603 ], [ 493573.558100000023842, 5450515.0603 ], [ 493823.558100000023842, 5450515.0603 ], [ 493823.558100000023842, 5450322.454812581650913 ], [ 493670.588507749780547, 5450265.0603 ], [ 493573.558100000023842, 5450265.0603 ] ] ] } },
{ "type": "Feature", "properties": { "grid_id": 1219, "crime_count": 0.0, "name": "Sunset" }, "geometry": { "type": "Polygon", "coordinates": [ [ [ 493573.558100000023842, 5450515.0603 ], [ 493573.558100000023842, 5450765.0603 ], [ 493823.558100000023842, 5450765.0603 ], [ 493823.558100000023842, 5450515.0603 ], [ 493573.558100000023842, 5450515.0603 ] ] ] } },
{ "type": "Feature", "properties": { "grid_id": 1220, "crime_count": 2.0, "name": "Sunset" }, "geometry": { "type": "Polygon", "coordinates": [ [ [ 493573.558100000023842, 5450765.0603 ], [ 493573.558100000023842, 5451015.0603 ], [ 493823.558100000023842, 5451015.0603 ], [ 493823.558100000023842, 5450765.0603 ], [ 493573.558100000023842, 5450765.0603 ] ] ] } },
{ "type": "Feature", "properties": { "grid_id": 1221, "crime_count": 1.0, "name": "Sunset" }, "geometry": { "type": "Polygon", "coordinates": [ [ [ 493573.558100000023842, 5451015.0603 ], [ 493573.558100000023842, 5451265.0603 ], [ 493823.558100000023842, 5451265.0603 ], [ 493823.558100000023842, 5451015.0603 ], [ 493573.558100000023842, 5451015.0603 ] ] ] } },
{ "type": "Feature", "properties": { "grid_id": 1222, "crime_count": 1.0, "name": "Sunset" }, "geometry": { "type": "Polygon", "coordinates": [ [ [ 493573.558100000023842, 5451265.0603 ], [ 493573.558100000023842, 5451515.0603 ], [ 493823.558100000023842, 5451515.0603 ], [ 493823.558100000023842, 5451265.0603 ], [ 493573.558100000023842, 5451265.0603 ] ] ] } },
{ "type": "Feature", "properties": { "grid_id": 1223, "crime_count": 2.0, "name": "Sunset" }, "geometry": { "type": "Polygon", "coordinates": [ [ [ 493573.558100000023842, 5451515.0603 ], [ 493573.558100000023842, 5451765.0603 ], [ 493823.558100000023842, 5451765.0603 ], [ 493823.558100000023842, 5451515.0603 ], [ 493573.558100000023842, 5451515.0603 ] ] ] } },
{ "type": "Feature", "properties": { "grid_id": 1224, "crime_count": 3.0, "name": "Sunset" }, "geometry": { "type": "Polygon", "coordinates": [ [ [ 493573.558100000023842, 5451765.0603 ], [ 493573.558100000023842, 5452015.0603 ], [ 493823.558100000023842, 5452015.0603 ], [ 493823.558100000023842, 5451765.0603 ], [ 493573.558100000023842, 5451765.0603 ] ] ] } },
{ "type": "Feature", "properties": { "grid_id": 1225, "crime_count": 3.0, "name": "Sunset" }, "geometry": { "type": "Polygon", "coordinates": [ [ [ 493573.558100000023842, 5452015.0603 ], [ 493573.558100000023842, 5452265.0603 ], [ 493823.558100000023842, 5452265.0603 ], [ 493823.558100000023842, 5452015.0603 ], [ 493573.558100000023842, 5452015.0603 ] ] ] } },
{ "type": "Feature", "properties": { "grid_id": 1226, "crime_count": 3.0, "name": "Sunset" }, "geometry": { "type": "Polygon", "coordinates": [ [ [ 493573.558100000023842, 5452265.0603 ], [ 493573.558100000023842, 5452515.0603 ], [ 493823.558100000023842, 5452515.0603 ], [ 493823.558100000023842, 5452265.0603 ], [ 493573.558100000023842, 5452265.0603 ] ] ] } },
{ "type": "Feature", "properties": { "grid_id": 1227, "crime_count": 2.0, "name": "Sunset" }, "geometry": { "type": "Polygon", "coordinates": [ [ [ 493573.558100000023842, 5452515.0603 ], [ 493573.558100000023842, 5452765.0603 ], [ 493823.558100000023842, 5452765.0603 ], [ 493823.558100000023842, 5452515.0603 ], [ 493573.558100000023842, 5452515.0603 ] ] ] } },
{ "type": "Feature", "properties": { "grid_id": 1228, "crime_count": 1.0, "name": "Sunset" }, "geometry": { "type": "Polygon", "coordinates": [ [ [ 493573.558100000023842, 5452765.0603 ], [ 493573.558100000023842, 5453015.0603 ], [ 493823.558100000023842, 5453015.0603 ], [ 493823.558100000023842, 5452765.0603 ], [ 493573.558100000023842, 5452765.0603 ] ] ] } },
{ "type": "Feature", "properties": { "grid_id": 1229, "crime_count": 1.0, "name": "Sunset" }, "geometry": { "type": "Polygon", "coordinates": [ [ [ 493573.558100000023842, 5453015.0603 ], [ 493573.558100000023842, 5453265.0603 ], [ 493823.558100000023842, 5453265.0603 ], [ 493823.558100000023842, 5453015.0603 ], [ 493573.558100000023842, 5453015.0603 ] ] ] } },
{ "type": "Feature", "properties": { "grid_id": 1230, "crime_count": 2.0, "name": "Kensington-Cedar Cottage" }, "geometry": { "type": "Polygon", "coordinates": [ [ [ 493573.558100000023842, 5453265.0603 ], [ 493573.558100000023842, 5453515.0603 ], [ 493823.558100000023842, 5453515.0603 ], [ 493823.558100000023842, 5453265.0603 ], [ 493573.558100000023842, 5453265.0603 ] ] ] } },
{ "type": "Feature", "properties": { "grid_id": 1231, "crime_count": 3.0, "name": "Kensington-Cedar Cottage" }, "geometry": { "type": "Polygon", "coordinates": [ [ [ 493573.558100000023842, 5453515.0603 ], [ 493573.558100000023842, 5453765.0603 ], [ 493823.558100000023842, 5453765.0603 ], [ 493823.558100000023842, 5453515.0603 ], [ 493573.558100000023842, 5453515.0603 ] ] ] } },
{ "type": "Feature", "properties": { "grid_id": 1232, "crime_count": 3.0, "name": "Kensington-Cedar Cottage" }, "geometry": { "type": "Polygon", "coordinates": [ [ [ 493573.558100000023842, 5453765.0603 ], [ 493573.558100000023842, 5454015.0603 ], [ 493823.558100000023842, 5454015.0603 ], [ 493823.558100000023842, 5453765.0603 ], [ 493573.558100000023842, 5453765.0603 ] ] ] } },
{ "type": "Feature", "properties": { "grid_id": 1233, "crime_count": 2.0, "name": "Kensington-Cedar Cottage" }, "geometry": { "type": "Polygon", "coordinates": [ [ [ 493573.558100000023842, 5454015.0603 ], [ 493573.558100000023842, 5454265.0603 ], [ 493823.558100000023842, 5454265.0603 ], [ 493823.558100000023842, 5454015.0603 ], [ 493573.558100000023842, 5454015.0603 ] ] ] } },
{ "type": "Feature", "properties": { "grid_id": 1234, "crime_count": 6.0, "name": "Kensington-Cedar Cottage" }, "geometry": { "type": "Polygon", "coordinates": [ [ [ 493573.558100000023842, 5454265.0603 ], [ 493573.558100000023842, 5454515.0603 ], [ 493823.558100000023842, 5454515.0603 ], [ 493823.558100000023842, 5454265.0603 ], [ 493573.558100000023842, 5454265.0603 ] ] ] } },
{ "type": "Feature", "properties": { "grid_id": 1235, "crime_count": 2.0, "name": "Kensington-Cedar Cottage" }, "geometry": { "type": "Polygon", "coordinates": [ [ [ 493573.558100000023842, 5454515.0603 ], [ 493573.558100000023842, 5454765.0603 ], [ 493823.558100000023842, 5454765.0603 ], [ 493823.558100000023842, 5454515.0603 ], [ 493573.558100000023842, 5454515.0603 ] ] ] } },
{ "type": "Feature", "properties": { "grid_id": 1236, "crime_count": 2.0, "name": "Kensington-Cedar Cottage" }, "geometry": { "type": "Polygon", "coordinates": [ [ [ 493573.558100000023842, 5454765.0603 ], [ 493573.558100000023842, 5455015.0603 ], [ 493823.558100000023842, 5455015.0603 ], [ 493823.558100000023842, 5454765.0603 ], [ 493573.558100000023842, 5454765.0603 ] ] ] } },
{ "type": "Feature", "properties": { "grid_id": 1237, "crime_count": 7.0, "name": "Kensington-Cedar Cottage" }, "geometry": { "type": "Polygon", "coordinates": [ [ [ 493573.558100000023842, 5455015.0603 ], [ 493573.558100000023842, 5455265.0603 ], [ 493823.558100000023842, 5455265.0603 ], [ 493823.558100000023842, 5455015.0603 ], [ 493573.558100000023842, 5455015.0603 ] ] ] } },
{ "type": "Feature", "properties": { "grid_id": 1238, "crime_count": 3.0, "name": "Kensington-Cedar Cottage" }, "geometry": { "type": "Polygon", "coordinates": [ [ [ 493573.558100000023842, 5455265.0603 ], [ 493573.558100000023842, 5455515.0603 ], [ 493823.558100000023842, 5455515.0603 ], [ 493823.558100000023842, 5455265.0603 ], [ 493573.558100000023842, 5455265.0603 ] ] ] } },
{ "type": "Feature", "properties": { "grid_id": 1239, "crime_count": 3.0, "name": "Kensington-Cedar Cottage" }, "geometry": { "type": "Polygon", "coordinates": [ [ [ 493573.558100000023842, 5455515.0603 ], [ 493573.558100000023842, 5455765.0603 ], [ 493823.558100000023842, 5455765.0603 ], [ 493823.558100000023842, 5455515.0603 ], [ 493573.558100000023842, 5455515.0603 ] ] ] } },
{ "type": "Feature", "properties": { "grid_id": 1240, "crime_count": 4.0, "name": "Kensington-Cedar Cottage" }, "geometry": { "type": "Polygon", "coordinates": [ [ [ 493573.558100000023842, 5455765.0603 ], [ 493573.558100000023842, 5456015.0603 ], [ 493823.558100000023842, 5456015.0603 ], [ 493823.558100000023842, 5455765.0603 ], [ 493573.558100000023842, 5455765.0603 ] ] ] } },
{ "type": "Feature", "properties": { "grid_id": 1241, "crime_count": 5.0, "name": "Mount Pleasant" }, "geometry": { "type": "Polygon", "coordinates": [ [ [ 493573.558100000023842, 5456015.0603 ], [ 493573.558100000023842, 5456265.0603 ], [ 493823.558100000023842, 5456265.0603 ], [ 493823.558100000023842, 5456015.0603 ], [ 493573.558100000023842, 5456015.0603 ] ] ] } },
{ "type": "Feature", "properties": { "grid_id": 1242, "crime_count": 0.0, "name": "Mount Pleasant" }, "geometry": { "type": "Polygon", "coordinates": [ [ [ 493573.558100000023842, 5456265.0603 ], [ 493573.558100000023842, 5456515.0603 ], [ 493823.558100000023842, 5456515.0603 ], [ 493823.558100000023842, 5456265.0603 ], [ 493573.558100000023842, 5456265.0603 ] ] ] } },
{ "type": "Feature", "properties": { "grid_id": 1243, "crime_count": 9.0, "name": "Mount Pleasant" }, "geometry": { "type": "Polygon", "coordinates": [ [ [ 493573.558100000023842, 5456515.0603 ], [ 493573.558100000023842, 5456765.0603 ], [ 493823.558100000023842, 5456765.0603 ], [ 493823.558100000023842, 5456515.0603 ], [ 493573.558100000023842, 5456515.0603 ] ] ] } },
{ "type": "Feature", "properties": { "grid_id": 1244, "crime_count": 4.0, "name": "Mount Pleasant" }, "geometry": { "type": "Polygon", "coordinates": [ [ [ 493573.558100000023842, 5456765.0603 ], [ 493573.558100000023842, 5457015.0603 ], [ 493823.558100000023842, 5457015.0603 ], [ 493823.558100000023842, 5456765.0603 ], [ 493573.558100000023842, 5456765.0603 ] ] ] } },
{ "type": "Feature", "properties": { "grid_id": 1245, "crime_count": 1.0, "name": "Strathcona" }, "geometry": { "type": "Polygon", "coordinates": [ [ [ 493573.558100000023842, 5457015.0603 ], [ 493573.558100000023842, 5457265.0603 ], [ 493823.558100000023842, 5457265.0603 ], [ 493823.558100000023842, 5457015.0603 ], [ 493573.558100000023842, 5457015.0603 ] ] ] } },
{ "type": "Feature", "properties": { "grid_id": 1246, "crime_count": 2.0, "name": "Strathcona" }, "geometry": { "type": "Polygon", "coordinates": [ [ [ 493573.558100000023842, 5457265.0603 ], [ 493573.558100000023842, 5457515.0603 ], [ 493823.558100000023842, 5457515.0603 ], [ 493823.558100000023842, 5457265.0603 ], [ 493573.558100000023842, 5457265.0603 ] ] ] } },
{ "type": "Feature", "properties": { "grid_id": 1247, "crime_count": 4.0, "name": "Strathcona" }, "geometry": { "type": "Polygon", "coordinates": [ [ [ 493573.558100000023842, 5457515.0603 ], [ 493573.558100000023842, 5457765.0603 ], [ 493823.558100000023842, 5457765.0603 ], [ 493823.558100000023842, 5457515.0603 ], [ 493573.558100000023842, 5457515.0603 ] ] ] } },
{ "type": "Feature", "properties": { "grid_id": 1248, "crime_count": 1.0, "name": "Strathcona" }, "geometry": { "type": "Polygon", "coordinates": [ [ [ 493573.558100000023842, 5457765.0603 ], [ 493573.558100000023842, 5458015.0603 ], [ 493823.558100000023842, 5458015.0603 ], [ 493823.558100000023842, 5457765.0603 ], [ 493573.558100000023842, 5457765.0603 ] ] ] } },
{ "type": "Feature", "properties": { "grid_id": 1249, "crime_count": 2.0, "name": "Strathcona" }, "geometry": { "type": "Polygon", "coordinates": [ [ [ 493573.558100000023842, 5458015.0603 ], [ 493573.558100000023842, 5458265.0603 ], [ 493823.558100000023842, 5458265.0603 ], [ 493823.558100000023842, 5458015.0603 ], [ 493573.558100000023842, 5458015.0603 ] ] ] } },
{ "type": "Feature", "properties": { "grid_id": 1250, "crime_count": 12.0, "name": "Strathcona" }, "geometry": { "type": "Polygon", "coordinates": [ [ [ 493573.558100000023842, 5458265.0603 ], [ 493573.558100000023842, 5458515.0603 ], [ 493823.558100000023842, 5458515.0603 ], [ 493823.558100000023842, 5458265.0603 ], [ 493573.558100000023842, 5458265.0603 ] ] ] } },
{ "type": "Feature", "properties": { "grid_id": 1251, "crime_count": 6.0, "name": "Strathcona" }, "geometry": { "type": "Polygon", "coordinates": [ [ [ 493573.558100000023842, 5458515.0603 ], [ 493573.558100000023842, 5458765.0603 ], [ 493823.558100000023842, 5458765.0603 ], [ 493823.558100000023842, 5458515.0603 ], [ 493573.558100000023842, 5458515.0603 ] ] ] } },
{ "type": "Feature", "properties": { "grid_id": 1252, "crime_count": 10.0, "name": "Strathcona" }, "geometry": { "type": "Polygon", "coordinates": [ [ [ 493573.558100000023842, 5458765.0603 ], [ 493573.558100000023842, 5459015.0603 ], [ 493823.558100000023842, 5459015.0603 ], [ 493823.558100000023842, 5458765.0603 ], [ 493573.558100000023842, 5458765.0603 ] ] ] } },
{ "type": "Feature", "properties": { "grid_id": 1253, "crime_count": 0.0, "name": "Strathcona" }, "geometry": { "type": "Polygon", "coordinates": [ [ [ 493573.558100000023842, 5459015.0603 ], [ 493573.558100000023842, 5459265.0603 ], [ 493823.558100000023842, 5459265.0603 ], [ 493823.558100000023842, 5459015.0603 ], [ 493573.558100000023842, 5459015.0603 ] ] ] } },
{ "type": "Feature", "properties": { "grid_id": 1254, "crime_count": 0.0, "name": "Strathcona" }, "geometry": { "type": "Polygon", "coordinates": [ [ [ 493573.558100000023842, 5459265.0603 ], [ 493573.558100000023842, 5459515.0603 ], [ 493823.558100000023842, 5459515.0603 ], [ 493823.558100000023842, 5459265.0603 ], [ 493573.558100000023842, 5459265.0603 ] ] ] } },
{ "type": "Feature", "properties": { "grid_id": 1255, "crime_count": 0.0, "name": "Strathcona" }, "geometry": { "type": "Polygon", "coordinates": [ [ [ 493823.558100000023842, 5459515.0603 ], [ 493573.558100000023842, 5459515.0603 ], [ 493573.558100000023842, 5459745.943442744202912 ], [ 493823.558100000023842, 5459739.615759089589119 ], [ 493823.558100000023842, 5459515.0603 ] ] ] } },
{ "type": "Feature", "properties": { "grid_id": 1256, "crime_count": 0.0, "name": "Sunset" }, "geometry": { "type": "Polygon", "coordinates": [ [ [ 493823.558100000023842, 5450515.0603 ], [ 494073.558100000023842, 5450515.0603 ], [ 494073.558100000023842, 5450416.085978739894927 ], [ 494063.769003029970918, 5450412.582448364235461 ], [ 493823.558100000023842, 5450322.454812581650913 ], [ 493823.558100000023842, 5450515.0603 ] ] ] } },
{ "type": "Feature", "properties": { "grid_id": 1257, "crime_count": 1.0, "name": "Sunset" }, "geometry": { "type": "Polygon", "coordinates": [ [ [ 493823.558100000023842, 5450515.0603 ], [ 493823.558100000023842, 5450765.0603 ], [ 494073.558100000023842, 5450765.0603 ], [ 494073.558100000023842, 5450515.0603 ], [ 493823.558100000023842, 5450515.0603 ] ] ] } },
{ "type": "Feature", "properties": { "grid_id": 1258, "crime_count": 4.0, "name": "Sunset" }, "geometry": { "type": "Polygon", "coordinates": [ [ [ 493823.558100000023842, 5450765.0603 ], [ 493823.558100000023842, 5451015.0603 ], [ 494073.558100000023842, 5451015.0603 ], [ 494073.558100000023842, 5450765.0603 ], [ 493823.558100000023842, 5450765.0603 ] ] ] } },
{ "type": "Feature", "properties": { "grid_id": 1259, "crime_count": 2.0, "name": "Sunset" }, "geometry": { "type": "Polygon", "coordinates": [ [ [ 493823.558100000023842, 5451015.0603 ], [ 493823.558100000023842, 5451265.0603 ], [ 494073.558100000023842, 5451265.0603 ], [ 494073.558100000023842, 5451015.0603 ], [ 493823.558100000023842, 5451015.0603 ] ] ] } },
{ "type": "Feature", "properties": { "grid_id": 1260, "crime_count": 3.0, "name": "Sunset" }, "geometry": { "type": "Polygon", "coordinates": [ [ [ 493823.558100000023842, 5451265.0603 ], [ 493823.558100000023842, 5451515.0603 ], [ 494073.558100000023842, 5451515.0603 ], [ 494073.558100000023842, 5451265.0603 ], [ 493823.558100000023842, 5451265.0603 ] ] ] } },
{ "type": "Feature", "properties": { "grid_id": 1261, "crime_count": 1.0, "name": "Sunset" }, "geometry": { "type": "Polygon", "coordinates": [ [ [ 493823.558100000023842, 5451515.0603 ], [ 493823.558100000023842, 5451765.0603 ], [ 494073.558100000023842, 5451765.0603 ], [ 494073.558100000023842, 5451515.0603 ], [ 493823.558100000023842, 5451515.0603 ] ] ] } },
{ "type": "Feature", "properties": { "grid_id": 1262, "crime_count": 3.0, "name": "Sunset" }, "geometry": { "type": "Polygon", "coordinates": [ [ [ 493823.558100000023842, 5451765.0603 ], [ 493823.558100000023842, 5452015.0603 ], [ 494073.558100000023842, 5452015.0603 ], [ 494073.558100000023842, 5451765.0603 ], [ 493823.558100000023842, 5451765.0603 ] ] ] } },
{ "type": "Feature", "properties": { "grid_id": 1263, "crime_count": 0.0, "name": "Sunset" }, "geometry": { "type": "Polygon", "coordinates": [ [ [ 493823.558100000023842, 5452015.0603 ], [ 493823.558100000023842, 5452265.0603 ], [ 494073.558100000023842, 5452265.0603 ], [ 494073.558100000023842, 5452015.0603 ], [ 493823.558100000023842, 5452015.0603 ] ] ] } },
{ "type": "Feature", "properties": { "grid_id": 1264, "crime_count": 3.0, "name": "Sunset" }, "geometry": { "type": "Polygon", "coordinates": [ [ [ 493823.558100000023842, 5452265.0603 ], [ 493823.558100000023842, 5452515.0603 ], [ 494073.558100000023842, 5452515.0603 ], [ 494073.558100000023842, 5452265.0603 ], [ 493823.558100000023842, 5452265.0603 ] ] ] } },
{ "type": "Feature", "properties": { "grid_id": 1265, "crime_count": 0.0, "name": "Sunset" }, "geometry": { "type": "Polygon", "coordinates": [ [ [ 493823.558100000023842, 5452515.0603 ], [ 493823.558100000023842, 5452765.0603 ], [ 494073.558100000023842, 5452765.0603 ], [ 494073.558100000023842, 5452515.0603 ], [ 493823.558100000023842, 5452515.0603 ] ] ] } },
{ "type": "Feature", "properties": { "grid_id": 1266, "crime_count": 0.0, "name": "Sunset" }, "geometry": { "type": "Polygon", "coordinates": [ [ [ 493823.558100000023842, 5452765.0603 ], [ 493823.558100000023842, 5453015.0603 ], [ 494073.558100000023842, 5453015.0603 ], [ 494073.558100000023842, 5452765.0603 ], [ 493823.558100000023842, 5452765.0603 ] ] ] } },
{ "type": "Feature", "properties": { "grid_id": 1267, "crime_count": 1.0, "name": "Sunset" }, "geometry": { "type": "Polygon", "coordinates": [ [ [ 493823.558100000023842, 5453015.0603 ], [ 493823.558100000023842, 5453265.0603 ], [ 494073.558100000023842, 5453265.0603 ], [ 494073.558100000023842, 5453015.0603 ], [ 493823.558100000023842, 5453015.0603 ] ] ] } },
{ "type": "Feature", "properties": { "grid_id": 1268, "crime_count": 2.0, "name": "Kensington-Cedar Cottage" }, "geometry": { "type": "Polygon", "coordinates": [ [ [ 493823.558100000023842, 5453265.0603 ], [ 493823.558100000023842, 5453515.0603 ], [ 494073.558100000023842, 5453515.0603 ], [ 494073.558100000023842, 5453265.0603 ], [ 493823.558100000023842, 5453265.0603 ] ] ] } },
{ "type": "Feature", "properties": { "grid_id": 1269, "crime_count": 3.0, "name": "Kensington-Cedar Cottage" }, "geometry": { "type": "Polygon", "coordinates": [ [ [ 493823.558100000023842, 5453515.0603 ], [ 493823.558100000023842, 5453765.0603 ], [ 494073.558100000023842, 5453765.0603 ], [ 494073.558100000023842, 5453515.0603 ], [ 493823.558100000023842, 5453515.0603 ] ] ] } },
{ "type": "Feature", "properties": { "grid_id": 1270, "crime_count": 2.0, "name": "Kensington-Cedar Cottage" }, "geometry": { "type": "Polygon", "coordinates": [ [ [ 493823.558100000023842, 5453765.0603 ], [ 493823.558100000023842, 5454015.0603 ], [ 494073.558100000023842, 5454015.0603 ], [ 494073.558100000023842, 5453765.0603 ], [ 493823.558100000023842, 5453765.0603 ] ] ] } },
{ "type": "Feature", "properties": { "grid_id": 1271, "crime_count": 0.0, "name": "Kensington-Cedar Cottage" }, "geometry": { "type": "Polygon", "coordinates": [ [ [ 493823.558100000023842, 5454015.0603 ], [ 493823.558100000023842, 5454265.0603 ], [ 494073.558100000023842, 5454265.0603 ], [ 494073.558100000023842, 5454015.0603 ], [ 493823.558100000023842, 5454015.0603 ] ] ] } },
{ "type": "Feature", "properties": { "grid_id": 1272, "crime_count": 3.0, "name": "Kensington-Cedar Cottage" }, "geometry": { "type": "Polygon", "coordinates": [ [ [ 493823.558100000023842, 5454265.0603 ], [ 493823.558100000023842, 5454515.0603 ], [ 494073.558100000023842, 5454515.0603 ], [ 494073.558100000023842, 5454265.0603 ], [ 493823.558100000023842, 5454265.0603 ] ] ] } },
{ "type": "Feature", "properties": { "grid_id": 1273, "crime_count": 2.0, "name": "Kensington-Cedar Cottage" }, "geometry": { "type": "Polygon", "coordinates": [ [ [ 493823.558100000023842, 5454515.0603 ], [ 493823.558100000023842, 5454765.0603 ], [ 494073.558100000023842, 5454765.0603 ], [ 494073.558100000023842, 5454515.0603 ], [ 493823.558100000023842, 5454515.0603 ] ] ] } },
{ "type": "Feature", "properties": { "grid_id": 1274, "crime_count": 1.0, "name": "Kensington-Cedar Cottage" }, "geometry": { "type": "Polygon", "coordinates": [ [ [ 493823.558100000023842, 5454765.0603 ], [ 493823.558100000023842, 5455015.0603 ], [ 494073.558100000023842, 5455015.0603 ], [ 494073.558100000023842, 5454765.0603 ], [ 493823.558100000023842, 5454765.0603 ] ] ] } },
{ "type": "Feature", "properties": { "grid_id": 1275, "crime_count": 1.0, "name": "Kensington-Cedar Cottage" }, "geometry": { "type": "Polygon", "coordinates": [ [ [ 493823.558100000023842, 5455015.0603 ], [ 493823.558100000023842, 5455265.0603 ], [ 494073.558100000023842, 5455265.0603 ], [ 494073.558100000023842, 5455015.0603 ], [ 493823.558100000023842, 5455015.0603 ] ] ] } },
{ "type": "Feature", "properties": { "grid_id": 1276, "crime_count": 8.0, "name": "Kensington-Cedar Cottage" }, "geometry": { "type": "Polygon", "coordinates": [ [ [ 493823.558100000023842, 5455265.0603 ], [ 493823.558100000023842, 5455515.0603 ], [ 494073.558100000023842, 5455515.0603 ], [ 494073.558100000023842, 5455265.0603 ], [ 493823.558100000023842, 5455265.0603 ] ] ] } },
{ "type": "Feature", "properties": { "grid_id": 1277, "crime_count": 10.0, "name": "Kensington-Cedar Cottage" }, "geometry": { "type": "Polygon", "coordinates": [ [ [ 493823.558100000023842, 5455515.0603 ], [ 493823.558100000023842, 5455765.0603 ], [ 494073.558100000023842, 5455765.0603 ], [ 494073.558100000023842, 5455515.0603 ], [ 493823.558100000023842, 5455515.0603 ] ] ] } },
{ "type": "Feature", "properties": { "grid_id": 1278, "crime_count": 2.0, "name": "Kensington-Cedar Cottage" }, "geometry": { "type": "Polygon", "coordinates": [ [ [ 493823.558100000023842, 5455765.0603 ], [ 493823.558100000023842, 5456015.0603 ], [ 494073.558100000023842, 5456015.0603 ], [ 494073.558100000023842, 5455765.0603 ], [ 493823.558100000023842, 5455765.0603 ] ] ] } },
{ "type": "Feature", "properties": { "grid_id": 1279, "crime_count": 5.0, "name": "Mount Pleasant" }, "geometry": { "type": "Polygon", "coordinates": [ [ [ 493823.558100000023842, 5456015.0603 ], [ 493823.558100000023842, 5456265.0603 ], [ 494073.558100000023842, 5456265.0603 ], [ 494073.558100000023842, 5456015.0603 ], [ 493823.558100000023842, 5456015.0603 ] ] ] } },
{ "type": "Feature", "properties": { "grid_id": 1280, "crime_count": 1.0, "name": "Mount Pleasant" }, "geometry": { "type": "Polygon", "coordinates": [ [ [ 493823.558100000023842, 5456265.0603 ], [ 493823.558100000023842, 5456515.0603 ], [ 494073.558100000023842, 5456515.0603 ], [ 494073.558100000023842, 5456265.0603 ], [ 493823.558100000023842, 5456265.0603 ] ] ] } },
{ "type": "Feature", "properties": { "grid_id": 1281, "crime_count": 3.0, "name": "Mount Pleasant" }, "geometry": { "type": "Polygon", "coordinates": [ [ [ 493823.558100000023842, 5456515.0603 ], [ 493823.558100000023842, 5456765.0603 ], [ 494073.558100000023842, 5456765.0603 ], [ 494073.558100000023842, 5456515.0603 ], [ 493823.558100000023842, 5456515.0603 ] ] ] } },
{ "type": "Feature", "properties": { "grid_id": 1282, "crime_count": 3.0, "name": "Mount Pleasant" }, "geometry": { "type": "Polygon", "coordinates": [ [ [ 494073.558100000023842, 5456765.0603 ], [ 493823.558100000023842, 5456765.0603 ], [ 493823.558100000023842, 5457015.0603 ], [ 494073.558100000023842, 5457015.0603 ], [ 494073.558100000023842, 5456940.009036068804562 ], [ 494055.263039379788097, 5456943.418021626770496 ], [ 494036.951440768956672, 5456948.526821852661669 ], [ 494049.158710662566591, 5456944.696866946294904 ], [ 494061.366913119622041, 5456941.715101778507233 ], [ 494073.558100000023842, 5456939.161108188331127 ], [ 494073.558100000023842, 5456765.0603 ] ] ] } },
{ "type": "Feature", "properties": { "grid_id": 1283, "crime_count": 0.0, "name": "Strathcona" }, "geometry": { "type": "Polygon", "coordinates": [ [ [ 493823.558100000023842, 5457015.0603 ], [ 493823.558100000023842, 5457265.0603 ], [ 494073.558100000023842, 5457265.0603 ], [ 494073.558100000023842, 5457015.0603 ], [ 493823.558100000023842, 5457015.0603 ] ] ] } },
{ "type": "Feature", "properties": { "grid_id": 1284, "crime_count": 105.0, "name": "Strathcona" }, "geometry": { "type": "Polygon", "coordinates": [ [ [ 493823.558100000023842, 5457265.0603 ], [ 493823.558100000023842, 5457515.0603 ], [ 494073.558100000023842, 5457515.0603 ], [ 494073.558100000023842, 5457265.0603 ], [ 493823.558100000023842, 5457265.0603 ] ] ] } },
{ "type": "Feature", "properties": { "grid_id": 1285, "crime_count": 1.0, "name": "Strathcona" }, "geometry": { "type": "Polygon", "coordinates": [ [ [ 493823.558100000023842, 5457515.0603 ], [ 493823.558100000023842, 5457765.0603 ], [ 494073.558100000023842, 5457765.0603 ], [ 494073.558100000023842, 5457515.0603 ], [ 493823.558100000023842, 5457515.0603 ] ] ] } },
{ "type": "Feature", "properties": { "grid_id": 1286, "crime_count": 1.0, "name": "Strathcona" }, "geometry": { "type": "Polygon", "coordinates": [ [ [ 493823.558100000023842, 5457765.0603 ], [ 493823.558100000023842, 5458015.0603 ], [ 494073.558100000023842, 5458015.0603 ], [ 494073.558100000023842, 5457765.0603 ], [ 493823.558100000023842, 5457765.0603 ] ] ] } },
{ "type": "Feature", "properties": { "grid_id": 1287, "crime_count": 4.0, "name": "Strathcona" }, "geometry": { "type": "Polygon", "coordinates": [ [ [ 493823.558100000023842, 5458015.0603 ], [ 493823.558100000023842, 5458265.0603 ], [ 494073.558100000023842, 5458265.0603 ], [ 494073.558100000023842, 5458015.0603 ], [ 493823.558100000023842, 5458015.0603 ] ] ] } },
{ "type": "Feature", "properties": { "grid_id": 1288, "crime_count": 8.0, "name": "Strathcona" }, "geometry": { "type": "Polygon", "coordinates": [ [ [ 493823.558100000023842, 5458265.0603 ], [ 493823.558100000023842, 5458515.0603 ], [ 494073.558100000023842, 5458515.0603 ], [ 494073.558100000023842, 5458265.0603 ], [ 493823.558100000023842, 5458265.0603 ] ] ] } },
{ "type": "Feature", "properties": { "grid_id": 1289, "crime_count": 25.0, "name": "Strathcona" }, "geometry": { "type": "Polygon", "coordinates": [ [ [ 493823.558100000023842, 5458515.0603 ], [ 493823.558100000023842, 5458765.0603 ], [ 494073.558100000023842, 5458765.0603 ], [ 494073.558100000023842, 5458515.0603 ], [ 493823.558100000023842, 5458515.0603 ] ] ] } },
{ "type": "Feature", "properties": { "grid_id": 1290, "crime_count": 9.0, "name": "Strathcona" }, "geometry": { "type": "Polygon", "coordinates": [ [ [ 493823.558100000023842, 5458765.0603 ], [ 493823.558100000023842, 5459015.0603 ], [ 494073.558100000023842, 5459015.0603 ], [ 494073.558100000023842, 5458765.0603 ], [ 493823.558100000023842, 5458765.0603 ] ] ] } },
{ "type": "Feature", "properties": { "grid_id": 1291, "crime_count": 0.0, "name": "Strathcona" }, "geometry": { "type": "Polygon", "coordinates": [ [ [ 493823.558100000023842, 5459015.0603 ], [ 493823.558100000023842, 5459265.0603 ], [ 494073.558100000023842, 5459265.0603 ], [ 494073.558100000023842, 5459015.0603 ], [ 493823.558100000023842, 5459015.0603 ] ] ] } },
{ "type": "Feature", "properties": { "grid_id": 1292, "crime_count": 0.0, "name": "Strathcona" }, "geometry": { "type": "Polygon", "coordinates": [ [ [ 493823.558100000023842, 5459265.0603 ], [ 493823.558100000023842, 5459515.0603 ], [ 494073.558100000023842, 5459515.0603 ], [ 494073.558100000023842, 5459265.0603 ], [ 493823.558100000023842, 5459265.0603 ] ] ] } },
{ "type": "Feature", "properties": { "grid_id": 1293, "crime_count": 0.0, "name": "Strathcona" }, "geometry": { "type": "Polygon", "coordinates": [ [ [ 494073.558100000023842, 5459515.0603 ], [ 493823.558100000023842, 5459515.0603 ], [ 493823.558100000023842, 5459739.615759089589119 ], [ 494073.558100000023842, 5459733.288075434044003 ], [ 494073.558100000023842, 5459515.0603 ] ] ] } },
{ "type": "Feature", "properties": { "grid_id": 1294, "crime_count": 0.0, "name": "Sunset" }, "geometry": { "type": "Polygon", "coordinates": [ [ [ 494073.558100000023842, 5450515.0603 ], [ 494297.650858304230496, 5450515.0603 ], [ 494277.820870295516215, 5450507.349455064162612 ], [ 494253.35799593932461, 5450496.348888105712831 ], [ 494229.449407416861504, 5450484.075616979040205 ], [ 494176.07159433036577, 5450456.566715545020998 ], [ 494120.4744343921775, 5450432.877395065501332 ], [ 494073.558100000023842, 5450416.085978739894927 ], [ 494073.558100000023842, 5450515.0603 ] ] ] } },
{ "type": "Feature", "properties": { "grid_id": 1295, "crime_count": 0.0, "name": "Sunset" }, "geometry": { "type": "Polygon", "coordinates": [ [ [ 494073.558100000023842, 5450515.0603 ], [ 494073.558100000023842, 5450765.0603 ], [ 494323.558100000023842, 5450765.0603 ], [ 494323.558100000023842, 5450523.928386073559523 ], [ 494302.838044077914674, 5450517.077325181104243 ], [ 494297.650858304230496, 5450515.0603 ], [ 494073.558100000023842, 5450515.0603 ] ] ] } },
{ "type": "Feature", "properties": { "grid_id": 1296, "crime_count": 0.0, "name": "Sunset" }, "geometry": { "type": "Polygon", "coordinates": [ [ [ 494073.558100000023842, 5450765.0603 ], [ 494073.558100000023842, 5451015.0603 ], [ 494323.558100000023842, 5451015.0603 ], [ 494323.558100000023842, 5450765.0603 ], [ 494073.558100000023842, 5450765.0603 ] ] ] } },
{ "type": "Feature", "properties": { "grid_id": 1297, "crime_count": 3.0, "name": "Sunset" }, "geometry": { "type": "Polygon", "coordinates": [ [ [ 494073.558100000023842, 5451015.0603 ], [ 494073.558100000023842, 5451265.0603 ], [ 494323.558100000023842, 5451265.0603 ], [ 494323.558100000023842, 5451015.0603 ], [ 494073.558100000023842, 5451015.0603 ] ] ] } },
{ "type": "Feature", "properties": { "grid_id": 1298, "crime_count": 5.0, "name": "Sunset" }, "geometry": { "type": "Polygon", "coordinates": [ [ [ 494073.558100000023842, 5451265.0603 ], [ 494073.558100000023842, 5451515.0603 ], [ 494323.558100000023842, 5451515.0603 ], [ 494323.558100000023842, 5451265.0603 ], [ 494073.558100000023842, 5451265.0603 ] ] ] } },
{ "type": "Feature", "properties": { "grid_id": 1299, "crime_count": 0.0, "name": "Sunset" }, "geometry": { "type": "Polygon", "coordinates": [ [ [ 494073.558100000023842, 5451515.0603 ], [ 494073.558100000023842, 5451765.0603 ], [ 494323.558100000023842, 5451765.0603 ], [ 494323.558100000023842, 5451515.0603 ], [ 494073.558100000023842, 5451515.0603 ] ] ] } },
{ "type": "Feature", "properties": { "grid_id": 1300, "crime_count": 5.0, "name": "Sunset" }, "geometry": { "type": "Polygon", "coordinates": [ [ [ 494073.558100000023842, 5451765.0603 ], [ 494073.558100000023842, 5452015.0603 ], [ 494323.558100000023842, 5452015.0603 ], [ 494323.558100000023842, 5451765.0603 ], [ 494073.558100000023842, 5451765.0603 ] ] ] } },
{ "type": "Feature", "properties": { "grid_id": 1301, "crime_count": 1.0, "name": "Sunset" }, "geometry": { "type": "Polygon", "coordinates": [ [ [ 494073.558100000023842, 5452015.0603 ], [ 494073.558100000023842, 5452265.0603 ], [ 494323.558100000023842, 5452265.0603 ], [ 494323.558100000023842, 5452015.0603 ], [ 494073.558100000023842, 5452015.0603 ] ] ] } },
{ "type": "Feature", "properties": { "grid_id": 1302, "crime_count": 1.0, "name": "Sunset" }, "geometry": { "type": "Polygon", "coordinates": [ [ [ 494073.558100000023842, 5452265.0603 ], [ 494073.558100000023842, 5452515.0603 ], [ 494323.558100000023842, 5452515.0603 ], [ 494323.558100000023842, 5452265.0603 ], [ 494073.558100000023842, 5452265.0603 ] ] ] } },
{ "type": "Feature", "properties": { "grid_id": 1303, "crime_count": 0.0, "name": "Sunset" }, "geometry": { "type": "Polygon", "coordinates": [ [ [ 494073.558100000023842, 5452515.0603 ], [ 494073.558100000023842, 5452765.0603 ], [ 494323.558100000023842, 5452765.0603 ], [ 494323.558100000023842, 5452515.0603 ], [ 494073.558100000023842, 5452515.0603 ] ] ] } },
{ "type": "Feature", "properties": { "grid_id": 1304, "crime_count": 0.0, "name": "Sunset" }, "geometry": { "type": "Polygon", "coordinates": [ [ [ 494073.558100000023842, 5452765.0603 ], [ 494073.558100000023842, 5453015.0603 ], [ 494323.558100000023842, 5453015.0603 ], [ 494323.558100000023842, 5452765.0603 ], [ 494073.558100000023842, 5452765.0603 ] ] ] } },
{ "type": "Feature", "properties": { "grid_id": 1305, "crime_count": 1.0, "name": "Sunset" }, "geometry": { "type": "Polygon", "coordinates": [ [ [ 494073.558100000023842, 5453015.0603 ], [ 494073.558100000023842, 5453265.0603 ], [ 494323.558100000023842, 5453265.0603 ], [ 494323.558100000023842, 5453015.0603 ], [ 494073.558100000023842, 5453015.0603 ] ] ] } },
{ "type": "Feature", "properties": { "grid_id": 1306, "crime_count": 6.0, "name": "Kensington-Cedar Cottage" }, "geometry": { "type": "Polygon", "coordinates": [ [ [ 494073.558100000023842, 5453265.0603 ], [ 494073.558100000023842, 5453515.0603 ], [ 494323.558100000023842, 5453515.0603 ], [ 494323.558100000023842, 5453265.0603 ], [ 494073.558100000023842, 5453265.0603 ] ] ] } },
{ "type": "Feature", "properties": { "grid_id": 1307, "crime_count": 1.0, "name": "Kensington-Cedar Cottage" }, "geometry": { "type": "Polygon", "coordinates": [ [ [ 494073.558100000023842, 5453515.0603 ], [ 494073.558100000023842, 5453765.0603 ], [ 494323.558100000023842, 5453765.0603 ], [ 494323.558100000023842, 5453515.0603 ], [ 494073.558100000023842, 5453515.0603 ] ] ] } },
{ "type": "Feature", "properties": { "grid_id": 1308, "crime_count": 2.0, "name": "Kensington-Cedar Cottage" }, "geometry": { "type": "Polygon", "coordinates": [ [ [ 494073.558100000023842, 5453765.0603 ], [ 494073.558100000023842, 5454015.0603 ], [ 494323.558100000023842, 5454015.0603 ], [ 494323.558100000023842, 5453765.0603 ], [ 494073.558100000023842, 5453765.0603 ] ] ] } },
{ "type": "Feature", "properties": { "grid_id": 1309, "crime_count": 3.0, "name": "Kensington-Cedar Cottage" }, "geometry": { "type": "Polygon", "coordinates": [ [ [ 494073.558100000023842, 5454015.0603 ], [ 494073.558100000023842, 5454265.0603 ], [ 494323.558100000023842, 5454265.0603 ], [ 494323.558100000023842, 5454015.0603 ], [ 494073.558100000023842, 5454015.0603 ] ] ] } },
{ "type": "Feature", "properties": { "grid_id": 1310, "crime_count": 0.0, "name": "Kensington-Cedar Cottage" }, "geometry": { "type": "Polygon", "coordinates": [ [ [ 494073.558100000023842, 5454265.0603 ], [ 494073.558100000023842, 5454515.0603 ], [ 494323.558100000023842, 5454515.0603 ], [ 494323.558100000023842, 5454265.0603 ], [ 494073.558100000023842, 5454265.0603 ] ] ] } },
{ "type": "Feature", "properties": { "grid_id": 1311, "crime_count": 1.0, "name": "Kensington-Cedar Cottage" }, "geometry": { "type": "Polygon", "coordinates": [ [ [ 494073.558100000023842, 5454515.0603 ], [ 494073.558100000023842, 5454765.0603 ], [ 494323.558100000023842, 5454765.0603 ], [ 494323.558100000023842, 5454515.0603 ], [ 494073.558100000023842, 5454515.0603 ] ] ] } },
{ "type": "Feature", "properties": { "grid_id": 1312, "crime_count": 2.0, "name": "Kensington-Cedar Cottage" }, "geometry": { "type": "Polygon", "coordinates": [ [ [ 494073.558100000023842, 5454765.0603 ], [ 494073.558100000023842, 5455015.0603 ], [ 494323.558100000023842, 5455015.0603 ], [ 494323.558100000023842, 5454765.0603 ], [ 494073.558100000023842, 5454765.0603 ] ] ] } },
{ "type": "Feature", "properties": { "grid_id": 1313, "crime_count": 6.0, "name": "Kensington-Cedar Cottage" }, "geometry": { "type": "Polygon", "coordinates": [ [ [ 494073.558100000023842, 5455015.0603 ], [ 494073.558100000023842, 5455265.0603 ], [ 494323.558100000023842, 5455265.0603 ], [ 494323.558100000023842, 5455015.0603 ], [ 494073.558100000023842, 5455015.0603 ] ] ] } },
{ "type": "Feature", "properties": { "grid_id": 1314, "crime_count": 3.0, "name": "Kensington-Cedar Cottage" }, "geometry": { "type": "Polygon", "coordinates": [ [ [ 494073.558100000023842, 5455265.0603 ], [ 494073.558100000023842, 5455515.0603 ], [ 494323.558100000023842, 5455515.0603 ], [ 494323.558100000023842, 5455265.0603 ], [ 494073.558100000023842, 5455265.0603 ] ] ] } },
{ "type": "Feature", "properties": { "grid_id": 1315, "crime_count": 2.0, "name": "Kensington-Cedar Cottage" }, "geometry": { "type": "Polygon", "coordinates": [ [ [ 494073.558100000023842, 5455515.0603 ], [ 494073.558100000023842, 5455765.0603 ], [ 494323.558100000023842, 5455765.0603 ], [ 494323.558100000023842, 5455515.0603 ], [ 494073.558100000023842, 5455515.0603 ] ] ] } },
{ "type": "Feature", "properties": { "grid_id": 1316, "crime_count": 2.0, "name": "Kensington-Cedar Cottage" }, "geometry": { "type": "Polygon", "coordinates": [ [ [ 494073.558100000023842, 5455765.0603 ], [ 494073.558100000023842, 5456015.0603 ], [ 494323.558100000023842, 5456015.0603 ], [ 494323.558100000023842, 5455765.0603 ], [ 494073.558100000023842, 5455765.0603 ] ] ] } },
{ "type": "Feature", "properties": { "grid_id": 1317, "crime_count": 4.0, "name": "Mount Pleasant" }, "geometry": { "type": "Polygon", "coordinates": [ [ [ 494073.558100000023842, 5456015.0603 ], [ 494073.558100000023842, 5456265.0603 ], [ 494323.558100000023842, 5456265.0603 ], [ 494323.558100000023842, 5456015.0603 ], [ 494073.558100000023842, 5456015.0603 ] ] ] } },
{ "type": "Feature", "properties": { "grid_id": 1318, "crime_count": 2.0, "name": "Mount Pleasant" }, "geometry": { "type": "Polygon", "coordinates": [ [ [ 494073.558100000023842, 5456265.0603 ], [ 494073.558100000023842, 5456515.0603 ], [ 494323.558100000023842, 5456515.0603 ], [ 494323.558100000023842, 5456265.0603 ], [ 494073.558100000023842, 5456265.0603 ] ] ] } },
{ "type": "Feature", "properties": { "grid_id": 1319, "crime_count": 3.0, "name": "Mount Pleasant" }, "geometry": { "type": "Polygon", "coordinates": [ [ [ 494073.558100000023842, 5456515.0603 ], [ 494073.558100000023842, 5456765.0603 ], [ 494323.558100000023842, 5456765.0603 ], [ 494323.558100000023842, 5456515.0603 ], [ 494073.558100000023842, 5456515.0603 ] ] ] } },
{ "type": "Feature", "properties": { "grid_id": 1320, "crime_count": 3.0, "name": "Mount Pleasant" }, "geometry": { "type": "Polygon", "coordinates": [ [ [ 494073.558100000023842, 5457015.0603 ], [ 494323.558100000023842, 5457015.0603 ], [ 494323.558100000023842, 5456765.0603 ], [ 494073.558100000023842, 5456765.0603 ], [ 494073.558100000023842, 5456939.161108188331127 ], [ 494073.57558562484337, 5456939.157445035874844 ], [ 494085.785181276150979, 5456937.447978018783033 ], [ 494098.550304260163102, 5456936.16202393732965 ], [ 494110.761276204080787, 5456935.724856286309659 ], [ 494091.890892827825155, 5456937.441417288966477 ], [ 494073.576499349146616, 5456940.005607650615275 ], [ 494073.558100000023842, 5456940.009036068804562 ], [ 494073.558100000023842, 5457015.0603 ] ] ] } },
{ "type": "Feature", "properties": { "grid_id": 1321, "crime_count": 1.0, "name": "Strathcona" }, "geometry": { "type": "Polygon", "coordinates": [ [ [ 494073.558100000023842, 5457015.0603 ], [ 494073.558100000023842, 5457265.0603 ], [ 494323.558100000023842, 5457265.0603 ], [ 494323.558100000023842, 5457015.0603 ], [ 494073.558100000023842, 5457015.0603 ] ] ] } },
{ "type": "Feature", "properties": { "grid_id": 1322, "crime_count": 0.0, "name": "Strathcona" }, "geometry": { "type": "Polygon", "coordinates": [ [ [ 494073.558100000023842, 5457265.0603 ], [ 494073.558100000023842, 5457515.0603 ], [ 494323.558100000023842, 5457515.0603 ], [ 494323.558100000023842, 5457265.0603 ], [ 494073.558100000023842, 5457265.0603 ] ] ] } },
{ "type": "Feature", "properties": { "grid_id": 1323, "crime_count": 5.0, "name": "Strathcona" }, "geometry": { "type": "Polygon", "coordinates": [ [ [ 494073.558100000023842, 5457515.0603 ], [ 494073.558100000023842, 5457765.0603 ], [ 494323.558100000023842, 5457765.0603 ], [ 494323.558100000023842, 5457515.0603 ], [ 494073.558100000023842, 5457515.0603 ] ] ] } },
{ "type": "Feature", "properties": { "grid_id": 1324, "crime_count": 1.0, "name": "Strathcona" }, "geometry": { "type": "Polygon", "coordinates": [ [ [ 494073.558100000023842, 5457765.0603 ], [ 494073.558100000023842, 5458015.0603 ], [ 494323.558100000023842, 5458015.0603 ], [ 494323.558100000023842, 5457765.0603 ], [ 494073.558100000023842, 5457765.0603 ] ] ] } },
{ "type": "Feature", "properties": { "grid_id": 1325, "crime_count": 1.0, "name": "Strathcona" }, "geometry": { "type": "Polygon", "coordinates": [ [ [ 494073.558100000023842, 5458015.0603 ], [ 494073.558100000023842, 5458265.0603 ], [ 494323.558100000023842, 5458265.0603 ], [ 494323.558100000023842, 5458015.0603 ], [ 494073.558100000023842, 5458015.0603 ] ] ] } },
{ "type": "Feature", "properties": { "grid_id": 1326, "crime_count": 3.0, "name": "Strathcona" }, "geometry": { "type": "Polygon", "coordinates": [ [ [ 494073.558100000023842, 5458265.0603 ], [ 494073.558100000023842, 5458515.0603 ], [ 494323.558100000023842, 5458515.0603 ], [ 494323.558100000023842, 5458265.0603 ], [ 494073.558100000023842, 5458265.0603 ] ] ] } },
{ "type": "Feature", "properties": { "grid_id": 1327, "crime_count": 15.0, "name": "Strathcona" }, "geometry": { "type": "Polygon", "coordinates": [ [ [ 494073.558100000023842, 5458515.0603 ], [ 494073.558100000023842, 5458765.0603 ], [ 494323.558100000023842, 5458765.0603 ], [ 494323.558100000023842, 5458515.0603 ], [ 494073.558100000023842, 5458515.0603 ] ] ] } },
{ "type": "Feature", "properties": { "grid_id": 1328, "crime_count": 12.0, "name": "Strathcona" }, "geometry": { "type": "Polygon", "coordinates": [ [ [ 494073.558100000023842, 5458765.0603 ], [ 494073.558100000023842, 5459015.0603 ], [ 494323.558100000023842, 5459015.0603 ], [ 494323.558100000023842, 5458765.0603 ], [ 494073.558100000023842, 5458765.0603 ] ] ] } },
{ "type": "Feature", "properties": { "grid_id": 1329, "crime_count": 0.0, "name": "Strathcona" }, "geometry": { "type": "Polygon", "coordinates": [ [ [ 494073.558100000023842, 5459015.0603 ], [ 494073.558100000023842, 5459265.0603 ], [ 494323.558100000023842, 5459265.0603 ], [ 494323.558100000023842, 5459015.0603 ], [ 494073.558100000023842, 5459015.0603 ] ] ] } },
{ "type": "Feature", "properties": { "grid_id": 1330, "crime_count": 0.0, "name": "Strathcona" }, "geometry": { "type": "Polygon", "coordinates": [ [ [ 494073.558100000023842, 5459265.0603 ], [ 494073.558100000023842, 5459515.0603 ], [ 494323.558100000023842, 5459515.0603 ], [ 494323.558100000023842, 5459265.0603 ], [ 494073.558100000023842, 5459265.0603 ] ] ] } },
{ "type": "Feature", "properties": { "grid_id": 1331, "crime_count": 0.0, "name": "Strathcona" }, "geometry": { "type": "Polygon", "coordinates": [ [ [ 494323.558100000023842, 5459515.0603 ], [ 494073.558100000023842, 5459515.0603 ], [ 494073.558100000023842, 5459733.288075434044003 ], [ 494323.558100000023842, 5459726.960391779430211 ], [ 494323.558100000023842, 5459515.0603 ] ] ] } },
{ "type": "Feature", "properties": { "grid_id": 1332, "crime_count": 1.0, "name": "Victoria-Fraserview" }, "geometry": { "type": "Polygon", "coordinates": [ [ [ 494323.558100000023842, 5450765.0603 ], [ 494573.558100000023842, 5450765.0603 ], [ 494573.558100000023842, 5450538.191969841718674 ], [ 494552.933258291333914, 5450541.845091892406344 ], [ 494524.595434458693489, 5450545.265786839649081 ], [ 494495.700666178949177, 5450547.414951160550117 ], [ 494466.803791763260961, 5450547.443881592713296 ], [ 494437.90563367359573, 5450546.200732289813459 ], [ 494409.561451326066162, 5450543.260862589813769 ], [ 494380.659799414628651, 5450538.625396821647882 ], [ 494354.535348129982594, 5450532.715005062520504 ], [ 494328.409531645593233, 5450525.532505953684449 ], [ 494323.558100000023842, 5450523.928386073559523 ], [ 494323.558100000023842, 5450765.0603 ] ] ] } },
{ "type": "Feature", "properties": { "grid_id": 1333, "crime_count": 5.0, "name": "Victoria-Fraserview" }, "geometry": { "type": "Polygon", "coordinates": [ [ [ 494323.558100000023842, 5450765.0603 ], [ 494323.558100000023842, 5451015.0603 ], [ 494573.558100000023842, 5451015.0603 ], [ 494573.558100000023842, 5450765.0603 ], [ 494323.558100000023842, 5450765.0603 ] ] ] } },
{ "type": "Feature", "properties": { "grid_id": 1334, "crime_count": 4.0, "name": "Victoria-Fraserview" }, "geometry": { "type": "Polygon", "coordinates": [ [ [ 494323.558100000023842, 5451015.0603 ], [ 494323.558100000023842, 5451265.0603 ], [ 494573.558100000023842, 5451265.0603 ], [ 494573.558100000023842, 5451015.0603 ], [ 494323.558100000023842, 5451015.0603 ] ] ] } },
{ "type": "Feature", "properties": { "grid_id": 1335, "crime_count": 2.0, "name": "Victoria-Fraserview" }, "geometry": { "type": "Polygon", "coordinates": [ [ [ 494323.558100000023842, 5451265.0603 ], [ 494323.558100000023842, 5451515.0603 ], [ 494573.558100000023842, 5451515.0603 ], [ 494573.558100000023842, 5451265.0603 ], [ 494323.558100000023842, 5451265.0603 ] ] ] } },
{ "type": "Feature", "properties": { "grid_id": 1336, "crime_count": 1.0, "name": "Victoria-Fraserview" }, "geometry": { "type": "Polygon", "coordinates": [ [ [ 494323.558100000023842, 5451515.0603 ], [ 494323.558100000023842, 5451765.0603 ], [ 494573.558100000023842, 5451765.0603 ], [ 494573.558100000023842, 5451515.0603 ], [ 494323.558100000023842, 5451515.0603 ] ] ] } },
{ "type": "Feature", "properties": { "grid_id": 1337, "crime_count": 2.0, "name": "Victoria-Fraserview" }, "geometry": { "type": "Polygon", "coordinates": [ [ [ 494323.558100000023842, 5451765.0603 ], [ 494323.558100000023842, 5452015.0603 ], [ 494573.558100000023842, 5452015.0603 ], [ 494573.558100000023842, 5451765.0603 ], [ 494323.558100000023842, 5451765.0603 ] ] ] } },
{ "type": "Feature", "properties": { "grid_id": 1338, "crime_count": 6.0, "name": "Victoria-Fraserview" }, "geometry": { "type": "Polygon", "coordinates": [ [ [ 494323.558100000023842, 5452015.0603 ], [ 494323.558100000023842, 5452265.0603 ], [ 494573.558100000023842, 5452265.0603 ], [ 494573.558100000023842, 5452015.0603 ], [ 494323.558100000023842, 5452015.0603 ] ] ] } },
{ "type": "Feature", "properties": { "grid_id": 1339, "crime_count": 4.0, "name": "Victoria-Fraserview" }, "geometry": { "type": "Polygon", "coordinates": [ [ [ 494323.558100000023842, 5452265.0603 ], [ 494323.558100000023842, 5452515.0603 ], [ 494573.558100000023842, 5452515.0603 ], [ 494573.558100000023842, 5452265.0603 ], [ 494323.558100000023842, 5452265.0603 ] ] ] } },
{ "type": "Feature", "properties": { "grid_id": 1340, "crime_count": 5.0, "name": "Victoria-Fraserview" }, "geometry": { "type": "Polygon", "coordinates": [ [ [ 494323.558100000023842, 5452515.0603 ], [ 494323.558100000023842, 5452765.0603 ], [ 494573.558100000023842, 5452765.0603 ], [ 494573.558100000023842, 5452515.0603 ], [ 494323.558100000023842, 5452515.0603 ] ] ] } },
{ "type": "Feature", "properties": { "grid_id": 1341, "crime_count": 1.0, "name": "Victoria-Fraserview" }, "geometry": { "type": "Polygon", "coordinates": [ [ [ 494323.558100000023842, 5452765.0603 ], [ 494323.558100000023842, 5453015.0603 ], [ 494573.558100000023842, 5453015.0603 ], [ 494573.558100000023842, 5452765.0603 ], [ 494323.558100000023842, 5452765.0603 ] ] ] } },
{ "type": "Feature", "properties": { "grid_id": 1342, "crime_count": 2.0, "name": "Victoria-Fraserview" }, "geometry": { "type": "Polygon", "coordinates": [ [ [ 494323.558100000023842, 5453015.0603 ], [ 494323.558100000023842, 5453265.0603 ], [ 494573.558100000023842, 5453265.0603 ], [ 494573.558100000023842, 5453015.0603 ], [ 494323.558100000023842, 5453015.0603 ] ] ] } },
{ "type": "Feature", "properties": { "grid_id": 1343, "crime_count": 8.0, "name": "Kensington-Cedar Cottage" }, "geometry": { "type": "Polygon", "coordinates": [ [ [ 494323.558100000023842, 5453265.0603 ], [ 494323.558100000023842, 5453515.0603 ], [ 494573.558100000023842, 5453515.0603 ], [ 494573.558100000023842, 5453265.0603 ], [ 494323.558100000023842, 5453265.0603 ] ] ] } },
{ "type": "Feature", "properties": { "grid_id": 1344, "crime_count": 2.0, "name": "Kensington-Cedar Cottage" }, "geometry": { "type": "Polygon", "coordinates": [ [ [ 494323.558100000023842, 5453515.0603 ], [ 494323.558100000023842, 5453765.0603 ], [ 494573.558100000023842, 5453765.0603 ], [ 494573.558100000023842, 5453515.0603 ], [ 494323.558100000023842, 5453515.0603 ] ] ] } },
{ "type": "Feature", "properties": { "grid_id": 1345, "crime_count": 1.0, "name": "Kensington-Cedar Cottage" }, "geometry": { "type": "Polygon", "coordinates": [ [ [ 494323.558100000023842, 5453765.0603 ], [ 494323.558100000023842, 5454015.0603 ], [ 494573.558100000023842, 5454015.0603 ], [ 494573.558100000023842, 5453765.0603 ], [ 494323.558100000023842, 5453765.0603 ] ] ] } },
{ "type": "Feature", "properties": { "grid_id": 1346, "crime_count": 7.0, "name": "Kensington-Cedar Cottage" }, "geometry": { "type": "Polygon", "coordinates": [ [ [ 494323.558100000023842, 5454015.0603 ], [ 494323.558100000023842, 5454265.0603 ], [ 494573.558100000023842, 5454265.0603 ], [ 494573.558100000023842, 5454015.0603 ], [ 494323.558100000023842, 5454015.0603 ] ] ] } },
{ "type": "Feature", "properties": { "grid_id": 1347, "crime_count": 3.0, "name": "Kensington-Cedar Cottage" }, "geometry": { "type": "Polygon", "coordinates": [ [ [ 494323.558100000023842, 5454265.0603 ], [ 494323.558100000023842, 5454515.0603 ], [ 494573.558100000023842, 5454515.0603 ], [ 494573.558100000023842, 5454265.0603 ], [ 494323.558100000023842, 5454265.0603 ] ] ] } },
{ "type": "Feature", "properties": { "grid_id": 1348, "crime_count": 2.0, "name": "Kensington-Cedar Cottage" }, "geometry": { "type": "Polygon", "coordinates": [ [ [ 494323.558100000023842, 5454515.0603 ], [ 494323.558100000023842, 5454765.0603 ], [ 494573.558100000023842, 5454765.0603 ], [ 494573.558100000023842, 5454515.0603 ], [ 494323.558100000023842, 5454515.0603 ] ] ] } },
{ "type": "Feature", "properties": { "grid_id": 1349, "crime_count": 0.0, "name": "Kensington-Cedar Cottage" }, "geometry": { "type": "Polygon", "coordinates": [ [ [ 494323.558100000023842, 5454765.0603 ], [ 494323.558100000023842, 5455015.0603 ], [ 494573.558100000023842, 5455015.0603 ], [ 494573.558100000023842, 5454765.0603 ], [ 494323.558100000023842, 5454765.0603 ] ] ] } },
{ "type": "Feature", "properties": { "grid_id": 1350, "crime_count": 35.0, "name": "Kensington-Cedar Cottage" }, "geometry": { "type": "Polygon", "coordinates": [ [ [ 494323.558100000023842, 5455015.0603 ], [ 494323.558100000023842, 5455265.0603 ], [ 494573.558100000023842, 5455265.0603 ], [ 494573.558100000023842, 5455015.0603 ], [ 494323.558100000023842, 5455015.0603 ] ] ] } },
{ "type": "Feature", "properties": { "grid_id": 1351, "crime_count": 4.0, "name": "Kensington-Cedar Cottage" }, "geometry": { "type": "Polygon", "coordinates": [ [ [ 494323.558100000023842, 5455265.0603 ], [ 494323.558100000023842, 5455515.0603 ], [ 494573.558100000023842, 5455515.0603 ], [ 494573.558100000023842, 5455265.0603 ], [ 494323.558100000023842, 5455265.0603 ] ] ] } },
{ "type": "Feature", "properties": { "grid_id": 1352, "crime_count": 2.0, "name": "Kensington-Cedar Cottage" }, "geometry": { "type": "Polygon", "coordinates": [ [ [ 494323.558100000023842, 5455515.0603 ], [ 494323.558100000023842, 5455765.0603 ], [ 494573.558100000023842, 5455765.0603 ], [ 494573.558100000023842, 5455515.0603 ], [ 494323.558100000023842, 5455515.0603 ] ] ] } },
{ "type": "Feature", "properties": { "grid_id": 1353, "crime_count": 4.0, "name": "Kensington-Cedar Cottage" }, "geometry": { "type": "Polygon", "coordinates": [ [ [ 494573.558100000023842, 5456015.0603 ], [ 494573.558100000023842, 5455765.0603 ], [ 494323.558100000023842, 5455765.0603 ], [ 494323.558100000023842, 5456015.0603 ], [ 494354.959696675767191, 5456015.0603 ], [ 494354.572004029469099, 5455987.223144761286676 ], [ 494354.965670847042929, 5456015.0603 ], [ 494573.558100000023842, 5456015.0603 ] ] ] } },
{ "type": "Feature", "properties": { "grid_id": 1354, "crime_count": 2.0, "name": "Kensington-Cedar Cottage" }, "geometry": { "type": "MultiPolygon", "coordinates": [ [ [ [ 494573.558100000023842, 5456265.0603 ], [ 494573.558100000023842, 5456015.0603 ], [ 494354.965670847042929, 5456015.0603 ], [ 494358.501114880142268, 5456265.0603 ], [ 494573.558100000023842, 5456265.0603 ] ] ], [ [ [ 494323.558100000023842, 5456015.0603 ], [ 494323.558100000023842, 5456265.0603 ], [ 494358.441487855045125, 5456265.0603 ], [ 494354.959696675767191, 5456015.0603 ], [ 494323.558100000023842, 5456015.0603 ] ] ] ] } },
{ "type": "Feature", "properties": { "grid_id": 1355, "crime_count": 8.0, "name": "Kensington-Cedar Cottage" }, "geometry": { "type": "MultiPolygon", "coordinates": [ [ [ [ 494573.558100000023842, 5456515.0603 ], [ 494573.558100000023842, 5456265.0603 ], [ 494358.501114880142268, 5456265.0603 ], [ 494362.036558913241606, 5456515.0603 ], [ 494573.558100000023842, 5456515.0603 ] ] ], [ [ [ 494323.558100000023842, 5456265.0603 ], [ 494323.558100000023842, 5456515.0603 ], [ 494361.923279034381267, 5456515.0603 ], [ 494358.441487855045125, 5456265.0603 ], [ 494323.558100000023842, 5456265.0603 ] ] ] ] } },
{ "type": "Feature", "properties": { "grid_id": 1356, "crime_count": 13.0, "name": "Grandview-Woodland" }, "geometry": { "type": "MultiPolygon", "coordinates": [ [ [ [ 494573.558100000023842, 5456765.0603 ], [ 494573.558100000023842, 5456515.0603 ], [ 494362.036558913241606, 5456515.0603 ], [ 494363.549777094565798, 5456622.063703756779432 ], [ 494365.478809589403681, 5456765.0603 ], [ 494573.558100000023842, 5456765.0603 ] ] ], [ [ [ 494323.558100000023842, 5456515.0603 ], [ 494323.558100000023842, 5456765.0603 ], [ 494365.405070213659201, 5456765.0603 ], [ 494361.923279034381267, 5456515.0603 ], [ 494323.558100000023842, 5456515.0603 ] ] ] ] } },
{ "type": "Feature", "properties": { "grid_id": 1357, "crime_count": 2.0, "name": "Grandview-Woodland" }, "geometry": { "type": "Polygon", "coordinates": [ [ [ 494323.558100000023842, 5456765.0603 ], [ 494323.558100000023842, 5457015.0603 ], [ 494573.558100000023842, 5457015.0603 ], [ 494573.558100000023842, 5456765.0603 ], [ 494365.478809589403681, 5456765.0603 ], [ 494367.754570521588903, 5456933.759411097504199 ], [ 494365.405070213659201, 5456765.0603 ], [ 494323.558100000023842, 5456765.0603 ] ] ] } },
{ "type": "Feature", "properties": { "grid_id": 1358, "crime_count": 6.0, "name": "Grandview-Woodland" }, "geometry": { "type": "Polygon", "coordinates": [ [ [ 494323.558100000023842, 5457015.0603 ], [ 494323.558100000023842, 5457265.0603 ], [ 494573.558100000023842, 5457265.0603 ], [ 494573.558100000023842, 5457015.0603 ], [ 494323.558100000023842, 5457015.0603 ] ] ] } },
{ "type": "Feature", "properties": { "grid_id": 1359, "crime_count": 3.0, "name": "Grandview-Woodland" }, "geometry": { "type": "Polygon", "coordinates": [ [ [ 494323.558100000023842, 5457265.0603 ], [ 494323.558100000023842, 5457515.0603 ], [ 494573.558100000023842, 5457515.0603 ], [ 494573.558100000023842, 5457265.0603 ], [ 494323.558100000023842, 5457265.0603 ] ] ] } },
{ "type": "Feature", "properties": { "grid_id": 1360, "crime_count": 8.0, "name": "Grandview-Woodland" }, "geometry": { "type": "Polygon", "coordinates": [ [ [ 494323.558100000023842, 5457515.0603 ], [ 494323.558100000023842, 5457765.0603 ], [ 494573.558100000023842, 5457765.0603 ], [ 494573.558100000023842, 5457515.0603 ], [ 494323.558100000023842, 5457515.0603 ] ] ] } },
{ "type": "Feature", "properties": { "grid_id": 1361, "crime_count": 4.0, "name": "Grandview-Woodland" }, "geometry": { "type": "Polygon", "coordinates": [ [ [ 494323.558100000023842, 5457765.0603 ], [ 494323.558100000023842, 5458015.0603 ], [ 494573.558100000023842, 5458015.0603 ], [ 494573.558100000023842, 5457765.0603 ], [ 494323.558100000023842, 5457765.0603 ] ] ] } },
{ "type": "Feature", "properties": { "grid_id": 1362, "crime_count": 4.0, "name": "Grandview-Woodland" }, "geometry": { "type": "Polygon", "coordinates": [ [ [ 494323.558100000023842, 5458015.0603 ], [ 494323.558100000023842, 5458265.0603 ], [ 494573.558100000023842, 5458265.0603 ], [ 494573.558100000023842, 5458015.0603 ], [ 494323.558100000023842, 5458015.0603 ] ] ] } },
{ "type": "Feature", "properties": { "grid_id": 1363, "crime_count": 2.0, "name": "Grandview-Woodland" }, "geometry": { "type": "Polygon", "coordinates": [ [ [ 494323.558100000023842, 5458265.0603 ], [ 494323.558100000023842, 5458515.0603 ], [ 494573.558100000023842, 5458515.0603 ], [ 494573.558100000023842, 5458265.0603 ], [ 494323.558100000023842, 5458265.0603 ] ] ] } },
{ "type": "Feature", "properties": { "grid_id": 1364, "crime_count": 78.0, "name": "Grandview-Woodland" }, "geometry": { "type": "Polygon", "coordinates": [ [ [ 494323.558100000023842, 5458515.0603 ], [ 494323.558100000023842, 5458765.0603 ], [ 494573.558100000023842, 5458765.0603 ], [ 494573.558100000023842, 5458515.0603 ], [ 494323.558100000023842, 5458515.0603 ] ] ] } },
{ "type": "Feature", "properties": { "grid_id": 1365, "crime_count": 7.0, "name": "Grandview-Woodland" }, "geometry": { "type": "Polygon", "coordinates": [ [ [ 494323.558100000023842, 5458765.0603 ], [ 494323.558100000023842, 5459015.0603 ], [ 494573.558100000023842, 5459015.0603 ], [ 494573.558100000023842, 5458765.0603 ], [ 494323.558100000023842, 5458765.0603 ] ] ] } },
{ "type": "Feature", "properties": { "grid_id": 1366, "crime_count": 0.0, "name": "Grandview-Woodland" }, "geometry": { "type": "Polygon", "coordinates": [ [ [ 494323.558100000023842, 5459015.0603 ], [ 494323.558100000023842, 5459265.0603 ], [ 494573.558100000023842, 5459265.0603 ], [ 494573.558100000023842, 5459015.0603 ], [ 494323.558100000023842, 5459015.0603 ] ] ] } },
{ "type": "Feature", "properties": { "grid_id": 1367, "crime_count": 0.0, "name": "Grandview-Woodland" }, "geometry": { "type": "Polygon", "coordinates": [ [ [ 494323.558100000023842, 5459265.0603 ], [ 494323.558100000023842, 5459515.0603 ], [ 494573.558100000023842, 5459515.0603 ], [ 494573.558100000023842, 5459265.0603 ], [ 494323.558100000023842, 5459265.0603 ] ] ] } },
{ "type": "Feature", "properties": { "grid_id": 1368, "crime_count": 0.0, "name": "Grandview-Woodland" }, "geometry": { "type": "Polygon", "coordinates": [ [ [ 494573.558100000023842, 5459515.0603 ], [ 494323.558100000023842, 5459515.0603 ], [ 494323.558100000023842, 5459726.960391779430211 ], [ 494399.461645171686541, 5459725.039217290468514 ], [ 494573.558100000023842, 5459720.696400671266019 ], [ 494573.558100000023842, 5459515.0603 ] ] ] } },
{ "type": "Feature", "properties": { "grid_id": 1369, "crime_count": 0.0, "name": "Victoria-Fraserview" }, "geometry": { "type": "Polygon", "coordinates": [ [ [ 494823.558100000023842, 5450515.0603 ], [ 494823.558100000023842, 5450467.830290307290852 ], [ 494657.847210040548816, 5450515.0603 ], [ 494823.558100000023842, 5450515.0603 ] ] ] } },
{ "type": "Feature", "properties": { "grid_id": 1370, "crime_count": 1.0, "name": "Victoria-Fraserview" }, "geometry": { "type": "Polygon", "coordinates": [ [ [ 494573.558100000023842, 5450765.0603 ], [ 494823.558100000023842, 5450765.0603 ], [ 494823.558100000023842, 5450515.0603 ], [ 494657.847210040548816, 5450515.0603 ], [ 494581.825159748957958, 5450536.727688142098486 ], [ 494573.558100000023842, 5450538.191969841718674 ], [ 494573.558100000023842, 5450765.0603 ] ] ] } },
{ "type": "Feature", "properties": { "grid_id": 1371, "crime_count": 3.0, "name": "Victoria-Fraserview" }, "geometry": { "type": "Polygon", "coordinates": [ [ [ 494573.558100000023842, 5450765.0603 ], [ 494573.558100000023842, 5451015.0603 ], [ 494823.558100000023842, 5451015.0603 ], [ 494823.558100000023842, 5450765.0603 ], [ 494573.558100000023842, 5450765.0603 ] ] ] } },
{ "type": "Feature", "properties": { "grid_id": 1372, "crime_count": 1.0, "name": "Victoria-Fraserview" }, "geometry": { "type": "Polygon", "coordinates": [ [ [ 494573.558100000023842, 5451015.0603 ], [ 494573.558100000023842, 5451265.0603 ], [ 494823.558100000023842, 5451265.0603 ], [ 494823.558100000023842, 5451015.0603 ], [ 494573.558100000023842, 5451015.0603 ] ] ] } },
{ "type": "Feature", "properties": { "grid_id": 1373, "crime_count": 3.0, "name": "Victoria-Fraserview" }, "geometry": { "type": "Polygon", "coordinates": [ [ [ 494573.558100000023842, 5451265.0603 ], [ 494573.558100000023842, 5451515.0603 ], [ 494823.558100000023842, 5451515.0603 ], [ 494823.558100000023842, 5451265.0603 ], [ 494573.558100000023842, 5451265.0603 ] ] ] } },
{ "type": "Feature", "properties": { "grid_id": 1374, "crime_count": 3.0, "name": "Victoria-Fraserview" }, "geometry": { "type": "Polygon", "coordinates": [ [ [ 494573.558100000023842, 5451515.0603 ], [ 494573.558100000023842, 5451765.0603 ], [ 494823.558100000023842, 5451765.0603 ], [ 494823.558100000023842, 5451515.0603 ], [ 494573.558100000023842, 5451515.0603 ] ] ] } },
{ "type": "Feature", "properties": { "grid_id": 1375, "crime_count": 1.0, "name": "Victoria-Fraserview" }, "geometry": { "type": "Polygon", "coordinates": [ [ [ 494573.558100000023842, 5451765.0603 ], [ 494573.558100000023842, 5452015.0603 ], [ 494823.558100000023842, 5452015.0603 ], [ 494823.558100000023842, 5451765.0603 ], [ 494573.558100000023842, 5451765.0603 ] ] ] } },
{ "type": "Feature", "properties": { "grid_id": 1376, "crime_count": 2.0, "name": "Victoria-Fraserview" }, "geometry": { "type": "Polygon", "coordinates": [ [ [ 494573.558100000023842, 5452015.0603 ], [ 494573.558100000023842, 5452265.0603 ], [ 494823.558100000023842, 5452265.0603 ], [ 494823.558100000023842, 5452015.0603 ], [ 494573.558100000023842, 5452015.0603 ] ] ] } },
{ "type": "Feature", "properties": { "grid_id": 1377, "crime_count": 1.0, "name": "Victoria-Fraserview" }, "geometry": { "type": "Polygon", "coordinates": [ [ [ 494573.558100000023842, 5452265.0603 ], [ 494573.558100000023842, 5452515.0603 ], [ 494823.558100000023842, 5452515.0603 ], [ 494823.558100000023842, 5452265.0603 ], [ 494573.558100000023842, 5452265.0603 ] ] ] } },
{ "type": "Feature", "properties": { "grid_id": 1378, "crime_count": 1.0, "name": "Victoria-Fraserview" }, "geometry": { "type": "Polygon", "coordinates": [ [ [ 494573.558100000023842, 5452515.0603 ], [ 494573.558100000023842, 5452765.0603 ], [ 494823.558100000023842, 5452765.0603 ], [ 494823.558100000023842, 5452515.0603 ], [ 494573.558100000023842, 5452515.0603 ] ] ] } },
{ "type": "Feature", "properties": { "grid_id": 1379, "crime_count": 3.0, "name": "Victoria-Fraserview" }, "geometry": { "type": "Polygon", "coordinates": [ [ [ 494573.558100000023842, 5452765.0603 ], [ 494573.558100000023842, 5453015.0603 ], [ 494823.558100000023842, 5453015.0603 ], [ 494823.558100000023842, 5452765.0603 ], [ 494573.558100000023842, 5452765.0603 ] ] ] } },
{ "type": "Feature", "properties": { "grid_id": 1380, "crime_count": 3.0, "name": "Victoria-Fraserview" }, "geometry": { "type": "Polygon", "coordinates": [ [ [ 494573.558100000023842, 5453015.0603 ], [ 494573.558100000023842, 5453265.0603 ], [ 494823.558100000023842, 5453265.0603 ], [ 494823.558100000023842, 5453015.0603 ], [ 494573.558100000023842, 5453015.0603 ] ] ] } },
{ "type": "Feature", "properties": { "grid_id": 1381, "crime_count": 7.0, "name": "Kensington-Cedar Cottage" }, "geometry": { "type": "Polygon", "coordinates": [ [ [ 494573.558100000023842, 5453265.0603 ], [ 494573.558100000023842, 5453515.0603 ], [ 494823.558100000023842, 5453515.0603 ], [ 494823.558100000023842, 5453265.0603 ], [ 494573.558100000023842, 5453265.0603 ] ] ] } },
{ "type": "Feature", "properties": { "grid_id": 1382, "crime_count": 1.0, "name": "Kensington-Cedar Cottage" }, "geometry": { "type": "Polygon", "coordinates": [ [ [ 494573.558100000023842, 5453515.0603 ], [ 494573.558100000023842, 5453765.0603 ], [ 494823.558100000023842, 5453765.0603 ], [ 494823.558100000023842, 5453515.0603 ], [ 494573.558100000023842, 5453515.0603 ] ] ] } },
{ "type": "Feature", "properties": { "grid_id": 1383, "crime_count": 5.0, "name": "Kensington-Cedar Cottage" }, "geometry": { "type": "Polygon", "coordinates": [ [ [ 494573.558100000023842, 5453765.0603 ], [ 494573.558100000023842, 5454015.0603 ], [ 494823.558100000023842, 5454015.0603 ], [ 494823.558100000023842, 5453765.0603 ], [ 494573.558100000023842, 5453765.0603 ] ] ] } },
{ "type": "Feature", "properties": { "grid_id": 1384, "crime_count": 3.0, "name": "Kensington-Cedar Cottage" }, "geometry": { "type": "Polygon", "coordinates": [ [ [ 494573.558100000023842, 5454015.0603 ], [ 494573.558100000023842, 5454265.0603 ], [ 494823.558100000023842, 5454265.0603 ], [ 494823.558100000023842, 5454015.0603 ], [ 494573.558100000023842, 5454015.0603 ] ] ] } },
{ "type": "Feature", "properties": { "grid_id": 1385, "crime_count": 4.0, "name": "Kensington-Cedar Cottage" }, "geometry": { "type": "Polygon", "coordinates": [ [ [ 494573.558100000023842, 5454265.0603 ], [ 494573.558100000023842, 5454515.0603 ], [ 494823.558100000023842, 5454515.0603 ], [ 494823.558100000023842, 5454265.0603 ], [ 494573.558100000023842, 5454265.0603 ] ] ] } },
{ "type": "Feature", "properties": { "grid_id": 1386, "crime_count": 3.0, "name": "Kensington-Cedar Cottage" }, "geometry": { "type": "Polygon", "coordinates": [ [ [ 494573.558100000023842, 5454515.0603 ], [ 494573.558100000023842, 5454765.0603 ], [ 494823.558100000023842, 5454765.0603 ], [ 494823.558100000023842, 5454515.0603 ], [ 494573.558100000023842, 5454515.0603 ] ] ] } },
{ "type": "Feature", "properties": { "grid_id": 1387, "crime_count": 2.0, "name": "Kensington-Cedar Cottage" }, "geometry": { "type": "Polygon", "coordinates": [ [ [ 494573.558100000023842, 5454765.0603 ], [ 494573.558100000023842, 5455015.0603 ], [ 494823.558100000023842, 5455015.0603 ], [ 494823.558100000023842, 5454765.0603 ], [ 494573.558100000023842, 5454765.0603 ] ] ] } },
{ "type": "Feature", "properties": { "grid_id": 1388, "crime_count": 15.0, "name": "Kensington-Cedar Cottage" }, "geometry": { "type": "Polygon", "coordinates": [ [ [ 494573.558100000023842, 5455015.0603 ], [ 494573.558100000023842, 5455265.0603 ], [ 494823.558100000023842, 5455265.0603 ], [ 494823.558100000023842, 5455015.0603 ], [ 494573.558100000023842, 5455015.0603 ] ] ] } },
{ "type": "Feature", "properties": { "grid_id": 1389, "crime_count": 3.0, "name": "Kensington-Cedar Cottage" }, "geometry": { "type": "Polygon", "coordinates": [ [ [ 494573.558100000023842, 5455265.0603 ], [ 494573.558100000023842, 5455515.0603 ], [ 494823.558100000023842, 5455515.0603 ], [ 494823.558100000023842, 5455265.0603 ], [ 494573.558100000023842, 5455265.0603 ] ] ] } },
{ "type": "Feature", "properties": { "grid_id": 1390, "crime_count": 2.0, "name": "Kensington-Cedar Cottage" }, "geometry": { "type": "Polygon", "coordinates": [ [ [ 494573.558100000023842, 5455515.0603 ], [ 494573.558100000023842, 5455765.0603 ], [ 494823.558100000023842, 5455765.0603 ], [ 494823.558100000023842, 5455515.0603 ], [ 494573.558100000023842, 5455515.0603 ] ] ] } },
{ "type": "Feature", "properties": { "grid_id": 1391, "crime_count": 1.0, "name": "Kensington-Cedar Cottage" }, "geometry": { "type": "Polygon", "coordinates": [ [ [ 494573.558100000023842, 5455765.0603 ], [ 494573.558100000023842, 5456015.0603 ], [ 494823.558100000023842, 5456015.0603 ], [ 494823.558100000023842, 5455765.0603 ], [ 494573.558100000023842, 5455765.0603 ] ] ] } },
{ "type": "Feature", "properties": { "grid_id": 1392, "crime_count": 6.0, "name": "Kensington-Cedar Cottage" }, "geometry": { "type": "Polygon", "coordinates": [ [ [ 494573.558100000023842, 5456015.0603 ], [ 494573.558100000023842, 5456265.0603 ], [ 494823.558100000023842, 5456265.0603 ], [ 494823.558100000023842, 5456015.0603 ], [ 494573.558100000023842, 5456015.0603 ] ] ] } },
{ "type": "Feature", "properties": { "grid_id": 1393, "crime_count": 5.0, "name": "Kensington-Cedar Cottage" }, "geometry": { "type": "Polygon", "coordinates": [ [ [ 494573.558100000023842, 5456265.0603 ], [ 494573.558100000023842, 5456515.0603 ], [ 494823.558100000023842, 5456515.0603 ], [ 494823.558100000023842, 5456265.0603 ], [ 494573.558100000023842, 5456265.0603 ] ] ] } },
{ "type": "Feature", "properties": { "grid_id": 1394, "crime_count": 9.0, "name": "Grandview-Woodland" }, "geometry": { "type": "Polygon", "coordinates": [ [ [ 494573.558100000023842, 5456515.0603 ], [ 494573.558100000023842, 5456765.0603 ], [ 494823.558100000023842, 5456765.0603 ], [ 494823.558100000023842, 5456515.0603 ], [ 494573.558100000023842, 5456515.0603 ] ] ] } },
{ "type": "Feature", "properties": { "grid_id": 1395, "crime_count": 4.0, "name": "Grandview-Woodland" }, "geometry": { "type": "Polygon", "coordinates": [ [ [ 494573.558100000023842, 5456765.0603 ], [ 494573.558100000023842, 5457015.0603 ], [ 494823.558100000023842, 5457015.0603 ], [ 494823.558100000023842, 5456765.0603 ], [ 494573.558100000023842, 5456765.0603 ] ] ] } },
{ "type": "Feature", "properties": { "grid_id": 1396, "crime_count": 6.0, "name": "Grandview-Woodland" }, "geometry": { "type": "Polygon", "coordinates": [ [ [ 494573.558100000023842, 5457015.0603 ], [ 494573.558100000023842, 5457265.0603 ], [ 494823.558100000023842, 5457265.0603 ], [ 494823.558100000023842, 5457015.0603 ], [ 494573.558100000023842, 5457015.0603 ] ] ] } },
{ "type": "Feature", "properties": { "grid_id": 1397, "crime_count": 1.0, "name": "Grandview-Woodland" }, "geometry": { "type": "Polygon", "coordinates": [ [ [ 494573.558100000023842, 5457265.0603 ], [ 494573.558100000023842, 5457515.0603 ], [ 494823.558100000023842, 5457515.0603 ], [ 494823.558100000023842, 5457265.0603 ], [ 494573.558100000023842, 5457265.0603 ] ] ] } },
{ "type": "Feature", "properties": { "grid_id": 1398, "crime_count": 11.0, "name": "Grandview-Woodland" }, "geometry": { "type": "Polygon", "coordinates": [ [ [ 494573.558100000023842, 5457515.0603 ], [ 494573.558100000023842, 5457765.0603 ], [ 494823.558100000023842, 5457765.0603 ], [ 494823.558100000023842, 5457515.0603 ], [ 494573.558100000023842, 5457515.0603 ] ] ] } },
{ "type": "Feature", "properties": { "grid_id": 1399, "crime_count": 5.0, "name": "Grandview-Woodland" }, "geometry": { "type": "Polygon", "coordinates": [ [ [ 494573.558100000023842, 5457765.0603 ], [ 494573.558100000023842, 5458015.0603 ], [ 494823.558100000023842, 5458015.0603 ], [ 494823.558100000023842, 5457765.0603 ], [ 494573.558100000023842, 5457765.0603 ] ] ] } },
{ "type": "Feature", "properties": { "grid_id": 1400, "crime_count": 5.0, "name": "Grandview-Woodland" }, "geometry": { "type": "Polygon", "coordinates": [ [ [ 494573.558100000023842, 5458015.0603 ], [ 494573.558100000023842, 5458265.0603 ], [ 494823.558100000023842, 5458265.0603 ], [ 494823.558100000023842, 5458015.0603 ], [ 494573.558100000023842, 5458015.0603 ] ] ] } },
{ "type": "Feature", "properties": { "grid_id": 1401, "crime_count": 16.0, "name": "Grandview-Woodland" }, "geometry": { "type": "Polygon", "coordinates": [ [ [ 494573.558100000023842, 5458265.0603 ], [ 494573.558100000023842, 5458515.0603 ], [ 494823.558100000023842, 5458515.0603 ], [ 494823.558100000023842, 5458265.0603 ], [ 494573.558100000023842, 5458265.0603 ] ] ] } },
{ "type": "Feature", "properties": { "grid_id": 1402, "crime_count": 26.0, "name": "Grandview-Woodland" }, "geometry": { "type": "Polygon", "coordinates": [ [ [ 494573.558100000023842, 5458515.0603 ], [ 494573.558100000023842, 5458765.0603 ], [ 494823.558100000023842, 5458765.0603 ], [ 494823.558100000023842, 5458515.0603 ], [ 494573.558100000023842, 5458515.0603 ] ] ] } },
{ "type": "Feature", "properties": { "grid_id": 1403, "crime_count": 10.0, "name": "Grandview-Woodland" }, "geometry": { "type": "Polygon", "coordinates": [ [ [ 494573.558100000023842, 5458765.0603 ], [ 494573.558100000023842, 5459015.0603 ], [ 494823.558100000023842, 5459015.0603 ], [ 494823.558100000023842, 5458765.0603 ], [ 494573.558100000023842, 5458765.0603 ] ] ] } },
{ "type": "Feature", "properties": { "grid_id": 1404, "crime_count": 0.0, "name": "Grandview-Woodland" }, "geometry": { "type": "Polygon", "coordinates": [ [ [ 494573.558100000023842, 5459015.0603 ], [ 494573.558100000023842, 5459265.0603 ], [ 494823.558100000023842, 5459265.0603 ], [ 494823.558100000023842, 5459015.0603 ], [ 494573.558100000023842, 5459015.0603 ] ] ] } },
{ "type": "Feature", "properties": { "grid_id": 1405, "crime_count": 0.0, "name": "Grandview-Woodland" }, "geometry": { "type": "Polygon", "coordinates": [ [ [ 494573.558100000023842, 5459265.0603 ], [ 494573.558100000023842, 5459515.0603 ], [ 494823.558100000023842, 5459515.0603 ], [ 494823.558100000023842, 5459265.0603 ], [ 494573.558100000023842, 5459265.0603 ] ] ] } },
{ "type": "Feature", "properties": { "grid_id": 1406, "crime_count": 0.0, "name": "Grandview-Woodland" }, "geometry": { "type": "Polygon", "coordinates": [ [ [ 494823.558100000023842, 5459515.0603 ], [ 494573.558100000023842, 5459515.0603 ], [ 494573.558100000023842, 5459720.696400671266019 ], [ 494823.558100000023842, 5459714.460178595036268 ], [ 494823.558100000023842, 5459515.0603 ] ] ] } },
{ "type": "Feature", "properties": { "grid_id": 1407, "crime_count": 0.0, "name": "Victoria-Fraserview" }, "geometry": { "type": "Polygon", "coordinates": [ [ [ 494823.558100000023842, 5450515.0603 ], [ 495073.558100000023842, 5450515.0603 ], [ 495073.558100000023842, 5450353.93812012206763 ], [ 495060.135455465468112, 5450361.98250733781606 ], [ 495007.372426749323495, 5450396.380303346551955 ], [ 494986.822196907247417, 5450409.121273607946932 ], [ 494965.159456538385712, 5450420.591104811988771 ], [ 494942.939918412244879, 5450430.789300165139139 ], [ 494920.163570207892917, 5450439.715866333805025 ], [ 494896.830006260890514, 5450446.946733145043254 ], [ 494823.558100000023842, 5450467.830290307290852 ], [ 494823.558100000023842, 5450515.0603 ] ] ] } },
{ "type": "Feature", "properties": { "grid_id": 1408, "crime_count": 1.0, "name": "Victoria-Fraserview" }, "geometry": { "type": "Polygon", "coordinates": [ [ [ 494823.558100000023842, 5450515.0603 ], [ 494823.558100000023842, 5450765.0603 ], [ 495073.558100000023842, 5450765.0603 ], [ 495073.558100000023842, 5450515.0603 ], [ 494823.558100000023842, 5450515.0603 ] ] ] } },
{ "type": "Feature", "properties": { "grid_id": 1409, "crime_count": 1.0, "name": "Victoria-Fraserview" }, "geometry": { "type": "Polygon", "coordinates": [ [ [ 494823.558100000023842, 5450765.0603 ], [ 494823.558100000023842, 5451015.0603 ], [ 495073.558100000023842, 5451015.0603 ], [ 495073.558100000023842, 5450765.0603 ], [ 494823.558100000023842, 5450765.0603 ] ] ] } },
{ "type": "Feature", "properties": { "grid_id": 1410, "crime_count": 2.0, "name": "Victoria-Fraserview" }, "geometry": { "type": "Polygon", "coordinates": [ [ [ 494823.558100000023842, 5451015.0603 ], [ 494823.558100000023842, 5451265.0603 ], [ 495073.558100000023842, 5451265.0603 ], [ 495073.558100000023842, 5451015.0603 ], [ 494823.558100000023842, 5451015.0603 ] ] ] } },
{ "type": "Feature", "properties": { "grid_id": 1411, "crime_count": 1.0, "name": "Victoria-Fraserview" }, "geometry": { "type": "Polygon", "coordinates": [ [ [ 494823.558100000023842, 5451265.0603 ], [ 494823.558100000023842, 5451515.0603 ], [ 495073.558100000023842, 5451515.0603 ], [ 495073.558100000023842, 5451265.0603 ], [ 494823.558100000023842, 5451265.0603 ] ] ] } },
{ "type": "Feature", "properties": { "grid_id": 1412, "crime_count": 1.0, "name": "Victoria-Fraserview" }, "geometry": { "type": "Polygon", "coordinates": [ [ [ 494823.558100000023842, 5451515.0603 ], [ 494823.558100000023842, 5451765.0603 ], [ 495073.558100000023842, 5451765.0603 ], [ 495073.558100000023842, 5451515.0603 ], [ 494823.558100000023842, 5451515.0603 ] ] ] } },
{ "type": "Feature", "properties": { "grid_id": 1413, "crime_count": 2.0, "name": "Victoria-Fraserview" }, "geometry": { "type": "Polygon", "coordinates": [ [ [ 494823.558100000023842, 5451765.0603 ], [ 494823.558100000023842, 5452015.0603 ], [ 495073.558100000023842, 5452015.0603 ], [ 495073.558100000023842, 5451765.0603 ], [ 494823.558100000023842, 5451765.0603 ] ] ] } },
{ "type": "Feature", "properties": { "grid_id": 1414, "crime_count": 0.0, "name": "Victoria-Fraserview" }, "geometry": { "type": "Polygon", "coordinates": [ [ [ 494823.558100000023842, 5452015.0603 ], [ 494823.558100000023842, 5452265.0603 ], [ 495073.558100000023842, 5452265.0603 ], [ 495073.558100000023842, 5452015.0603 ], [ 494823.558100000023842, 5452015.0603 ] ] ] } },
{ "type": "Feature", "properties": { "grid_id": 1415, "crime_count": 1.0, "name": "Victoria-Fraserview" }, "geometry": { "type": "Polygon", "coordinates": [ [ [ 494823.558100000023842, 5452265.0603 ], [ 494823.558100000023842, 5452515.0603 ], [ 495073.558100000023842, 5452515.0603 ], [ 495073.558100000023842, 5452265.0603 ], [ 494823.558100000023842, 5452265.0603 ] ] ] } },
{ "type": "Feature", "properties": { "grid_id": 1416, "crime_count": 5.0, "name": "Victoria-Fraserview" }, "geometry": { "type": "Polygon", "coordinates": [ [ [ 494823.558100000023842, 5452515.0603 ], [ 494823.558100000023842, 5452765.0603 ], [ 495073.558100000023842, 5452765.0603 ], [ 495073.558100000023842, 5452515.0603 ], [ 494823.558100000023842, 5452515.0603 ] ] ] } },
{ "type": "Feature", "properties": { "grid_id": 1417, "crime_count": 4.0, "name": "Victoria-Fraserview" }, "geometry": { "type": "Polygon", "coordinates": [ [ [ 494823.558100000023842, 5452765.0603 ], [ 494823.558100000023842, 5453015.0603 ], [ 495073.558100000023842, 5453015.0603 ], [ 495073.558100000023842, 5452765.0603 ], [ 494823.558100000023842, 5452765.0603 ] ] ] } },
{ "type": "Feature", "properties": { "grid_id": 1418, "crime_count": 1.0, "name": "Victoria-Fraserview" }, "geometry": { "type": "Polygon", "coordinates": [ [ [ 494823.558100000023842, 5453015.0603 ], [ 494823.558100000023842, 5453265.0603 ], [ 495073.558100000023842, 5453265.0603 ], [ 495073.558100000023842, 5453015.0603 ], [ 494823.558100000023842, 5453015.0603 ] ] ] } },
{ "type": "Feature", "properties": { "grid_id": 1419, "crime_count": 7.0, "name": "Kensington-Cedar Cottage" }, "geometry": { "type": "Polygon", "coordinates": [ [ [ 494823.558100000023842, 5453265.0603 ], [ 494823.558100000023842, 5453515.0603 ], [ 495073.558100000023842, 5453515.0603 ], [ 495073.558100000023842, 5453265.0603 ], [ 494823.558100000023842, 5453265.0603 ] ] ] } },
{ "type": "Feature", "properties": { "grid_id": 1420, "crime_count": 5.0, "name": "Kensington-Cedar Cottage" }, "geometry": { "type": "Polygon", "coordinates": [ [ [ 494823.558100000023842, 5453515.0603 ], [ 494823.558100000023842, 5453765.0603 ], [ 495073.558100000023842, 5453765.0603 ], [ 495073.558100000023842, 5453515.0603 ], [ 494823.558100000023842, 5453515.0603 ] ] ] } },
{ "type": "Feature", "properties": { "grid_id": 1421, "crime_count": 3.0, "name": "Kensington-Cedar Cottage" }, "geometry": { "type": "Polygon", "coordinates": [ [ [ 494823.558100000023842, 5453765.0603 ], [ 494823.558100000023842, 5454015.0603 ], [ 495073.558100000023842, 5454015.0603 ], [ 495073.558100000023842, 5453765.0603 ], [ 494823.558100000023842, 5453765.0603 ] ] ] } },
{ "type": "Feature", "properties": { "grid_id": 1422, "crime_count": 4.0, "name": "Kensington-Cedar Cottage" }, "geometry": { "type": "Polygon", "coordinates": [ [ [ 494823.558100000023842, 5454015.0603 ], [ 494823.558100000023842, 5454265.0603 ], [ 495073.558100000023842, 5454265.0603 ], [ 495073.558100000023842, 5454015.0603 ], [ 494823.558100000023842, 5454015.0603 ] ] ] } },
{ "type": "Feature", "properties": { "grid_id": 1423, "crime_count": 4.0, "name": "Kensington-Cedar Cottage" }, "geometry": { "type": "Polygon", "coordinates": [ [ [ 494823.558100000023842, 5454265.0603 ], [ 494823.558100000023842, 5454515.0603 ], [ 495073.558100000023842, 5454515.0603 ], [ 495073.558100000023842, 5454265.0603 ], [ 494823.558100000023842, 5454265.0603 ] ] ] } },
{ "type": "Feature", "properties": { "grid_id": 1424, "crime_count": 5.0, "name": "Kensington-Cedar Cottage" }, "geometry": { "type": "Polygon", "coordinates": [ [ [ 494823.558100000023842, 5454515.0603 ], [ 494823.558100000023842, 5454765.0603 ], [ 495073.558100000023842, 5454765.0603 ], [ 495073.558100000023842, 5454515.0603 ], [ 494823.558100000023842, 5454515.0603 ] ] ] } },
{ "type": "Feature", "properties": { "grid_id": 1425, "crime_count": 4.0, "name": "Kensington-Cedar Cottage" }, "geometry": { "type": "Polygon", "coordinates": [ [ [ 494823.558100000023842, 5454765.0603 ], [ 494823.558100000023842, 5455015.0603 ], [ 495073.558100000023842, 5455015.0603 ], [ 495073.558100000023842, 5454765.0603 ], [ 494823.558100000023842, 5454765.0603 ] ] ] } },
{ "type": "Feature", "properties": { "grid_id": 1426, "crime_count": 4.0, "name": "Kensington-Cedar Cottage" }, "geometry": { "type": "Polygon", "coordinates": [ [ [ 494823.558100000023842, 5455015.0603 ], [ 494823.558100000023842, 5455265.0603 ], [ 495073.558100000023842, 5455265.0603 ], [ 495073.558100000023842, 5455015.0603 ], [ 494823.558100000023842, 5455015.0603 ] ] ] } },
{ "type": "Feature", "properties": { "grid_id": 1427, "crime_count": 3.0, "name": "Kensington-Cedar Cottage" }, "geometry": { "type": "Polygon", "coordinates": [ [ [ 494823.558100000023842, 5455265.0603 ], [ 494823.558100000023842, 5455515.0603 ], [ 495073.558100000023842, 5455515.0603 ], [ 495073.558100000023842, 5455265.0603 ], [ 494823.558100000023842, 5455265.0603 ] ] ] } },
{ "type": "Feature", "properties": { "grid_id": 1428, "crime_count": 17.0, "name": "Kensington-Cedar Cottage" }, "geometry": { "type": "Polygon", "coordinates": [ [ [ 494823.558100000023842, 5455515.0603 ], [ 494823.558100000023842, 5455765.0603 ], [ 495073.558100000023842, 5455765.0603 ], [ 495073.558100000023842, 5455515.0603 ], [ 494823.558100000023842, 5455515.0603 ] ] ] } },
{ "type": "Feature", "properties": { "grid_id": 1429, "crime_count": 3.0, "name": "Kensington-Cedar Cottage" }, "geometry": { "type": "Polygon", "coordinates": [ [ [ 494823.558100000023842, 5455765.0603 ], [ 494823.558100000023842, 5456015.0603 ], [ 495073.558100000023842, 5456015.0603 ], [ 495073.558100000023842, 5455765.0603 ], [ 494823.558100000023842, 5455765.0603 ] ] ] } },
{ "type": "Feature", "properties": { "grid_id": 1430, "crime_count": 5.0, "name": "Kensington-Cedar Cottage" }, "geometry": { "type": "Polygon", "coordinates": [ [ [ 494823.558100000023842, 5456015.0603 ], [ 494823.558100000023842, 5456265.0603 ], [ 495073.558100000023842, 5456265.0603 ], [ 495073.558100000023842, 5456015.0603 ], [ 494823.558100000023842, 5456015.0603 ] ] ] } },
{ "type": "Feature", "properties": { "grid_id": 1431, "crime_count": 10.0, "name": "Kensington-Cedar Cottage" }, "geometry": { "type": "Polygon", "coordinates": [ [ [ 494823.558100000023842, 5456265.0603 ], [ 494823.558100000023842, 5456515.0603 ], [ 495073.558100000023842, 5456515.0603 ], [ 495073.558100000023842, 5456265.0603 ], [ 494823.558100000023842, 5456265.0603 ] ] ] } },
{ "type": "Feature", "properties": { "grid_id": 1432, "crime_count": 176.0, "name": "Grandview-Woodland" }, "geometry": { "type": "Polygon", "coordinates": [ [ [ 494823.558100000023842, 5456515.0603 ], [ 494823.558100000023842, 5456765.0603 ], [ 495073.558100000023842, 5456765.0603 ], [ 495073.558100000023842, 5456515.0603 ], [ 494823.558100000023842, 5456515.0603 ] ] ] } },
{ "type": "Feature", "properties": { "grid_id": 1433, "crime_count": 12.0, "name": "Grandview-Woodland" }, "geometry": { "type": "Polygon", "coordinates": [ [ [ 494823.558100000023842, 5456765.0603 ], [ 494823.558100000023842, 5457015.0603 ], [ 495073.558100000023842, 5457015.0603 ], [ 495073.558100000023842, 5456765.0603 ], [ 494823.558100000023842, 5456765.0603 ] ] ] } },
{ "type": "Feature", "properties": { "grid_id": 1434, "crime_count": 12.0, "name": "Grandview-Woodland" }, "geometry": { "type": "Polygon", "coordinates": [ [ [ 494823.558100000023842, 5457015.0603 ], [ 494823.558100000023842, 5457265.0603 ], [ 495073.558100000023842, 5457265.0603 ], [ 495073.558100000023842, 5457015.0603 ], [ 494823.558100000023842, 5457015.0603 ] ] ] } },
{ "type": "Feature", "properties": { "grid_id": 1435, "crime_count": 11.0, "name": "Grandview-Woodland" }, "geometry": { "type": "Polygon", "coordinates": [ [ [ 494823.558100000023842, 5457265.0603 ], [ 494823.558100000023842, 5457515.0603 ], [ 495073.558100000023842, 5457515.0603 ], [ 495073.558100000023842, 5457265.0603 ], [ 494823.558100000023842, 5457265.0603 ] ] ] } },
{ "type": "Feature", "properties": { "grid_id": 1436, "crime_count": 15.0, "name": "Grandview-Woodland" }, "geometry": { "type": "Polygon", "coordinates": [ [ [ 494823.558100000023842, 5457515.0603 ], [ 494823.558100000023842, 5457765.0603 ], [ 495073.558100000023842, 5457765.0603 ], [ 495073.558100000023842, 5457515.0603 ], [ 494823.558100000023842, 5457515.0603 ] ] ] } },
{ "type": "Feature", "properties": { "grid_id": 1437, "crime_count": 14.0, "name": "Grandview-Woodland" }, "geometry": { "type": "Polygon", "coordinates": [ [ [ 494823.558100000023842, 5457765.0603 ], [ 494823.558100000023842, 5458015.0603 ], [ 495073.558100000023842, 5458015.0603 ], [ 495073.558100000023842, 5457765.0603 ], [ 494823.558100000023842, 5457765.0603 ] ] ] } },
{ "type": "Feature", "properties": { "grid_id": 1438, "crime_count": 13.0, "name": "Grandview-Woodland" }, "geometry": { "type": "Polygon", "coordinates": [ [ [ 494823.558100000023842, 5458015.0603 ], [ 494823.558100000023842, 5458265.0603 ], [ 495073.558100000023842, 5458265.0603 ], [ 495073.558100000023842, 5458015.0603 ], [ 494823.558100000023842, 5458015.0603 ] ] ] } },
{ "type": "Feature", "properties": { "grid_id": 1439, "crime_count": 25.0, "name": "Grandview-Woodland" }, "geometry": { "type": "Polygon", "coordinates": [ [ [ 494823.558100000023842, 5458265.0603 ], [ 494823.558100000023842, 5458515.0603 ], [ 495073.558100000023842, 5458515.0603 ], [ 495073.558100000023842, 5458265.0603 ], [ 494823.558100000023842, 5458265.0603 ] ] ] } },
{ "type": "Feature", "properties": { "grid_id": 1440, "crime_count": 19.0, "name": "Grandview-Woodland" }, "geometry": { "type": "Polygon", "coordinates": [ [ [ 494823.558100000023842, 5458515.0603 ], [ 494823.558100000023842, 5458765.0603 ], [ 495073.558100000023842, 5458765.0603 ], [ 495073.558100000023842, 5458515.0603 ], [ 494823.558100000023842, 5458515.0603 ] ] ] } },
{ "type": "Feature", "properties": { "grid_id": 1441, "crime_count": 13.0, "name": "Grandview-Woodland" }, "geometry": { "type": "Polygon", "coordinates": [ [ [ 494823.558100000023842, 5458765.0603 ], [ 494823.558100000023842, 5459015.0603 ], [ 495073.558100000023842, 5459015.0603 ], [ 495073.558100000023842, 5458765.0603 ], [ 494823.558100000023842, 5458765.0603 ] ] ] } },
{ "type": "Feature", "properties": { "grid_id": 1442, "crime_count": 4.0, "name": "Grandview-Woodland" }, "geometry": { "type": "Polygon", "coordinates": [ [ [ 494823.558100000023842, 5459015.0603 ], [ 494823.558100000023842, 5459265.0603 ], [ 495073.558100000023842, 5459265.0603 ], [ 495073.558100000023842, 5459015.0603 ], [ 494823.558100000023842, 5459015.0603 ] ] ] } },
{ "type": "Feature", "properties": { "grid_id": 1443, "crime_count": 0.0, "name": "Grandview-Woodland" }, "geometry": { "type": "Polygon", "coordinates": [ [ [ 494823.558100000023842, 5459265.0603 ], [ 494823.558100000023842, 5459515.0603 ], [ 495073.558100000023842, 5459515.0603 ], [ 495073.558100000023842, 5459265.0603 ], [ 494823.558100000023842, 5459265.0603 ] ] ] } },
{ "type": "Feature", "properties": { "grid_id": 1444, "crime_count": 0.0, "name": "Grandview-Woodland" }, "geometry": { "type": "Polygon", "coordinates": [ [ [ 495073.558100000023842, 5459515.0603 ], [ 494823.558100000023842, 5459515.0603 ], [ 494823.558100000023842, 5459714.460178595036268 ], [ 495071.289834021648858, 5459708.280538161285222 ], [ 495073.558100000023842, 5459707.896355035714805 ], [ 495073.558100000023842, 5459515.0603 ] ] ] } },
{ "type": "Feature", "properties": { "grid_id": 1445, "crime_count": 0.0, "name": "Victoria-Fraserview" }, "geometry": { "type": "Polygon", "coordinates": [ [ [ 495323.558100000023842, 5450265.0603 ], [ 495323.558100000023842, 5450233.527205894701183 ], [ 495317.885813836590387, 5450235.382550176233053 ], [ 495251.219234559393954, 5450261.308282857760787 ], [ 495243.066185258969199, 5450265.0603 ], [ 495323.558100000023842, 5450265.0603 ] ] ] } },
{ "type": "Feature", "properties": { "grid_id": 1446, "crime_count": 0.0, "name": "Victoria-Fraserview" }, "geometry": { "type": "Polygon", "coordinates": [ [ [ 495073.558100000023842, 5450515.0603 ], [ 495323.558100000023842, 5450515.0603 ], [ 495323.558100000023842, 5450265.0603 ], [ 495243.066185258969199, 5450265.0603 ], [ 495185.668455478036776, 5450291.474621578119695 ], [ 495121.788590642157942, 5450325.032881565392017 ], [ 495073.558100000023842, 5450353.93812012206763 ], [ 495073.558100000023842, 5450515.0603 ] ] ] } },
{ "type": "Feature", "properties": { "grid_id": 1447, "crime_count": 3.0, "name": "Victoria-Fraserview" }, "geometry": { "type": "Polygon", "coordinates": [ [ [ 495073.558100000023842, 5450515.0603 ], [ 495073.558100000023842, 5450765.0603 ], [ 495323.558100000023842, 5450765.0603 ], [ 495323.558100000023842, 5450515.0603 ], [ 495073.558100000023842, 5450515.0603 ] ] ] } },
{ "type": "Feature", "properties": { "grid_id": 1448, "crime_count": 9.0, "name": "Victoria-Fraserview" }, "geometry": { "type": "Polygon", "coordinates": [ [ [ 495073.558100000023842, 5450765.0603 ], [ 495073.558100000023842, 5451015.0603 ], [ 495323.558100000023842, 5451015.0603 ], [ 495323.558100000023842, 5450765.0603 ], [ 495073.558100000023842, 5450765.0603 ] ] ] } },
{ "type": "Feature", "properties": { "grid_id": 1449, "crime_count": 1.0, "name": "Victoria-Fraserview" }, "geometry": { "type": "Polygon", "coordinates": [ [ [ 495073.558100000023842, 5451015.0603 ], [ 495073.558100000023842, 5451265.0603 ], [ 495323.558100000023842, 5451265.0603 ], [ 495323.558100000023842, 5451015.0603 ], [ 495073.558100000023842, 5451015.0603 ] ] ] } },
{ "type": "Feature", "properties": { "grid_id": 1450, "crime_count": 4.0, "name": "Victoria-Fraserview" }, "geometry": { "type": "Polygon", "coordinates": [ [ [ 495073.558100000023842, 5451265.0603 ], [ 495073.558100000023842, 5451515.0603 ], [ 495323.558100000023842, 5451515.0603 ], [ 495323.558100000023842, 5451265.0603 ], [ 495073.558100000023842, 5451265.0603 ] ] ] } },
{ "type": "Feature", "properties": { "grid_id": 1451, "crime_count": 2.0, "name": "Victoria-Fraserview" }, "geometry": { "type": "Polygon", "coordinates": [ [ [ 495073.558100000023842, 5451515.0603 ], [ 495073.558100000023842, 5451765.0603 ], [ 495323.558100000023842, 5451765.0603 ], [ 495323.558100000023842, 5451515.0603 ], [ 495073.558100000023842, 5451515.0603 ] ] ] } },
{ "type": "Feature", "properties": { "grid_id": 1452, "crime_count": 5.0, "name": "Victoria-Fraserview" }, "geometry": { "type": "Polygon", "coordinates": [ [ [ 495073.558100000023842, 5451765.0603 ], [ 495073.558100000023842, 5452015.0603 ], [ 495323.558100000023842, 5452015.0603 ], [ 495323.558100000023842, 5451765.0603 ], [ 495073.558100000023842, 5451765.0603 ] ] ] } },
{ "type": "Feature", "properties": { "grid_id": 1453, "crime_count": 5.0, "name": "Victoria-Fraserview" }, "geometry": { "type": "Polygon", "coordinates": [ [ [ 495073.558100000023842, 5452015.0603 ], [ 495073.558100000023842, 5452265.0603 ], [ 495323.558100000023842, 5452265.0603 ], [ 495323.558100000023842, 5452015.0603 ], [ 495073.558100000023842, 5452015.0603 ] ] ] } },
{ "type": "Feature", "properties": { "grid_id": 1454, "crime_count": 3.0, "name": "Victoria-Fraserview" }, "geometry": { "type": "Polygon", "coordinates": [ [ [ 495073.558100000023842, 5452265.0603 ], [ 495073.558100000023842, 5452515.0603 ], [ 495323.558100000023842, 5452515.0603 ], [ 495323.558100000023842, 5452265.0603 ], [ 495073.558100000023842, 5452265.0603 ] ] ] } },
{ "type": "Feature", "properties": { "grid_id": 1455, "crime_count": 13.0, "name": "Victoria-Fraserview" }, "geometry": { "type": "Polygon", "coordinates": [ [ [ 495073.558100000023842, 5452515.0603 ], [ 495073.558100000023842, 5452765.0603 ], [ 495323.558100000023842, 5452765.0603 ], [ 495323.558100000023842, 5452515.0603 ], [ 495073.558100000023842, 5452515.0603 ] ] ] } },
{ "type": "Feature", "properties": { "grid_id": 1456, "crime_count": 3.0, "name": "Victoria-Fraserview" }, "geometry": { "type": "Polygon", "coordinates": [ [ [ 495073.558100000023842, 5452765.0603 ], [ 495073.558100000023842, 5453015.0603 ], [ 495323.558100000023842, 5453015.0603 ], [ 495323.558100000023842, 5452765.0603 ], [ 495073.558100000023842, 5452765.0603 ] ] ] } },
{ "type": "Feature", "properties": { "grid_id": 1457, "crime_count": 4.0, "name": "Victoria-Fraserview" }, "geometry": { "type": "Polygon", "coordinates": [ [ [ 495073.558100000023842, 5453015.0603 ], [ 495073.558100000023842, 5453265.0603 ], [ 495323.558100000023842, 5453265.0603 ], [ 495323.558100000023842, 5453015.0603 ], [ 495073.558100000023842, 5453015.0603 ] ] ] } },
{ "type": "Feature", "properties": { "grid_id": 1458, "crime_count": 16.0, "name": "Kensington-Cedar Cottage" }, "geometry": { "type": "Polygon", "coordinates": [ [ [ 495073.558100000023842, 5453265.0603 ], [ 495073.558100000023842, 5453515.0603 ], [ 495323.558100000023842, 5453515.0603 ], [ 495323.558100000023842, 5453265.0603 ], [ 495073.558100000023842, 5453265.0603 ] ] ] } },
{ "type": "Feature", "properties": { "grid_id": 1459, "crime_count": 4.0, "name": "Kensington-Cedar Cottage" }, "geometry": { "type": "Polygon", "coordinates": [ [ [ 495073.558100000023842, 5453515.0603 ], [ 495073.558100000023842, 5453765.0603 ], [ 495323.558100000023842, 5453765.0603 ], [ 495323.558100000023842, 5453515.0603 ], [ 495073.558100000023842, 5453515.0603 ] ] ] } },
{ "type": "Feature", "properties": { "grid_id": 1460, "crime_count": 11.0, "name": "Kensington-Cedar Cottage" }, "geometry": { "type": "Polygon", "coordinates": [ [ [ 495073.558100000023842, 5453765.0603 ], [ 495073.558100000023842, 5454015.0603 ], [ 495323.558100000023842, 5454015.0603 ], [ 495323.558100000023842, 5453765.0603 ], [ 495073.558100000023842, 5453765.0603 ] ] ] } },
{ "type": "Feature", "properties": { "grid_id": 1461, "crime_count": 8.0, "name": "Kensington-Cedar Cottage" }, "geometry": { "type": "Polygon", "coordinates": [ [ [ 495073.558100000023842, 5454015.0603 ], [ 495073.558100000023842, 5454265.0603 ], [ 495323.558100000023842, 5454265.0603 ], [ 495323.558100000023842, 5454015.0603 ], [ 495073.558100000023842, 5454015.0603 ] ] ] } },
{ "type": "Feature", "properties": { "grid_id": 1462, "crime_count": 6.0, "name": "Kensington-Cedar Cottage" }, "geometry": { "type": "Polygon", "coordinates": [ [ [ 495073.558100000023842, 5454265.0603 ], [ 495073.558100000023842, 5454515.0603 ], [ 495323.558100000023842, 5454515.0603 ], [ 495323.558100000023842, 5454265.0603 ], [ 495073.558100000023842, 5454265.0603 ] ] ] } },
{ "type": "Feature", "properties": { "grid_id": 1463, "crime_count": 12.0, "name": "Kensington-Cedar Cottage" }, "geometry": { "type": "Polygon", "coordinates": [ [ [ 495073.558100000023842, 5454515.0603 ], [ 495073.558100000023842, 5454765.0603 ], [ 495323.558100000023842, 5454765.0603 ], [ 495323.558100000023842, 5454515.0603 ], [ 495073.558100000023842, 5454515.0603 ] ] ] } },
{ "type": "Feature", "properties": { "grid_id": 1464, "crime_count": 6.0, "name": "Kensington-Cedar Cottage" }, "geometry": { "type": "Polygon", "coordinates": [ [ [ 495073.558100000023842, 5454765.0603 ], [ 495073.558100000023842, 5455015.0603 ], [ 495323.558100000023842, 5455015.0603 ], [ 495323.558100000023842, 5454765.0603 ], [ 495073.558100000023842, 5454765.0603 ] ] ] } },
{ "type": "Feature", "properties": { "grid_id": 1465, "crime_count": 6.0, "name": "Kensington-Cedar Cottage" }, "geometry": { "type": "Polygon", "coordinates": [ [ [ 495073.558100000023842, 5455015.0603 ], [ 495073.558100000023842, 5455265.0603 ], [ 495323.558100000023842, 5455265.0603 ], [ 495323.558100000023842, 5455015.0603 ], [ 495073.558100000023842, 5455015.0603 ] ] ] } },
{ "type": "Feature", "properties": { "grid_id": 1466, "crime_count": 10.0, "name": "Kensington-Cedar Cottage" }, "geometry": { "type": "Polygon", "coordinates": [ [ [ 495073.558100000023842, 5455265.0603 ], [ 495073.558100000023842, 5455515.0603 ], [ 495323.558100000023842, 5455515.0603 ], [ 495323.558100000023842, 5455265.0603 ], [ 495073.558100000023842, 5455265.0603 ] ] ] } },
{ "type": "Feature", "properties": { "grid_id": 1467, "crime_count": 11.0, "name": "Kensington-Cedar Cottage" }, "geometry": { "type": "Polygon", "coordinates": [ [ [ 495073.558100000023842, 5455515.0603 ], [ 495073.558100000023842, 5455765.0603 ], [ 495323.558100000023842, 5455765.0603 ], [ 495323.558100000023842, 5455515.0603 ], [ 495073.558100000023842, 5455515.0603 ] ] ] } },
{ "type": "Feature", "properties": { "grid_id": 1468, "crime_count": 4.0, "name": "Kensington-Cedar Cottage" }, "geometry": { "type": "Polygon", "coordinates": [ [ [ 495073.558100000023842, 5455765.0603 ], [ 495073.558100000023842, 5456015.0603 ], [ 495323.558100000023842, 5456015.0603 ], [ 495323.558100000023842, 5455765.0603 ], [ 495073.558100000023842, 5455765.0603 ] ] ] } },
{ "type": "Feature", "properties": { "grid_id": 1469, "crime_count": 0.0, "name": "Kensington-Cedar Cottage" }, "geometry": { "type": "Polygon", "coordinates": [ [ [ 495073.558100000023842, 5456015.0603 ], [ 495073.558100000023842, 5456265.0603 ], [ 495323.558100000023842, 5456265.0603 ], [ 495323.558100000023842, 5456015.0603 ], [ 495073.558100000023842, 5456015.0603 ] ] ] } },
{ "type": "Feature", "properties": { "grid_id": 1470, "crime_count": 2.0, "name": "Kensington-Cedar Cottage" }, "geometry": { "type": "Polygon", "coordinates": [ [ [ 495073.558100000023842, 5456265.0603 ], [ 495073.558100000023842, 5456515.0603 ], [ 495323.558100000023842, 5456515.0603 ], [ 495323.558100000023842, 5456265.0603 ], [ 495073.558100000023842, 5456265.0603 ] ] ] } },
{ "type": "Feature", "properties": { "grid_id": 1471, "crime_count": 6.0, "name": "Grandview-Woodland" }, "geometry": { "type": "Polygon", "coordinates": [ [ [ 495073.558100000023842, 5456515.0603 ], [ 495073.558100000023842, 5456765.0603 ], [ 495323.558100000023842, 5456765.0603 ], [ 495323.558100000023842, 5456515.0603 ], [ 495073.558100000023842, 5456515.0603 ] ] ] } },
{ "type": "Feature", "properties": { "grid_id": 1472, "crime_count": 0.0, "name": "Grandview-Woodland" }, "geometry": { "type": "Polygon", "coordinates": [ [ [ 495073.558100000023842, 5456765.0603 ], [ 495073.558100000023842, 5457015.0603 ], [ 495323.558100000023842, 5457015.0603 ], [ 495323.558100000023842, 5456765.0603 ], [ 495073.558100000023842, 5456765.0603 ] ] ] } },
{ "type": "Feature", "properties": { "grid_id": 1473, "crime_count": 2.0, "name": "Grandview-Woodland" }, "geometry": { "type": "Polygon", "coordinates": [ [ [ 495073.558100000023842, 5457015.0603 ], [ 495073.558100000023842, 5457265.0603 ], [ 495323.558100000023842, 5457265.0603 ], [ 495323.558100000023842, 5457015.0603 ], [ 495073.558100000023842, 5457015.0603 ] ] ] } },
{ "type": "Feature", "properties": { "grid_id": 1474, "crime_count": 4.0, "name": "Grandview-Woodland" }, "geometry": { "type": "Polygon", "coordinates": [ [ [ 495073.558100000023842, 5457265.0603 ], [ 495073.558100000023842, 5457515.0603 ], [ 495323.558100000023842, 5457515.0603 ], [ 495323.558100000023842, 5457265.0603 ], [ 495073.558100000023842, 5457265.0603 ] ] ] } },
{ "type": "Feature", "properties": { "grid_id": 1475, "crime_count": 2.0, "name": "Grandview-Woodland" }, "geometry": { "type": "Polygon", "coordinates": [ [ [ 495073.558100000023842, 5457515.0603 ], [ 495073.558100000023842, 5457765.0603 ], [ 495323.558100000023842, 5457765.0603 ], [ 495323.558100000023842, 5457515.0603 ], [ 495073.558100000023842, 5457515.0603 ] ] ] } },
{ "type": "Feature", "properties": { "grid_id": 1476, "crime_count": 5.0, "name": "Grandview-Woodland" }, "geometry": { "type": "Polygon", "coordinates": [ [ [ 495073.558100000023842, 5457765.0603 ], [ 495073.558100000023842, 5458015.0603 ], [ 495323.558100000023842, 5458015.0603 ], [ 495323.558100000023842, 5457765.0603 ], [ 495073.558100000023842, 5457765.0603 ] ] ] } },
{ "type": "Feature", "properties": { "grid_id": 1477, "crime_count": 2.0, "name": "Grandview-Woodland" }, "geometry": { "type": "Polygon", "coordinates": [ [ [ 495073.558100000023842, 5458015.0603 ], [ 495073.558100000023842, 5458265.0603 ], [ 495323.558100000023842, 5458265.0603 ], [ 495323.558100000023842, 5458015.0603 ], [ 495073.558100000023842, 5458015.0603 ] ] ] } },
{ "type": "Feature", "properties": { "grid_id": 1478, "crime_count": 11.0, "name": "Grandview-Woodland" }, "geometry": { "type": "Polygon", "coordinates": [ [ [ 495073.558100000023842, 5458265.0603 ], [ 495073.558100000023842, 5458515.0603 ], [ 495323.558100000023842, 5458515.0603 ], [ 495323.558100000023842, 5458265.0603 ], [ 495073.558100000023842, 5458265.0603 ] ] ] } },
{ "type": "Feature", "properties": { "grid_id": 1479, "crime_count": 4.0, "name": "Grandview-Woodland" }, "geometry": { "type": "Polygon", "coordinates": [ [ [ 495073.558100000023842, 5458515.0603 ], [ 495073.558100000023842, 5458765.0603 ], [ 495323.558100000023842, 5458765.0603 ], [ 495323.558100000023842, 5458515.0603 ], [ 495073.558100000023842, 5458515.0603 ] ] ] } },
{ "type": "Feature", "properties": { "grid_id": 1480, "crime_count": 2.0, "name": "Grandview-Woodland" }, "geometry": { "type": "Polygon", "coordinates": [ [ [ 495073.558100000023842, 5458765.0603 ], [ 495073.558100000023842, 5459015.0603 ], [ 495323.558100000023842, 5459015.0603 ], [ 495323.558100000023842, 5458765.0603 ], [ 495073.558100000023842, 5458765.0603 ] ] ] } },
{ "type": "Feature", "properties": { "grid_id": 1481, "crime_count": 5.0, "name": "Grandview-Woodland" }, "geometry": { "type": "Polygon", "coordinates": [ [ [ 495073.558100000023842, 5459015.0603 ], [ 495073.558100000023842, 5459265.0603 ], [ 495323.558100000023842, 5459265.0603 ], [ 495323.558100000023842, 5459015.0603 ], [ 495073.558100000023842, 5459015.0603 ] ] ] } },
{ "type": "Feature", "properties": { "grid_id": 1482, "crime_count": 0.0, "name": "Grandview-Woodland" }, "geometry": { "type": "Polygon", "coordinates": [ [ [ 495073.558100000023842, 5459265.0603 ], [ 495073.558100000023842, 5459515.0603 ], [ 495323.558100000023842, 5459515.0603 ], [ 495323.558100000023842, 5459265.0603 ], [ 495073.558100000023842, 5459265.0603 ] ] ] } },
{ "type": "Feature", "properties": { "grid_id": 1483, "crime_count": 0.0, "name": "Grandview-Woodland" }, "geometry": { "type": "Polygon", "coordinates": [ [ [ 495323.558100000023842, 5459515.0603 ], [ 495073.558100000023842, 5459515.0603 ], [ 495073.558100000023842, 5459707.896355035714805 ], [ 495323.558100000023842, 5459665.553092639893293 ], [ 495323.558100000023842, 5459515.0603 ] ] ] } },
{ "type": "Feature", "properties": { "grid_id": 1484, "crime_count": 0.0, "name": "Victoria-Fraserview" }, "geometry": { "type": "Polygon", "coordinates": [ [ [ 495323.558100000023842, 5450265.0603 ], [ 495573.558100000023842, 5450265.0603 ], [ 495573.558100000023842, 5450172.926444785669446 ], [ 495526.799174741317984, 5450179.654971705749631 ], [ 495456.231300464132801, 5450194.131304420530796 ], [ 495386.778830695140641, 5450212.84837944060564 ], [ 495323.558100000023842, 5450233.527205894701183 ], [ 495323.558100000023842, 5450265.0603 ] ] ] } },
{ "type": "Feature", "properties": { "grid_id": 1485, "crime_count": 0.0, "name": "Victoria-Fraserview" }, "geometry": { "type": "Polygon", "coordinates": [ [ [ 495323.558100000023842, 5450265.0603 ], [ 495323.558100000023842, 5450515.0603 ], [ 495573.558100000023842, 5450515.0603 ], [ 495573.558100000023842, 5450265.0603 ], [ 495323.558100000023842, 5450265.0603 ] ] ] } },
{ "type": "Feature", "properties": { "grid_id": 1486, "crime_count": 2.0, "name": "Victoria-Fraserview" }, "geometry": { "type": "Polygon", "coordinates": [ [ [ 495323.558100000023842, 5450515.0603 ], [ 495323.558100000023842, 5450765.0603 ], [ 495573.558100000023842, 5450765.0603 ], [ 495573.558100000023842, 5450515.0603 ], [ 495323.558100000023842, 5450515.0603 ] ] ] } },
{ "type": "Feature", "properties": { "grid_id": 1487, "crime_count": 1.0, "name": "Victoria-Fraserview" }, "geometry": { "type": "Polygon", "coordinates": [ [ [ 495323.558100000023842, 5450765.0603 ], [ 495323.558100000023842, 5451015.0603 ], [ 495573.558100000023842, 5451015.0603 ], [ 495573.558100000023842, 5450765.0603 ], [ 495323.558100000023842, 5450765.0603 ] ] ] } },
{ "type": "Feature", "properties": { "grid_id": 1488, "crime_count": 1.0, "name": "Victoria-Fraserview" }, "geometry": { "type": "Polygon", "coordinates": [ [ [ 495323.558100000023842, 5451015.0603 ], [ 495323.558100000023842, 5451265.0603 ], [ 495573.558100000023842, 5451265.0603 ], [ 495573.558100000023842, 5451015.0603 ], [ 495323.558100000023842, 5451015.0603 ] ] ] } },
{ "type": "Feature", "properties": { "grid_id": 1489, "crime_count": 1.0, "name": "Victoria-Fraserview" }, "geometry": { "type": "Polygon", "coordinates": [ [ [ 495323.558100000023842, 5451265.0603 ], [ 495323.558100000023842, 5451515.0603 ], [ 495573.558100000023842, 5451515.0603 ], [ 495573.558100000023842, 5451265.0603 ], [ 495323.558100000023842, 5451265.0603 ] ] ] } },
{ "type": "Feature", "properties": { "grid_id": 1490, "crime_count": 2.0, "name": "Victoria-Fraserview" }, "geometry": { "type": "Polygon", "coordinates": [ [ [ 495323.558100000023842, 5451515.0603 ], [ 495323.558100000023842, 5451765.0603 ], [ 495573.558100000023842, 5451765.0603 ], [ 495573.558100000023842, 5451515.0603 ], [ 495323.558100000023842, 5451515.0603 ] ] ] } },
{ "type": "Feature", "properties": { "grid_id": 1491, "crime_count": 0.0, "name": "Victoria-Fraserview" }, "geometry": { "type": "Polygon", "coordinates": [ [ [ 495323.558100000023842, 5451765.0603 ], [ 495323.558100000023842, 5452015.0603 ], [ 495573.558100000023842, 5452015.0603 ], [ 495573.558100000023842, 5451765.0603 ], [ 495323.558100000023842, 5451765.0603 ] ] ] } },
{ "type": "Feature", "properties": { "grid_id": 1492, "crime_count": 3.0, "name": "Victoria-Fraserview" }, "geometry": { "type": "Polygon", "coordinates": [ [ [ 495323.558100000023842, 5452015.0603 ], [ 495323.558100000023842, 5452265.0603 ], [ 495573.558100000023842, 5452265.0603 ], [ 495573.558100000023842, 5452015.0603 ], [ 495323.558100000023842, 5452015.0603 ] ] ] } },
{ "type": "Feature", "properties": { "grid_id": 1493, "crime_count": 0.0, "name": "Victoria-Fraserview" }, "geometry": { "type": "Polygon", "coordinates": [ [ [ 495323.558100000023842, 5452265.0603 ], [ 495323.558100000023842, 5452515.0603 ], [ 495573.558100000023842, 5452515.0603 ], [ 495573.558100000023842, 5452265.0603 ], [ 495323.558100000023842, 5452265.0603 ] ] ] } },
{ "type": "Feature", "properties": { "grid_id": 1494, "crime_count": 2.0, "name": "Victoria-Fraserview" }, "geometry": { "type": "Polygon", "coordinates": [ [ [ 495323.558100000023842, 5452515.0603 ], [ 495323.558100000023842, 5452765.0603 ], [ 495573.558100000023842, 5452765.0603 ], [ 495573.558100000023842, 5452515.0603 ], [ 495323.558100000023842, 5452515.0603 ] ] ] } },
{ "type": "Feature", "properties": { "grid_id": 1495, "crime_count": 3.0, "name": "Victoria-Fraserview" }, "geometry": { "type": "Polygon", "coordinates": [ [ [ 495323.558100000023842, 5452765.0603 ], [ 495323.558100000023842, 5453015.0603 ], [ 495573.558100000023842, 5453015.0603 ], [ 495573.558100000023842, 5452765.0603 ], [ 495323.558100000023842, 5452765.0603 ] ] ] } },
{ "type": "Feature", "properties": { "grid_id": 1496, "crime_count": 2.0, "name": "Victoria-Fraserview" }, "geometry": { "type": "Polygon", "coordinates": [ [ [ 495323.558100000023842, 5453015.0603 ], [ 495323.558100000023842, 5453265.0603 ], [ 495573.558100000023842, 5453265.0603 ], [ 495573.558100000023842, 5453015.0603 ], [ 495323.558100000023842, 5453015.0603 ] ] ] } },
{ "type": "Feature", "properties": { "grid_id": 1497, "crime_count": 3.0, "name": "Kensington-Cedar Cottage" }, "geometry": { "type": "Polygon", "coordinates": [ [ [ 495323.558100000023842, 5453265.0603 ], [ 495323.558100000023842, 5453515.0603 ], [ 495573.558100000023842, 5453515.0603 ], [ 495573.558100000023842, 5453265.0603 ], [ 495323.558100000023842, 5453265.0603 ] ] ] } },
{ "type": "Feature", "properties": { "grid_id": 1498, "crime_count": 3.0, "name": "Kensington-Cedar Cottage" }, "geometry": { "type": "Polygon", "coordinates": [ [ [ 495323.558100000023842, 5453515.0603 ], [ 495323.558100000023842, 5453765.0603 ], [ 495573.558100000023842, 5453765.0603 ], [ 495573.558100000023842, 5453515.0603 ], [ 495323.558100000023842, 5453515.0603 ] ] ] } },
{ "type": "Feature", "properties": { "grid_id": 1499, "crime_count": 2.0, "name": "Kensington-Cedar Cottage" }, "geometry": { "type": "Polygon", "coordinates": [ [ [ 495323.558100000023842, 5453765.0603 ], [ 495323.558100000023842, 5454015.0603 ], [ 495573.558100000023842, 5454015.0603 ], [ 495573.558100000023842, 5453765.0603 ], [ 495323.558100000023842, 5453765.0603 ] ] ] } },
{ "type": "Feature", "properties": { "grid_id": 1500, "crime_count": 4.0, "name": "Kensington-Cedar Cottage" }, "geometry": { "type": "Polygon", "coordinates": [ [ [ 495323.558100000023842, 5454015.0603 ], [ 495323.558100000023842, 5454265.0603 ], [ 495573.558100000023842, 5454265.0603 ], [ 495573.558100000023842, 5454015.0603 ], [ 495323.558100000023842, 5454015.0603 ] ] ] } },
{ "type": "Feature", "properties": { "grid_id": 1501, "crime_count": 10.0, "name": "Kensington-Cedar Cottage" }, "geometry": { "type": "Polygon", "coordinates": [ [ [ 495323.558100000023842, 5454265.0603 ], [ 495323.558100000023842, 5454515.0603 ], [ 495573.558100000023842, 5454515.0603 ], [ 495573.558100000023842, 5454265.0603 ], [ 495323.558100000023842, 5454265.0603 ] ] ] } },
{ "type": "Feature", "properties": { "grid_id": 1502, "crime_count": 28.0, "name": "Kensington-Cedar Cottage" }, "geometry": { "type": "Polygon", "coordinates": [ [ [ 495323.558100000023842, 5454515.0603 ], [ 495323.558100000023842, 5454765.0603 ], [ 495573.558100000023842, 5454765.0603 ], [ 495573.558100000023842, 5454515.0603 ], [ 495323.558100000023842, 5454515.0603 ] ] ] } },
{ "type": "Feature", "properties": { "grid_id": 1503, "crime_count": 2.0, "name": "Kensington-Cedar Cottage" }, "geometry": { "type": "Polygon", "coordinates": [ [ [ 495323.558100000023842, 5454765.0603 ], [ 495323.558100000023842, 5455015.0603 ], [ 495573.558100000023842, 5455015.0603 ], [ 495573.558100000023842, 5454765.0603 ], [ 495323.558100000023842, 5454765.0603 ] ] ] } },
{ "type": "Feature", "properties": { "grid_id": 1504, "crime_count": 0.0, "name": "Kensington-Cedar Cottage" }, "geometry": { "type": "Polygon", "coordinates": [ [ [ 495323.558100000023842, 5455015.0603 ], [ 495323.558100000023842, 5455265.0603 ], [ 495573.558100000023842, 5455265.0603 ], [ 495573.558100000023842, 5455015.0603 ], [ 495323.558100000023842, 5455015.0603 ] ] ] } },
{ "type": "Feature", "properties": { "grid_id": 1505, "crime_count": 0.0, "name": "Kensington-Cedar Cottage" }, "geometry": { "type": "Polygon", "coordinates": [ [ [ 495323.558100000023842, 5455265.0603 ], [ 495323.558100000023842, 5455515.0603 ], [ 495573.558100000023842, 5455515.0603 ], [ 495573.558100000023842, 5455265.0603 ], [ 495323.558100000023842, 5455265.0603 ] ] ] } },
{ "type": "Feature", "properties": { "grid_id": 1506, "crime_count": 2.0, "name": "Kensington-Cedar Cottage" }, "geometry": { "type": "Polygon", "coordinates": [ [ [ 495323.558100000023842, 5455515.0603 ], [ 495323.558100000023842, 5455765.0603 ], [ 495573.558100000023842, 5455765.0603 ], [ 495573.558100000023842, 5455515.0603 ], [ 495323.558100000023842, 5455515.0603 ] ] ] } },
{ "type": "Feature", "properties": { "grid_id": 1507, "crime_count": 0.0, "name": "Kensington-Cedar Cottage" }, "geometry": { "type": "Polygon", "coordinates": [ [ [ 495323.558100000023842, 5455765.0603 ], [ 495323.558100000023842, 5456015.0603 ], [ 495573.558100000023842, 5456015.0603 ], [ 495573.558100000023842, 5455765.0603 ], [ 495323.558100000023842, 5455765.0603 ] ] ] } },
{ "type": "Feature", "properties": { "grid_id": 1508, "crime_count": 3.0, "name": "Kensington-Cedar Cottage" }, "geometry": { "type": "Polygon", "coordinates": [ [ [ 495323.558100000023842, 5456015.0603 ], [ 495323.558100000023842, 5456265.0603 ], [ 495573.558100000023842, 5456265.0603 ], [ 495573.558100000023842, 5456015.0603 ], [ 495323.558100000023842, 5456015.0603 ] ] ] } },
{ "type": "Feature", "properties": { "grid_id": 1509, "crime_count": 5.0, "name": "Kensington-Cedar Cottage" }, "geometry": { "type": "Polygon", "coordinates": [ [ [ 495323.558100000023842, 5456265.0603 ], [ 495323.558100000023842, 5456515.0603 ], [ 495573.558100000023842, 5456515.0603 ], [ 495573.558100000023842, 5456265.0603 ], [ 495323.558100000023842, 5456265.0603 ] ] ] } },
{ "type": "Feature", "properties": { "grid_id": 1510, "crime_count": 3.0, "name": "Grandview-Woodland" }, "geometry": { "type": "Polygon", "coordinates": [ [ [ 495323.558100000023842, 5456515.0603 ], [ 495323.558100000023842, 5456765.0603 ], [ 495573.558100000023842, 5456765.0603 ], [ 495573.558100000023842, 5456515.0603 ], [ 495323.558100000023842, 5456515.0603 ] ] ] } },
{ "type": "Feature", "properties": { "grid_id": 1511, "crime_count": 2.0, "name": "Grandview-Woodland" }, "geometry": { "type": "Polygon", "coordinates": [ [ [ 495323.558100000023842, 5456765.0603 ], [ 495323.558100000023842, 5457015.0603 ], [ 495573.558100000023842, 5457015.0603 ], [ 495573.558100000023842, 5456765.0603 ], [ 495323.558100000023842, 5456765.0603 ] ] ] } },
{ "type": "Feature", "properties": { "grid_id": 1512, "crime_count": 3.0, "name": "Grandview-Woodland" }, "geometry": { "type": "Polygon", "coordinates": [ [ [ 495323.558100000023842, 5457015.0603 ], [ 495323.558100000023842, 5457265.0603 ], [ 495573.558100000023842, 5457265.0603 ], [ 495573.558100000023842, 5457015.0603 ], [ 495323.558100000023842, 5457015.0603 ] ] ] } },
{ "type": "Feature", "properties": { "grid_id": 1513, "crime_count": 3.0, "name": "Grandview-Woodland" }, "geometry": { "type": "Polygon", "coordinates": [ [ [ 495323.558100000023842, 5457265.0603 ], [ 495323.558100000023842, 5457515.0603 ], [ 495573.558100000023842, 5457515.0603 ], [ 495573.558100000023842, 5457265.0603 ], [ 495323.558100000023842, 5457265.0603 ] ] ] } },
{ "type": "Feature", "properties": { "grid_id": 1514, "crime_count": 2.0, "name": "Grandview-Woodland" }, "geometry": { "type": "Polygon", "coordinates": [ [ [ 495323.558100000023842, 5457515.0603 ], [ 495323.558100000023842, 5457765.0603 ], [ 495573.558100000023842, 5457765.0603 ], [ 495573.558100000023842, 5457515.0603 ], [ 495323.558100000023842, 5457515.0603 ] ] ] } },
{ "type": "Feature", "properties": { "grid_id": 1515, "crime_count": 1.0, "name": "Grandview-Woodland" }, "geometry": { "type": "Polygon", "coordinates": [ [ [ 495323.558100000023842, 5457765.0603 ], [ 495323.558100000023842, 5458015.0603 ], [ 495573.558100000023842, 5458015.0603 ], [ 495573.558100000023842, 5457765.0603 ], [ 495323.558100000023842, 5457765.0603 ] ] ] } },
{ "type": "Feature", "properties": { "grid_id": 1516, "crime_count": 2.0, "name": "Grandview-Woodland" }, "geometry": { "type": "Polygon", "coordinates": [ [ [ 495323.558100000023842, 5458015.0603 ], [ 495323.558100000023842, 5458265.0603 ], [ 495573.558100000023842, 5458265.0603 ], [ 495573.558100000023842, 5458015.0603 ], [ 495323.558100000023842, 5458015.0603 ] ] ] } },
{ "type": "Feature", "properties": { "grid_id": 1517, "crime_count": 5.0, "name": "Grandview-Woodland" }, "geometry": { "type": "Polygon", "coordinates": [ [ [ 495323.558100000023842, 5458265.0603 ], [ 495323.558100000023842, 5458515.0603 ], [ 495573.558100000023842, 5458515.0603 ], [ 495573.558100000023842, 5458265.0603 ], [ 495323.558100000023842, 5458265.0603 ] ] ] } },
{ "type": "Feature", "properties": { "grid_id": 1518, "crime_count": 6.0, "name": "Grandview-Woodland" }, "geometry": { "type": "Polygon", "coordinates": [ [ [ 495323.558100000023842, 5458515.0603 ], [ 495323.558100000023842, 5458765.0603 ], [ 495573.558100000023842, 5458765.0603 ], [ 495573.558100000023842, 5458515.0603 ], [ 495323.558100000023842, 5458515.0603 ] ] ] } },
{ "type": "Feature", "properties": { "grid_id": 1519, "crime_count": 4.0, "name": "Grandview-Woodland" }, "geometry": { "type": "Polygon", "coordinates": [ [ [ 495323.558100000023842, 5458765.0603 ], [ 495323.558100000023842, 5459015.0603 ], [ 495573.558100000023842, 5459015.0603 ], [ 495573.558100000023842, 5458765.0603 ], [ 495323.558100000023842, 5458765.0603 ] ] ] } },
{ "type": "Feature", "properties": { "grid_id": 1520, "crime_count": 7.0, "name": "Grandview-Woodland" }, "geometry": { "type": "Polygon", "coordinates": [ [ [ 495323.558100000023842, 5459015.0603 ], [ 495323.558100000023842, 5459265.0603 ], [ 495573.558100000023842, 5459265.0603 ], [ 495573.558100000023842, 5459015.0603 ], [ 495323.558100000023842, 5459015.0603 ] ] ] } },
{ "type": "Feature", "properties": { "grid_id": 1521, "crime_count": 2.0, "name": "Grandview-Woodland" }, "geometry": { "type": "Polygon", "coordinates": [ [ [ 495323.558100000023842, 5459265.0603 ], [ 495323.558100000023842, 5459515.0603 ], [ 495573.558100000023842, 5459515.0603 ], [ 495573.558100000023842, 5459265.0603 ], [ 495323.558100000023842, 5459265.0603 ] ] ] } },
{ "type": "Feature", "properties": { "grid_id": 1522, "crime_count": 0.0, "name": "Grandview-Woodland" }, "geometry": { "type": "Polygon", "coordinates": [ [ [ 495573.558100000023842, 5459765.0603 ], [ 495573.558100000023842, 5459515.0603 ], [ 495323.558100000023842, 5459515.0603 ], [ 495323.558100000023842, 5459665.553092639893293 ], [ 495446.272137564606965, 5459644.768641870468855 ], [ 495458.029252922628075, 5459765.0603 ], [ 495573.558100000023842, 5459765.0603 ] ] ] } },
{ "type": "Feature", "properties": { "grid_id": 1523, "crime_count": 0.0, "name": "Grandview-Woodland" }, "geometry": { "type": "Polygon", "coordinates": [ [ [ 495573.558100000023842, 5459765.0603 ], [ 495458.029252922628075, 5459765.0603 ], [ 495460.819646018091589, 5459793.609906095080078 ], [ 495573.558100000023842, 5459869.361197699792683 ], [ 495573.558100000023842, 5459765.0603 ] ] ] } },
{ "type": "Feature", "properties": { "grid_id": 1524, "crime_count": 0.0, "name": "Victoria-Fraserview" }, "geometry": { "type": "Polygon", "coordinates": [ [ [ 495573.558100000023842, 5450265.0603 ], [ 495823.558100000023842, 5450265.0603 ], [ 495823.558100000023842, 5450158.448349762707949 ], [ 495741.302111442841124, 5450159.977551966905594 ], [ 495669.612605539092328, 5450162.577859372831881 ], [ 495597.92655220098095, 5450169.419867468997836 ], [ 495573.558100000023842, 5450172.926444785669446 ], [ 495573.558100000023842, 5450265.0603 ] ] ] } },
{ "type": "Feature", "properties": { "grid_id": 1525, "crime_count": 1.0, "name": "Victoria-Fraserview" }, "geometry": { "type": "Polygon", "coordinates": [ [ [ 495573.558100000023842, 5450265.0603 ], [ 495573.558100000023842, 5450515.0603 ], [ 495823.558100000023842, 5450515.0603 ], [ 495823.558100000023842, 5450265.0603 ], [ 495573.558100000023842, 5450265.0603 ] ] ] } },
{ "type": "Feature", "properties": { "grid_id": 1526, "crime_count": 1.0, "name": "Victoria-Fraserview" }, "geometry": { "type": "Polygon", "coordinates": [ [ [ 495573.558100000023842, 5450515.0603 ], [ 495573.558100000023842, 5450765.0603 ], [ 495823.558100000023842, 5450765.0603 ], [ 495823.558100000023842, 5450515.0603 ], [ 495573.558100000023842, 5450515.0603 ] ] ] } },
{ "type": "Feature", "properties": { "grid_id": 1527, "crime_count": 1.0, "name": "Victoria-Fraserview" }, "geometry": { "type": "Polygon", "coordinates": [ [ [ 495573.558100000023842, 5450765.0603 ], [ 495573.558100000023842, 5451015.0603 ], [ 495823.558100000023842, 5451015.0603 ], [ 495823.558100000023842, 5450765.0603 ], [ 495573.558100000023842, 5450765.0603 ] ] ] } },
{ "type": "Feature", "properties": { "grid_id": 1528, "crime_count": 1.0, "name": "Victoria-Fraserview" }, "geometry": { "type": "Polygon", "coordinates": [ [ [ 495573.558100000023842, 5451015.0603 ], [ 495573.558100000023842, 5451265.0603 ], [ 495823.558100000023842, 5451265.0603 ], [ 495823.558100000023842, 5451015.0603 ], [ 495573.558100000023842, 5451015.0603 ] ] ] } },
{ "type": "Feature", "properties": { "grid_id": 1529, "crime_count": 1.0, "name": "Victoria-Fraserview" }, "geometry": { "type": "Polygon", "coordinates": [ [ [ 495573.558100000023842, 5451265.0603 ], [ 495573.558100000023842, 5451515.0603 ], [ 495823.558100000023842, 5451515.0603 ], [ 495823.558100000023842, 5451265.0603 ], [ 495573.558100000023842, 5451265.0603 ] ] ] } },
{ "type": "Feature", "properties": { "grid_id": 1530, "crime_count": 2.0, "name": "Victoria-Fraserview" }, "geometry": { "type": "Polygon", "coordinates": [ [ [ 495573.558100000023842, 5451515.0603 ], [ 495573.558100000023842, 5451765.0603 ], [ 495823.558100000023842, 5451765.0603 ], [ 495823.558100000023842, 5451515.0603 ], [ 495573.558100000023842, 5451515.0603 ] ] ] } },
{ "type": "Feature", "properties": { "grid_id": 1531, "crime_count": 3.0, "name": "Victoria-Fraserview" }, "geometry": { "type": "Polygon", "coordinates": [ [ [ 495573.558100000023842, 5451765.0603 ], [ 495573.558100000023842, 5452015.0603 ], [ 495823.558100000023842, 5452015.0603 ], [ 495823.558100000023842, 5451765.0603 ], [ 495573.558100000023842, 5451765.0603 ] ] ] } },
{ "type": "Feature", "properties": { "grid_id": 1532, "crime_count": 2.0, "name": "Victoria-Fraserview" }, "geometry": { "type": "Polygon", "coordinates": [ [ [ 495573.558100000023842, 5452015.0603 ], [ 495573.558100000023842, 5452265.0603 ], [ 495823.558100000023842, 5452265.0603 ], [ 495823.558100000023842, 5452015.0603 ], [ 495573.558100000023842, 5452015.0603 ] ] ] } },
{ "type": "Feature", "properties": { "grid_id": 1533, "crime_count": 2.0, "name": "Victoria-Fraserview" }, "geometry": { "type": "Polygon", "coordinates": [ [ [ 495573.558100000023842, 5452265.0603 ], [ 495573.558100000023842, 5452515.0603 ], [ 495823.558100000023842, 5452515.0603 ], [ 495823.558100000023842, 5452265.0603 ], [ 495573.558100000023842, 5452265.0603 ] ] ] } },
{ "type": "Feature", "properties": { "grid_id": 1534, "crime_count": 1.0, "name": "Victoria-Fraserview" }, "geometry": { "type": "Polygon", "coordinates": [ [ [ 495573.558100000023842, 5452515.0603 ], [ 495573.558100000023842, 5452765.0603 ], [ 495823.558100000023842, 5452765.0603 ], [ 495823.558100000023842, 5452515.0603 ], [ 495573.558100000023842, 5452515.0603 ] ] ] } },
{ "type": "Feature", "properties": { "grid_id": 1535, "crime_count": 4.0, "name": "Victoria-Fraserview" }, "geometry": { "type": "Polygon", "coordinates": [ [ [ 495573.558100000023842, 5452765.0603 ], [ 495573.558100000023842, 5453015.0603 ], [ 495823.558100000023842, 5453015.0603 ], [ 495823.558100000023842, 5452765.0603 ], [ 495573.558100000023842, 5452765.0603 ] ] ] } },
{ "type": "Feature", "properties": { "grid_id": 1536, "crime_count": 1.0, "name": "Victoria-Fraserview" }, "geometry": { "type": "Polygon", "coordinates": [ [ [ 495573.558100000023842, 5453015.0603 ], [ 495573.558100000023842, 5453265.0603 ], [ 495823.558100000023842, 5453265.0603 ], [ 495823.558100000023842, 5453015.0603 ], [ 495573.558100000023842, 5453015.0603 ] ] ] } },
{ "type": "Feature", "properties": { "grid_id": 1537, "crime_count": 5.0, "name": "Kensington-Cedar Cottage" }, "geometry": { "type": "Polygon", "coordinates": [ [ [ 495573.558100000023842, 5453265.0603 ], [ 495573.558100000023842, 5453515.0603 ], [ 495823.558100000023842, 5453515.0603 ], [ 495823.558100000023842, 5453265.0603 ], [ 495573.558100000023842, 5453265.0603 ] ] ] } },
{ "type": "Feature", "properties": { "grid_id": 1538, "crime_count": 7.0, "name": "Kensington-Cedar Cottage" }, "geometry": { "type": "Polygon", "coordinates": [ [ [ 495573.558100000023842, 5453515.0603 ], [ 495573.558100000023842, 5453765.0603 ], [ 495823.558100000023842, 5453765.0603 ], [ 495823.558100000023842, 5453515.0603 ], [ 495573.558100000023842, 5453515.0603 ] ] ] } },
{ "type": "Feature", "properties": { "grid_id": 1539, "crime_count": 3.0, "name": "Kensington-Cedar Cottage" }, "geometry": { "type": "Polygon", "coordinates": [ [ [ 495573.558100000023842, 5453765.0603 ], [ 495573.558100000023842, 5454015.0603 ], [ 495823.558100000023842, 5454015.0603 ], [ 495823.558100000023842, 5453765.0603 ], [ 495573.558100000023842, 5453765.0603 ] ] ] } },
{ "type": "Feature", "properties": { "grid_id": 1540, "crime_count": 2.0, "name": "Kensington-Cedar Cottage" }, "geometry": { "type": "Polygon", "coordinates": [ [ [ 495573.558100000023842, 5454015.0603 ], [ 495573.558100000023842, 5454265.0603 ], [ 495823.558100000023842, 5454265.0603 ], [ 495823.558100000023842, 5454015.0603 ], [ 495573.558100000023842, 5454015.0603 ] ] ] } },
{ "type": "Feature", "properties": { "grid_id": 1541, "crime_count": 18.0, "name": "Kensington-Cedar Cottage" }, "geometry": { "type": "Polygon", "coordinates": [ [ [ 495573.558100000023842, 5454265.0603 ], [ 495573.558100000023842, 5454515.0603 ], [ 495823.558100000023842, 5454515.0603 ], [ 495823.558100000023842, 5454265.0603 ], [ 495573.558100000023842, 5454265.0603 ] ] ] } },
{ "type": "Feature", "properties": { "grid_id": 1542, "crime_count": 2.0, "name": "Kensington-Cedar Cottage" }, "geometry": { "type": "Polygon", "coordinates": [ [ [ 495573.558100000023842, 5454515.0603 ], [ 495573.558100000023842, 5454765.0603 ], [ 495823.558100000023842, 5454765.0603 ], [ 495823.558100000023842, 5454515.0603 ], [ 495573.558100000023842, 5454515.0603 ] ] ] } },
{ "type": "Feature", "properties": { "grid_id": 1543, "crime_count": 8.0, "name": "Kensington-Cedar Cottage" }, "geometry": { "type": "Polygon", "coordinates": [ [ [ 495573.558100000023842, 5454765.0603 ], [ 495573.558100000023842, 5455015.0603 ], [ 495823.558100000023842, 5455015.0603 ], [ 495823.558100000023842, 5454765.0603 ], [ 495573.558100000023842, 5454765.0603 ] ] ] } },
{ "type": "Feature", "properties": { "grid_id": 1544, "crime_count": 11.0, "name": "Kensington-Cedar Cottage" }, "geometry": { "type": "Polygon", "coordinates": [ [ [ 495573.558100000023842, 5455015.0603 ], [ 495573.558100000023842, 5455265.0603 ], [ 495823.558100000023842, 5455265.0603 ], [ 495823.558100000023842, 5455015.0603 ], [ 495573.558100000023842, 5455015.0603 ] ] ] } },
{ "type": "Feature", "properties": { "grid_id": 1545, "crime_count": 5.0, "name": "Kensington-Cedar Cottage" }, "geometry": { "type": "Polygon", "coordinates": [ [ [ 495573.558100000023842, 5455265.0603 ], [ 495573.558100000023842, 5455515.0603 ], [ 495823.558100000023842, 5455515.0603 ], [ 495823.558100000023842, 5455265.0603 ], [ 495573.558100000023842, 5455265.0603 ] ] ] } },
{ "type": "Feature", "properties": { "grid_id": 1546, "crime_count": 0.0, "name": "Kensington-Cedar Cottage" }, "geometry": { "type": "Polygon", "coordinates": [ [ [ 495573.558100000023842, 5455515.0603 ], [ 495573.558100000023842, 5455765.0603 ], [ 495823.558100000023842, 5455765.0603 ], [ 495823.558100000023842, 5455515.0603 ], [ 495573.558100000023842, 5455515.0603 ] ] ] } },
{ "type": "Feature", "properties": { "grid_id": 1547, "crime_count": 1.0, "name": "Kensington-Cedar Cottage" }, "geometry": { "type": "Polygon", "coordinates": [ [ [ 495573.558100000023842, 5455765.0603 ], [ 495573.558100000023842, 5456015.0603 ], [ 495823.558100000023842, 5456015.0603 ], [ 495823.558100000023842, 5455765.0603 ], [ 495573.558100000023842, 5455765.0603 ] ] ] } },
{ "type": "Feature", "properties": { "grid_id": 1548, "crime_count": 0.0, "name": "Kensington-Cedar Cottage" }, "geometry": { "type": "Polygon", "coordinates": [ [ [ 495573.558100000023842, 5456015.0603 ], [ 495573.558100000023842, 5456265.0603 ], [ 495823.558100000023842, 5456265.0603 ], [ 495823.558100000023842, 5456015.0603 ], [ 495573.558100000023842, 5456015.0603 ] ] ] } },
{ "type": "Feature", "properties": { "grid_id": 1549, "crime_count": 9.0, "name": "Kensington-Cedar Cottage" }, "geometry": { "type": "Polygon", "coordinates": [ [ [ 495573.558100000023842, 5456265.0603 ], [ 495573.558100000023842, 5456515.0603 ], [ 495823.558100000023842, 5456515.0603 ], [ 495823.558100000023842, 5456265.0603 ], [ 495573.558100000023842, 5456265.0603 ] ] ] } },
{ "type": "Feature", "properties": { "grid_id": 1550, "crime_count": 4.0, "name": "Grandview-Woodland" }, "geometry": { "type": "Polygon", "coordinates": [ [ [ 495573.558100000023842, 5456515.0603 ], [ 495573.558100000023842, 5456765.0603 ], [ 495823.558100000023842, 5456765.0603 ], [ 495823.558100000023842, 5456515.0603 ], [ 495573.558100000023842, 5456515.0603 ] ] ] } },
{ "type": "Feature", "properties": { "grid_id": 1551, "crime_count": 3.0, "name": "Grandview-Woodland" }, "geometry": { "type": "Polygon", "coordinates": [ [ [ 495573.558100000023842, 5456765.0603 ], [ 495573.558100000023842, 5457015.0603 ], [ 495823.558100000023842, 5457015.0603 ], [ 495823.558100000023842, 5456765.0603 ], [ 495573.558100000023842, 5456765.0603 ] ] ] } },
{ "type": "Feature", "properties": { "grid_id": 1552, "crime_count": 2.0, "name": "Grandview-Woodland" }, "geometry": { "type": "Polygon", "coordinates": [ [ [ 495573.558100000023842, 5457015.0603 ], [ 495573.558100000023842, 5457265.0603 ], [ 495823.558100000023842, 5457265.0603 ], [ 495823.558100000023842, 5457015.0603 ], [ 495573.558100000023842, 5457015.0603 ] ] ] } },
{ "type": "Feature", "properties": { "grid_id": 1553, "crime_count": 3.0, "name": "Grandview-Woodland" }, "geometry": { "type": "Polygon", "coordinates": [ [ [ 495573.558100000023842, 5457265.0603 ], [ 495573.558100000023842, 5457515.0603 ], [ 495823.558100000023842, 5457515.0603 ], [ 495823.558100000023842, 5457265.0603 ], [ 495573.558100000023842, 5457265.0603 ] ] ] } },
{ "type": "Feature", "properties": { "grid_id": 1554, "crime_count": 2.0, "name": "Grandview-Woodland" }, "geometry": { "type": "Polygon", "coordinates": [ [ [ 495573.558100000023842, 5457515.0603 ], [ 495573.558100000023842, 5457765.0603 ], [ 495823.558100000023842, 5457765.0603 ], [ 495823.558100000023842, 5457515.0603 ], [ 495573.558100000023842, 5457515.0603 ] ] ] } },
{ "type": "Feature", "properties": { "grid_id": 1555, "crime_count": 3.0, "name": "Grandview-Woodland" }, "geometry": { "type": "Polygon", "coordinates": [ [ [ 495573.558100000023842, 5457765.0603 ], [ 495573.558100000023842, 5458015.0603 ], [ 495823.558100000023842, 5458015.0603 ], [ 495823.558100000023842, 5457765.0603 ], [ 495573.558100000023842, 5457765.0603 ] ] ] } },
{ "type": "Feature", "properties": { "grid_id": 1556, "crime_count": 7.0, "name": "Grandview-Woodland" }, "geometry": { "type": "Polygon", "coordinates": [ [ [ 495573.558100000023842, 5458015.0603 ], [ 495573.558100000023842, 5458265.0603 ], [ 495823.558100000023842, 5458265.0603 ], [ 495823.558100000023842, 5458015.0603 ], [ 495573.558100000023842, 5458015.0603 ] ] ] } },
{ "type": "Feature", "properties": { "grid_id": 1557, "crime_count": 1.0, "name": "Grandview-Woodland" }, "geometry": { "type": "Polygon", "coordinates": [ [ [ 495573.558100000023842, 5458265.0603 ], [ 495573.558100000023842, 5458515.0603 ], [ 495823.558100000023842, 5458515.0603 ], [ 495823.558100000023842, 5458265.0603 ], [ 495573.558100000023842, 5458265.0603 ] ] ] } },
{ "type": "Feature", "properties": { "grid_id": 1558, "crime_count": 20.0, "name": "Grandview-Woodland" }, "geometry": { "type": "Polygon", "coordinates": [ [ [ 495573.558100000023842, 5458515.0603 ], [ 495573.558100000023842, 5458765.0603 ], [ 495823.558100000023842, 5458765.0603 ], [ 495823.558100000023842, 5458515.0603 ], [ 495573.558100000023842, 5458515.0603 ] ] ] } },
{ "type": "Feature", "properties": { "grid_id": 1559, "crime_count": 2.0, "name": "Grandview-Woodland" }, "geometry": { "type": "Polygon", "coordinates": [ [ [ 495573.558100000023842, 5458765.0603 ], [ 495573.558100000023842, 5459015.0603 ], [ 495823.558100000023842, 5459015.0603 ], [ 495823.558100000023842, 5458765.0603 ], [ 495573.558100000023842, 5458765.0603 ] ] ] } },
{ "type": "Feature", "properties": { "grid_id": 1560, "crime_count": 11.0, "name": "Grandview-Woodland" }, "geometry": { "type": "Polygon", "coordinates": [ [ [ 495573.558100000023842, 5459015.0603 ], [ 495573.558100000023842, 5459265.0603 ], [ 495823.558100000023842, 5459265.0603 ], [ 495823.558100000023842, 5459015.0603 ], [ 495573.558100000023842, 5459015.0603 ] ] ] } },
{ "type": "Feature", "properties": { "grid_id": 1561, "crime_count": 2.0, "name": "Grandview-Woodland" }, "geometry": { "type": "Polygon", "coordinates": [ [ [ 495573.558100000023842, 5459265.0603 ], [ 495573.558100000023842, 5459515.0603 ], [ 495823.558100000023842, 5459515.0603 ], [ 495823.558100000023842, 5459265.0603 ], [ 495573.558100000023842, 5459265.0603 ] ] ] } },
{ "type": "Feature", "properties": { "grid_id": 1562, "crime_count": 3.0, "name": "Grandview-Woodland" }, "geometry": { "type": "Polygon", "coordinates": [ [ [ 495573.558100000023842, 5459515.0603 ], [ 495573.558100000023842, 5459765.0603 ], [ 495823.558100000023842, 5459765.0603 ], [ 495823.558100000023842, 5459515.0603 ], [ 495573.558100000023842, 5459515.0603 ] ] ] } },
{ "type": "Feature", "properties": { "grid_id": 1563, "crime_count": 0.0, "name": "Grandview-Woodland" }, "geometry": { "type": "Polygon", "coordinates": [ [ [ 495823.558100000023842, 5460015.0603 ], [ 495823.558100000023842, 5459765.0603 ], [ 495573.558100000023842, 5459765.0603 ], [ 495573.558100000023842, 5459869.361197699792683 ], [ 495790.397855360002723, 5460015.0603 ], [ 495823.558100000023842, 5460015.0603 ] ] ] } },
{ "type": "Feature", "properties": { "grid_id": 1564, "crime_count": 0.0, "name": "Grandview-Woodland" }, "geometry": { "type": "Polygon", "coordinates": [ [ [ 495823.558100000023842, 5460015.0603 ], [ 495790.397855360002723, 5460015.0603 ], [ 495823.558100000023842, 5460037.341352052055299 ], [ 495823.558100000023842, 5460015.0603 ] ] ] } },
{ "type": "Feature", "properties": { "grid_id": 1565, "crime_count": 0.0, "name": "Killarney" }, "geometry": { "type": "Polygon", "coordinates": [ [ [ 495823.558100000023842, 5450265.0603 ], [ 496073.558100000023842, 5450265.0603 ], [ 496073.558100000023842, 5450153.176316169090569 ], [ 495860.23061243124539, 5450157.766579501330853 ], [ 495823.558100000023842, 5450158.448349762707949 ], [ 495823.558100000023842, 5450265.0603 ] ] ] } },
{ "type": "Feature", "properties": { "grid_id": 1566, "crime_count": 1.0, "name": "Killarney" }, "geometry": { "type": "Polygon", "coordinates": [ [ [ 495823.558100000023842, 5450265.0603 ], [ 495823.558100000023842, 5450515.0603 ], [ 496073.558100000023842, 5450515.0603 ], [ 496073.558100000023842, 5450265.0603 ], [ 495823.558100000023842, 5450265.0603 ] ] ] } },
{ "type": "Feature", "properties": { "grid_id": 1567, "crime_count": 1.0, "name": "Killarney" }, "geometry": { "type": "Polygon", "coordinates": [ [ [ 495823.558100000023842, 5450515.0603 ], [ 495823.558100000023842, 5450765.0603 ], [ 496073.558100000023842, 5450765.0603 ], [ 496073.558100000023842, 5450515.0603 ], [ 495823.558100000023842, 5450515.0603 ] ] ] } },
{ "type": "Feature", "properties": { "grid_id": 1568, "crime_count": 2.0, "name": "Victoria-Fraserview" }, "geometry": { "type": "Polygon", "coordinates": [ [ [ 495823.558100000023842, 5450765.0603 ], [ 495823.558100000023842, 5451015.0603 ], [ 496073.558100000023842, 5451015.0603 ], [ 496073.558100000023842, 5450765.0603 ], [ 495823.558100000023842, 5450765.0603 ] ] ] } },
{ "type": "Feature", "properties": { "grid_id": 1569, "crime_count": 1.0, "name": "Victoria-Fraserview" }, "geometry": { "type": "Polygon", "coordinates": [ [ [ 495823.558100000023842, 5451015.0603 ], [ 495823.558100000023842, 5451265.0603 ], [ 496073.558100000023842, 5451265.0603 ], [ 496073.558100000023842, 5451015.0603 ], [ 495823.558100000023842, 5451015.0603 ] ] ] } },
{ "type": "Feature", "properties": { "grid_id": 1570, "crime_count": 0.0, "name": "Victoria-Fraserview" }, "geometry": { "type": "Polygon", "coordinates": [ [ [ 495823.558100000023842, 5451265.0603 ], [ 495823.558100000023842, 5451515.0603 ], [ 496073.558100000023842, 5451515.0603 ], [ 496073.558100000023842, 5451265.0603 ], [ 495823.558100000023842, 5451265.0603 ] ] ] } },
{ "type": "Feature", "properties": { "grid_id": 1571, "crime_count": 1.0, "name": "Victoria-Fraserview" }, "geometry": { "type": "Polygon", "coordinates": [ [ [ 495823.558100000023842, 5451515.0603 ], [ 495823.558100000023842, 5451765.0603 ], [ 496073.558100000023842, 5451765.0603 ], [ 496073.558100000023842, 5451515.0603 ], [ 495823.558100000023842, 5451515.0603 ] ] ] } },
{ "type": "Feature", "properties": { "grid_id": 1572, "crime_count": 0.0, "name": "Victoria-Fraserview" }, "geometry": { "type": "Polygon", "coordinates": [ [ [ 495823.558100000023842, 5451765.0603 ], [ 495823.558100000023842, 5452015.0603 ], [ 496073.558100000023842, 5452015.0603 ], [ 496073.558100000023842, 5451765.0603 ], [ 495823.558100000023842, 5451765.0603 ] ] ] } },
{ "type": "Feature", "properties": { "grid_id": 1573, "crime_count": 1.0, "name": "Victoria-Fraserview" }, "geometry": { "type": "Polygon", "coordinates": [ [ [ 495823.558100000023842, 5452015.0603 ], [ 495823.558100000023842, 5452265.0603 ], [ 496073.558100000023842, 5452265.0603 ], [ 496073.558100000023842, 5452015.0603 ], [ 495823.558100000023842, 5452015.0603 ] ] ] } },
{ "type": "Feature", "properties": { "grid_id": 1574, "crime_count": 9.0, "name": "Victoria-Fraserview" }, "geometry": { "type": "Polygon", "coordinates": [ [ [ 495823.558100000023842, 5452265.0603 ], [ 495823.558100000023842, 5452515.0603 ], [ 496073.558100000023842, 5452515.0603 ], [ 496073.558100000023842, 5452265.0603 ], [ 495823.558100000023842, 5452265.0603 ] ] ] } },
{ "type": "Feature", "properties": { "grid_id": 1575, "crime_count": 3.0, "name": "Victoria-Fraserview" }, "geometry": { "type": "Polygon", "coordinates": [ [ [ 495823.558100000023842, 5452515.0603 ], [ 495823.558100000023842, 5452765.0603 ], [ 496073.558100000023842, 5452765.0603 ], [ 496073.558100000023842, 5452515.0603 ], [ 495823.558100000023842, 5452515.0603 ] ] ] } },
{ "type": "Feature", "properties": { "grid_id": 1576, "crime_count": 3.0, "name": "Victoria-Fraserview" }, "geometry": { "type": "Polygon", "coordinates": [ [ [ 495823.558100000023842, 5452765.0603 ], [ 495823.558100000023842, 5453015.0603 ], [ 496073.558100000023842, 5453015.0603 ], [ 496073.558100000023842, 5452765.0603 ], [ 495823.558100000023842, 5452765.0603 ] ] ] } },
{ "type": "Feature", "properties": { "grid_id": 1577, "crime_count": 1.0, "name": "Victoria-Fraserview" }, "geometry": { "type": "Polygon", "coordinates": [ [ [ 495823.558100000023842, 5453015.0603 ], [ 495823.558100000023842, 5453265.0603 ], [ 496073.558100000023842, 5453265.0603 ], [ 496073.558100000023842, 5453015.0603 ], [ 495823.558100000023842, 5453015.0603 ] ] ] } },
{ "type": "Feature", "properties": { "grid_id": 1578, "crime_count": 5.0, "name": "Renfrew-Collingwood" }, "geometry": { "type": "Polygon", "coordinates": [ [ [ 495823.558100000023842, 5453265.0603 ], [ 495823.558100000023842, 5453515.0603 ], [ 496073.558100000023842, 5453515.0603 ], [ 496073.558100000023842, 5453265.0603 ], [ 495823.558100000023842, 5453265.0603 ] ] ] } },
{ "type": "Feature", "properties": { "grid_id": 1579, "crime_count": 2.0, "name": "Renfrew-Collingwood" }, "geometry": { "type": "Polygon", "coordinates": [ [ [ 495823.558100000023842, 5453515.0603 ], [ 495823.558100000023842, 5453765.0603 ], [ 496073.558100000023842, 5453765.0603 ], [ 496073.558100000023842, 5453515.0603 ], [ 495823.558100000023842, 5453515.0603 ] ] ] } },
{ "type": "Feature", "properties": { "grid_id": 1580, "crime_count": 4.0, "name": "Renfrew-Collingwood" }, "geometry": { "type": "Polygon", "coordinates": [ [ [ 495823.558100000023842, 5453765.0603 ], [ 495823.558100000023842, 5454015.0603 ], [ 496073.558100000023842, 5454015.0603 ], [ 496073.558100000023842, 5453765.0603 ], [ 495823.558100000023842, 5453765.0603 ] ] ] } },
{ "type": "Feature", "properties": { "grid_id": 1581, "crime_count": 17.0, "name": "Renfrew-Collingwood" }, "geometry": { "type": "Polygon", "coordinates": [ [ [ 495823.558100000023842, 5454015.0603 ], [ 495823.558100000023842, 5454265.0603 ], [ 496073.558100000023842, 5454265.0603 ], [ 496073.558100000023842, 5454015.0603 ], [ 495823.558100000023842, 5454015.0603 ] ] ] } },
{ "type": "Feature", "properties": { "grid_id": 1582, "crime_count": 18.0, "name": "Renfrew-Collingwood" }, "geometry": { "type": "Polygon", "coordinates": [ [ [ 495823.558100000023842, 5454265.0603 ], [ 495823.558100000023842, 5454515.0603 ], [ 496073.558100000023842, 5454515.0603 ], [ 496073.558100000023842, 5454265.0603 ], [ 495823.558100000023842, 5454265.0603 ] ] ] } },
{ "type": "Feature", "properties": { "grid_id": 1583, "crime_count": 3.0, "name": "Renfrew-Collingwood" }, "geometry": { "type": "Polygon", "coordinates": [ [ [ 495823.558100000023842, 5454515.0603 ], [ 495823.558100000023842, 5454765.0603 ], [ 496073.558100000023842, 5454765.0603 ], [ 496073.558100000023842, 5454515.0603 ], [ 495823.558100000023842, 5454515.0603 ] ] ] } },
{ "type": "Feature", "properties": { "grid_id": 1584, "crime_count": 5.0, "name": "Renfrew-Collingwood" }, "geometry": { "type": "Polygon", "coordinates": [ [ [ 495823.558100000023842, 5454765.0603 ], [ 495823.558100000023842, 5455015.0603 ], [ 496073.558100000023842, 5455015.0603 ], [ 496073.558100000023842, 5454765.0603 ], [ 495823.558100000023842, 5454765.0603 ] ] ] } },
{ "type": "Feature", "properties": { "grid_id": 1585, "crime_count": 4.0, "name": "Renfrew-Collingwood" }, "geometry": { "type": "Polygon", "coordinates": [ [ [ 495823.558100000023842, 5455015.0603 ], [ 495823.558100000023842, 5455265.0603 ], [ 496073.558100000023842, 5455265.0603 ], [ 496073.558100000023842, 5455015.0603 ], [ 495823.558100000023842, 5455015.0603 ] ] ] } },
{ "type": "Feature", "properties": { "grid_id": 1586, "crime_count": 7.0, "name": "Renfrew-Collingwood" }, "geometry": { "type": "Polygon", "coordinates": [ [ [ 495823.558100000023842, 5455265.0603 ], [ 495823.558100000023842, 5455515.0603 ], [ 496073.558100000023842, 5455515.0603 ], [ 496073.558100000023842, 5455265.0603 ], [ 495823.558100000023842, 5455265.0603 ] ] ] } },
{ "type": "Feature", "properties": { "grid_id": 1587, "crime_count": 2.0, "name": "Renfrew-Collingwood" }, "geometry": { "type": "Polygon", "coordinates": [ [ [ 495823.558100000023842, 5455515.0603 ], [ 495823.558100000023842, 5455765.0603 ], [ 496073.558100000023842, 5455765.0603 ], [ 496073.558100000023842, 5455515.0603 ], [ 495823.558100000023842, 5455515.0603 ] ] ] } },
{ "type": "Feature", "properties": { "grid_id": 1588, "crime_count": 0.0, "name": "Renfrew-Collingwood" }, "geometry": { "type": "Polygon", "coordinates": [ [ [ 495823.558100000023842, 5455765.0603 ], [ 495823.558100000023842, 5456015.0603 ], [ 496073.558100000023842, 5456015.0603 ], [ 496073.558100000023842, 5455765.0603 ], [ 495823.558100000023842, 5455765.0603 ] ] ] } },
{ "type": "Feature", "properties": { "grid_id": 1589, "crime_count": 4.0, "name": "Renfrew-Collingwood" }, "geometry": { "type": "Polygon", "coordinates": [ [ [ 495823.558100000023842, 5456015.0603 ], [ 495823.558100000023842, 5456265.0603 ], [ 496073.558100000023842, 5456265.0603 ], [ 496073.558100000023842, 5456015.0603 ], [ 495823.558100000023842, 5456015.0603 ] ] ] } },
{ "type": "Feature", "properties": { "grid_id": 1590, "crime_count": 1.0, "name": "Renfrew-Collingwood" }, "geometry": { "type": "Polygon", "coordinates": [ [ [ 495823.558100000023842, 5456265.0603 ], [ 495823.558100000023842, 5456515.0603 ], [ 496073.558100000023842, 5456515.0603 ], [ 496073.558100000023842, 5456265.0603 ], [ 495823.558100000023842, 5456265.0603 ] ] ] } },
{ "type": "Feature", "properties": { "grid_id": 1591, "crime_count": 10.0, "name": "Hastings-Sunrise" }, "geometry": { "type": "Polygon", "coordinates": [ [ [ 495823.558100000023842, 5456515.0603 ], [ 495823.558100000023842, 5456765.0603 ], [ 496073.558100000023842, 5456765.0603 ], [ 496073.558100000023842, 5456515.0603 ], [ 495823.558100000023842, 5456515.0603 ] ] ] } },
{ "type": "Feature", "properties": { "grid_id": 1592, "crime_count": 3.0, "name": "Hastings-Sunrise" }, "geometry": { "type": "Polygon", "coordinates": [ [ [ 495823.558100000023842, 5456765.0603 ], [ 495823.558100000023842, 5457015.0603 ], [ 496073.558100000023842, 5457015.0603 ], [ 496073.558100000023842, 5456765.0603 ], [ 495823.558100000023842, 5456765.0603 ] ] ] } },
{ "type": "Feature", "properties": { "grid_id": 1593, "crime_count": 0.0, "name": "Hastings-Sunrise" }, "geometry": { "type": "Polygon", "coordinates": [ [ [ 495823.558100000023842, 5457015.0603 ], [ 495823.558100000023842, 5457265.0603 ], [ 496073.558100000023842, 5457265.0603 ], [ 496073.558100000023842, 5457015.0603 ], [ 495823.558100000023842, 5457015.0603 ] ] ] } },
{ "type": "Feature", "properties": { "grid_id": 1594, "crime_count": 3.0, "name": "Hastings-Sunrise" }, "geometry": { "type": "Polygon", "coordinates": [ [ [ 495823.558100000023842, 5457265.0603 ], [ 495823.558100000023842, 5457515.0603 ], [ 496073.558100000023842, 5457515.0603 ], [ 496073.558100000023842, 5457265.0603 ], [ 495823.558100000023842, 5457265.0603 ] ] ] } },
{ "type": "Feature", "properties": { "grid_id": 1595, "crime_count": 2.0, "name": "Hastings-Sunrise" }, "geometry": { "type": "Polygon", "coordinates": [ [ [ 495823.558100000023842, 5457515.0603 ], [ 495823.558100000023842, 5457765.0603 ], [ 496073.558100000023842, 5457765.0603 ], [ 496073.558100000023842, 5457515.0603 ], [ 495823.558100000023842, 5457515.0603 ] ] ] } },
{ "type": "Feature", "properties": { "grid_id": 1596, "crime_count": 4.0, "name": "Hastings-Sunrise" }, "geometry": { "type": "Polygon", "coordinates": [ [ [ 495823.558100000023842, 5457765.0603 ], [ 495823.558100000023842, 5458015.0603 ], [ 496073.558100000023842, 5458015.0603 ], [ 496073.558100000023842, 5457765.0603 ], [ 495823.558100000023842, 5457765.0603 ] ] ] } },
{ "type": "Feature", "properties": { "grid_id": 1597, "crime_count": 4.0, "name": "Hastings-Sunrise" }, "geometry": { "type": "Polygon", "coordinates": [ [ [ 495823.558100000023842, 5458015.0603 ], [ 495823.558100000023842, 5458265.0603 ], [ 496073.558100000023842, 5458265.0603 ], [ 496073.558100000023842, 5458015.0603 ], [ 495823.558100000023842, 5458015.0603 ] ] ] } },
{ "type": "Feature", "properties": { "grid_id": 1598, "crime_count": 4.0, "name": "Hastings-Sunrise" }, "geometry": { "type": "Polygon", "coordinates": [ [ [ 495823.558100000023842, 5458265.0603 ], [ 495823.558100000023842, 5458515.0603 ], [ 496073.558100000023842, 5458515.0603 ], [ 496073.558100000023842, 5458265.0603 ], [ 495823.558100000023842, 5458265.0603 ] ] ] } },
{ "type": "Feature", "properties": { "grid_id": 1599, "crime_count": 6.0, "name": "Hastings-Sunrise" }, "geometry": { "type": "Polygon", "coordinates": [ [ [ 495823.558100000023842, 5458515.0603 ], [ 495823.558100000023842, 5458765.0603 ], [ 496073.558100000023842, 5458765.0603 ], [ 496073.558100000023842, 5458515.0603 ], [ 495823.558100000023842, 5458515.0603 ] ] ] } },
{ "type": "Feature", "properties": { "grid_id": 1600, "crime_count": 5.0, "name": "Hastings-Sunrise" }, "geometry": { "type": "Polygon", "coordinates": [ [ [ 495823.558100000023842, 5458765.0603 ], [ 495823.558100000023842, 5459015.0603 ], [ 496073.558100000023842, 5459015.0603 ], [ 496073.558100000023842, 5458765.0603 ], [ 495823.558100000023842, 5458765.0603 ] ] ] } },
{ "type": "Feature", "properties": { "grid_id": 1601, "crime_count": 2.0, "name": "Hastings-Sunrise" }, "geometry": { "type": "Polygon", "coordinates": [ [ [ 495823.558100000023842, 5459015.0603 ], [ 495823.558100000023842, 5459265.0603 ], [ 496073.558100000023842, 5459265.0603 ], [ 496073.558100000023842, 5459015.0603 ], [ 495823.558100000023842, 5459015.0603 ] ] ] } },
{ "type": "Feature", "properties": { "grid_id": 1602, "crime_count": 2.0, "name": "Hastings-Sunrise" }, "geometry": { "type": "Polygon", "coordinates": [ [ [ 495823.558100000023842, 5459265.0603 ], [ 495823.558100000023842, 5459515.0603 ], [ 496073.558100000023842, 5459515.0603 ], [ 496073.558100000023842, 5459265.0603 ], [ 495823.558100000023842, 5459265.0603 ] ] ] } },
{ "type": "Feature", "properties": { "grid_id": 1603, "crime_count": 3.0, "name": "Hastings-Sunrise" }, "geometry": { "type": "Polygon", "coordinates": [ [ [ 495823.558100000023842, 5459515.0603 ], [ 495823.558100000023842, 5459765.0603 ], [ 496073.558100000023842, 5459765.0603 ], [ 496073.558100000023842, 5459515.0603 ], [ 495823.558100000023842, 5459515.0603 ] ] ] } },
{ "type": "Feature", "properties": { "grid_id": 1604, "crime_count": 0.0, "name": "Hastings-Sunrise" }, "geometry": { "type": "Polygon", "coordinates": [ [ [ 495823.558100000023842, 5459765.0603 ], [ 495823.558100000023842, 5460015.0603 ], [ 496073.558100000023842, 5460015.0603 ], [ 496073.558100000023842, 5459765.0603 ], [ 495823.558100000023842, 5459765.0603 ] ] ] } },
{ "type": "Feature", "properties": { "grid_id": 1605, "crime_count": 0.0, "name": "Hastings-Sunrise" }, "geometry": { "type": "Polygon", "coordinates": [ [ [ 496073.558100000023842, 5460015.0603 ], [ 495823.558100000023842, 5460015.0603 ], [ 495823.558100000023842, 5460037.341352052055299 ], [ 495892.652754654292949, 5460083.767475066706538 ], [ 496073.558100000023842, 5460123.440589459612966 ], [ 496073.558100000023842, 5460015.0603 ] ] ] } },
{ "type": "Feature", "properties": { "grid_id": 1606, "crime_count": 0.0, "name": "Killarney" }, "geometry": { "type": "Polygon", "coordinates": [ [ [ 496073.558100000023842, 5450265.0603 ], [ 496323.558100000023842, 5450265.0603 ], [ 496323.558100000023842, 5450147.796953921206295 ], [ 496073.558100000023842, 5450153.176316169090569 ], [ 496073.558100000023842, 5450265.0603 ] ] ] } },
{ "type": "Feature", "properties": { "grid_id": 1607, "crime_count": 2.0, "name": "Killarney" }, "geometry": { "type": "Polygon", "coordinates": [ [ [ 496073.558100000023842, 5450265.0603 ], [ 496073.558100000023842, 5450515.0603 ], [ 496323.558100000023842, 5450515.0603 ], [ 496323.558100000023842, 5450265.0603 ], [ 496073.558100000023842, 5450265.0603 ] ] ] } },
{ "type": "Feature", "properties": { "grid_id": 1608, "crime_count": 0.0, "name": "Killarney" }, "geometry": { "type": "Polygon", "coordinates": [ [ [ 496073.558100000023842, 5450515.0603 ], [ 496073.558100000023842, 5450765.0603 ], [ 496323.558100000023842, 5450765.0603 ], [ 496323.558100000023842, 5450515.0603 ], [ 496073.558100000023842, 5450515.0603 ] ] ] } },
{ "type": "Feature", "properties": { "grid_id": 1609, "crime_count": 0.0, "name": "Killarney" }, "geometry": { "type": "Polygon", "coordinates": [ [ [ 496073.558100000023842, 5450765.0603 ], [ 496073.558100000023842, 5451015.0603 ], [ 496323.558100000023842, 5451015.0603 ], [ 496323.558100000023842, 5450765.0603 ], [ 496073.558100000023842, 5450765.0603 ] ] ] } },
{ "type": "Feature", "properties": { "grid_id": 1610, "crime_count": 0.0, "name": "Killarney" }, "geometry": { "type": "Polygon", "coordinates": [ [ [ 496073.558100000023842, 5451015.0603 ], [ 496073.558100000023842, 5451265.0603 ], [ 496323.558100000023842, 5451265.0603 ], [ 496323.558100000023842, 5451015.0603 ], [ 496073.558100000023842, 5451015.0603 ] ] ] } },
{ "type": "Feature", "properties": { "grid_id": 1611, "crime_count": 0.0, "name": "Victoria-Fraserview" }, "geometry": { "type": "Polygon", "coordinates": [ [ [ 496073.558100000023842, 5451265.0603 ], [ 496073.558100000023842, 5451515.0603 ], [ 496323.558100000023842, 5451515.0603 ], [ 496323.558100000023842, 5451265.0603 ], [ 496073.558100000023842, 5451265.0603 ] ] ] } },
{ "type": "Feature", "properties": { "grid_id": 1612, "crime_count": 0.0, "name": "Victoria-Fraserview" }, "geometry": { "type": "Polygon", "coordinates": [ [ [ 496073.558100000023842, 5451515.0603 ], [ 496073.558100000023842, 5451765.0603 ], [ 496323.558100000023842, 5451765.0603 ], [ 496323.558100000023842, 5451515.0603 ], [ 496073.558100000023842, 5451515.0603 ] ] ] } },
{ "type": "Feature", "properties": { "grid_id": 1613, "crime_count": 2.0, "name": "Victoria-Fraserview" }, "geometry": { "type": "Polygon", "coordinates": [ [ [ 496073.558100000023842, 5451765.0603 ], [ 496073.558100000023842, 5452015.0603 ], [ 496323.558100000023842, 5452015.0603 ], [ 496323.558100000023842, 5451765.0603 ], [ 496073.558100000023842, 5451765.0603 ] ] ] } },
{ "type": "Feature", "properties": { "grid_id": 1614, "crime_count": 2.0, "name": "Victoria-Fraserview" }, "geometry": { "type": "Polygon", "coordinates": [ [ [ 496073.558100000023842, 5452015.0603 ], [ 496073.558100000023842, 5452265.0603 ], [ 496323.558100000023842, 5452265.0603 ], [ 496323.558100000023842, 5452015.0603 ], [ 496073.558100000023842, 5452015.0603 ] ] ] } },
{ "type": "Feature", "properties": { "grid_id": 1615, "crime_count": 3.0, "name": "Victoria-Fraserview" }, "geometry": { "type": "Polygon", "coordinates": [ [ [ 496073.558100000023842, 5452265.0603 ], [ 496073.558100000023842, 5452515.0603 ], [ 496323.558100000023842, 5452515.0603 ], [ 496323.558100000023842, 5452265.0603 ], [ 496073.558100000023842, 5452265.0603 ] ] ] } },
{ "type": "Feature", "properties": { "grid_id": 1616, "crime_count": 2.0, "name": "Victoria-Fraserview" }, "geometry": { "type": "Polygon", "coordinates": [ [ [ 496073.558100000023842, 5452515.0603 ], [ 496073.558100000023842, 5452765.0603 ], [ 496323.558100000023842, 5452765.0603 ], [ 496323.558100000023842, 5452515.0603 ], [ 496073.558100000023842, 5452515.0603 ] ] ] } },
{ "type": "Feature", "properties": { "grid_id": 1617, "crime_count": 2.0, "name": "Victoria-Fraserview" }, "geometry": { "type": "Polygon", "coordinates": [ [ [ 496073.558100000023842, 5452765.0603 ], [ 496073.558100000023842, 5453015.0603 ], [ 496323.558100000023842, 5453015.0603 ], [ 496323.558100000023842, 5452765.0603 ], [ 496073.558100000023842, 5452765.0603 ] ] ] } },
{ "type": "Feature", "properties": { "grid_id": 1618, "crime_count": 0.0, "name": "Victoria-Fraserview" }, "geometry": { "type": "Polygon", "coordinates": [ [ [ 496073.558100000023842, 5453015.0603 ], [ 496073.558100000023842, 5453265.0603 ], [ 496323.558100000023842, 5453265.0603 ], [ 496323.558100000023842, 5453015.0603 ], [ 496073.558100000023842, 5453015.0603 ] ] ] } },
{ "type": "Feature", "properties": { "grid_id": 1619, "crime_count": 0.0, "name": "Renfrew-Collingwood" }, "geometry": { "type": "Polygon", "coordinates": [ [ [ 496073.558100000023842, 5453265.0603 ], [ 496073.558100000023842, 5453515.0603 ], [ 496323.558100000023842, 5453515.0603 ], [ 496323.558100000023842, 5453265.0603 ], [ 496073.558100000023842, 5453265.0603 ] ] ] } },
{ "type": "Feature", "properties": { "grid_id": 1620, "crime_count": 1.0, "name": "Renfrew-Collingwood" }, "geometry": { "type": "Polygon", "coordinates": [ [ [ 496073.558100000023842, 5453515.0603 ], [ 496073.558100000023842, 5453765.0603 ], [ 496323.558100000023842, 5453765.0603 ], [ 496323.558100000023842, 5453515.0603 ], [ 496073.558100000023842, 5453515.0603 ] ] ] } },
{ "type": "Feature", "properties": { "grid_id": 1621, "crime_count": 4.0, "name": "Renfrew-Collingwood" }, "geometry": { "type": "Polygon", "coordinates": [ [ [ 496073.558100000023842, 5453765.0603 ], [ 496073.558100000023842, 5454015.0603 ], [ 496323.558100000023842, 5454015.0603 ], [ 496323.558100000023842, 5453765.0603 ], [ 496073.558100000023842, 5453765.0603 ] ] ] } },
{ "type": "Feature", "properties": { "grid_id": 1622, "crime_count": 4.0, "name": "Renfrew-Collingwood" }, "geometry": { "type": "Polygon", "coordinates": [ [ [ 496073.558100000023842, 5454015.0603 ], [ 496073.558100000023842, 5454265.0603 ], [ 496323.558100000023842, 5454265.0603 ], [ 496323.558100000023842, 5454015.0603 ], [ 496073.558100000023842, 5454015.0603 ] ] ] } },
{ "type": "Feature", "properties": { "grid_id": 1623, "crime_count": 2.0, "name": "Renfrew-Collingwood" }, "geometry": { "type": "Polygon", "coordinates": [ [ [ 496073.558100000023842, 5454265.0603 ], [ 496073.558100000023842, 5454515.0603 ], [ 496323.558100000023842, 5454515.0603 ], [ 496323.558100000023842, 5454265.0603 ], [ 496073.558100000023842, 5454265.0603 ] ] ] } },
{ "type": "Feature", "properties": { "grid_id": 1624, "crime_count": 4.0, "name": "Renfrew-Collingwood" }, "geometry": { "type": "Polygon", "coordinates": [ [ [ 496073.558100000023842, 5454515.0603 ], [ 496073.558100000023842, 5454765.0603 ], [ 496323.558100000023842, 5454765.0603 ], [ 496323.558100000023842, 5454515.0603 ], [ 496073.558100000023842, 5454515.0603 ] ] ] } },
{ "type": "Feature", "properties": { "grid_id": 1625, "crime_count": 1.0, "name": "Renfrew-Collingwood" }, "geometry": { "type": "Polygon", "coordinates": [ [ [ 496073.558100000023842, 5454765.0603 ], [ 496073.558100000023842, 5455015.0603 ], [ 496323.558100000023842, 5455015.0603 ], [ 496323.558100000023842, 5454765.0603 ], [ 496073.558100000023842, 5454765.0603 ] ] ] } },
{ "type": "Feature", "properties": { "grid_id": 1626, "crime_count": 2.0, "name": "Renfrew-Collingwood" }, "geometry": { "type": "Polygon", "coordinates": [ [ [ 496073.558100000023842, 5455015.0603 ], [ 496073.558100000023842, 5455265.0603 ], [ 496323.558100000023842, 5455265.0603 ], [ 496323.558100000023842, 5455015.0603 ], [ 496073.558100000023842, 5455015.0603 ] ] ] } },
{ "type": "Feature", "properties": { "grid_id": 1627, "crime_count": 3.0, "name": "Renfrew-Collingwood" }, "geometry": { "type": "Polygon", "coordinates": [ [ [ 496073.558100000023842, 5455265.0603 ], [ 496073.558100000023842, 5455515.0603 ], [ 496323.558100000023842, 5455515.0603 ], [ 496323.558100000023842, 5455265.0603 ], [ 496073.558100000023842, 5455265.0603 ] ] ] } },
{ "type": "Feature", "properties": { "grid_id": 1628, "crime_count": 1.0, "name": "Renfrew-Collingwood" }, "geometry": { "type": "Polygon", "coordinates": [ [ [ 496073.558100000023842, 5455515.0603 ], [ 496073.558100000023842, 5455765.0603 ], [ 496323.558100000023842, 5455765.0603 ], [ 496323.558100000023842, 5455515.0603 ], [ 496073.558100000023842, 5455515.0603 ] ] ] } },
{ "type": "Feature", "properties": { "grid_id": 1629, "crime_count": 1.0, "name": "Renfrew-Collingwood" }, "geometry": { "type": "Polygon", "coordinates": [ [ [ 496073.558100000023842, 5455765.0603 ], [ 496073.558100000023842, 5456015.0603 ], [ 496323.558100000023842, 5456015.0603 ], [ 496323.558100000023842, 5455765.0603 ], [ 496073.558100000023842, 5455765.0603 ] ] ] } },
{ "type": "Feature", "properties": { "grid_id": 1630, "crime_count": 2.0, "name": "Renfrew-Collingwood" }, "geometry": { "type": "Polygon", "coordinates": [ [ [ 496073.558100000023842, 5456015.0603 ], [ 496073.558100000023842, 5456265.0603 ], [ 496323.558100000023842, 5456265.0603 ], [ 496323.558100000023842, 5456015.0603 ], [ 496073.558100000023842, 5456015.0603 ] ] ] } },
{ "type": "Feature", "properties": { "grid_id": 1631, "crime_count": 2.0, "name": "Renfrew-Collingwood" }, "geometry": { "type": "Polygon", "coordinates": [ [ [ 496073.558100000023842, 5456265.0603 ], [ 496073.558100000023842, 5456515.0603 ], [ 496323.558100000023842, 5456515.0603 ], [ 496323.558100000023842, 5456265.0603 ], [ 496073.558100000023842, 5456265.0603 ] ] ] } },
{ "type": "Feature", "properties": { "grid_id": 1632, "crime_count": 5.0, "name": "Hastings-Sunrise" }, "geometry": { "type": "Polygon", "coordinates": [ [ [ 496073.558100000023842, 5456515.0603 ], [ 496073.558100000023842, 5456765.0603 ], [ 496323.558100000023842, 5456765.0603 ], [ 496323.558100000023842, 5456515.0603 ], [ 496073.558100000023842, 5456515.0603 ] ] ] } },
{ "type": "Feature", "properties": { "grid_id": 1633, "crime_count": 2.0, "name": "Hastings-Sunrise" }, "geometry": { "type": "Polygon", "coordinates": [ [ [ 496073.558100000023842, 5456765.0603 ], [ 496073.558100000023842, 5457015.0603 ], [ 496323.558100000023842, 5457015.0603 ], [ 496323.558100000023842, 5456765.0603 ], [ 496073.558100000023842, 5456765.0603 ] ] ] } },
{ "type": "Feature", "properties": { "grid_id": 1634, "crime_count": 2.0, "name": "Hastings-Sunrise" }, "geometry": { "type": "Polygon", "coordinates": [ [ [ 496073.558100000023842, 5457015.0603 ], [ 496073.558100000023842, 5457265.0603 ], [ 496323.558100000023842, 5457265.0603 ], [ 496323.558100000023842, 5457015.0603 ], [ 496073.558100000023842, 5457015.0603 ] ] ] } },
{ "type": "Feature", "properties": { "grid_id": 1635, "crime_count": 0.0, "name": "Hastings-Sunrise" }, "geometry": { "type": "Polygon", "coordinates": [ [ [ 496073.558100000023842, 5457265.0603 ], [ 496073.558100000023842, 5457515.0603 ], [ 496323.558100000023842, 5457515.0603 ], [ 496323.558100000023842, 5457265.0603 ], [ 496073.558100000023842, 5457265.0603 ] ] ] } },
{ "type": "Feature", "properties": { "grid_id": 1636, "crime_count": 6.0, "name": "Hastings-Sunrise" }, "geometry": { "type": "Polygon", "coordinates": [ [ [ 496073.558100000023842, 5457515.0603 ], [ 496073.558100000023842, 5457765.0603 ], [ 496323.558100000023842, 5457765.0603 ], [ 496323.558100000023842, 5457515.0603 ], [ 496073.558100000023842, 5457515.0603 ] ] ] } },
{ "type": "Feature", "properties": { "grid_id": 1637, "crime_count": 1.0, "name": "Hastings-Sunrise" }, "geometry": { "type": "Polygon", "coordinates": [ [ [ 496073.558100000023842, 5457765.0603 ], [ 496073.558100000023842, 5458015.0603 ], [ 496323.558100000023842, 5458015.0603 ], [ 496323.558100000023842, 5457765.0603 ], [ 496073.558100000023842, 5457765.0603 ] ] ] } },
{ "type": "Feature", "properties": { "grid_id": 1638, "crime_count": 3.0, "name": "Hastings-Sunrise" }, "geometry": { "type": "Polygon", "coordinates": [ [ [ 496073.558100000023842, 5458015.0603 ], [ 496073.558100000023842, 5458265.0603 ], [ 496323.558100000023842, 5458265.0603 ], [ 496323.558100000023842, 5458015.0603 ], [ 496073.558100000023842, 5458015.0603 ] ] ] } },
{ "type": "Feature", "properties": { "grid_id": 1639, "crime_count": 3.0, "name": "Hastings-Sunrise" }, "geometry": { "type": "Polygon", "coordinates": [ [ [ 496073.558100000023842, 5458265.0603 ], [ 496073.558100000023842, 5458515.0603 ], [ 496323.558100000023842, 5458515.0603 ], [ 496323.558100000023842, 5458265.0603 ], [ 496073.558100000023842, 5458265.0603 ] ] ] } },
{ "type": "Feature", "properties": { "grid_id": 1640, "crime_count": 9.0, "name": "Hastings-Sunrise" }, "geometry": { "type": "Polygon", "coordinates": [ [ [ 496073.558100000023842, 5458515.0603 ], [ 496073.558100000023842, 5458765.0603 ], [ 496323.558100000023842, 5458765.0603 ], [ 496323.558100000023842, 5458515.0603 ], [ 496073.558100000023842, 5458515.0603 ] ] ] } },
{ "type": "Feature", "properties": { "grid_id": 1641, "crime_count": 4.0, "name": "Hastings-Sunrise" }, "geometry": { "type": "Polygon", "coordinates": [ [ [ 496073.558100000023842, 5458765.0603 ], [ 496073.558100000023842, 5459015.0603 ], [ 496323.558100000023842, 5459015.0603 ], [ 496323.558100000023842, 5458765.0603 ], [ 496073.558100000023842, 5458765.0603 ] ] ] } },
{ "type": "Feature", "properties": { "grid_id": 1642, "crime_count": 3.0, "name": "Hastings-Sunrise" }, "geometry": { "type": "Polygon", "coordinates": [ [ [ 496073.558100000023842, 5459015.0603 ], [ 496073.558100000023842, 5459265.0603 ], [ 496323.558100000023842, 5459265.0603 ], [ 496323.558100000023842, 5459015.0603 ], [ 496073.558100000023842, 5459015.0603 ] ] ] } },
{ "type": "Feature", "properties": { "grid_id": 1643, "crime_count": 0.0, "name": "Hastings-Sunrise" }, "geometry": { "type": "Polygon", "coordinates": [ [ [ 496073.558100000023842, 5459265.0603 ], [ 496073.558100000023842, 5459515.0603 ], [ 496323.558100000023842, 5459515.0603 ], [ 496323.558100000023842, 5459265.0603 ], [ 496073.558100000023842, 5459265.0603 ] ] ] } },
{ "type": "Feature", "properties": { "grid_id": 1644, "crime_count": 4.0, "name": "Hastings-Sunrise" }, "geometry": { "type": "Polygon", "coordinates": [ [ [ 496073.558100000023842, 5459515.0603 ], [ 496073.558100000023842, 5459765.0603 ], [ 496323.558100000023842, 5459765.0603 ], [ 496323.558100000023842, 5459515.0603 ], [ 496073.558100000023842, 5459515.0603 ] ] ] } },
{ "type": "Feature", "properties": { "grid_id": 1645, "crime_count": 1.0, "name": "Hastings-Sunrise" }, "geometry": { "type": "Polygon", "coordinates": [ [ [ 496073.558100000023842, 5459765.0603 ], [ 496073.558100000023842, 5460015.0603 ], [ 496323.558100000023842, 5460015.0603 ], [ 496323.558100000023842, 5459765.0603 ], [ 496073.558100000023842, 5459765.0603 ] ] ] } },
{ "type": "Feature", "properties": { "grid_id": 1646, "crime_count": 0.0, "name": "Hastings-Sunrise" }, "geometry": { "type": "Polygon", "coordinates": [ [ [ 496323.558100000023842, 5460015.0603 ], [ 496073.558100000023842, 5460015.0603 ], [ 496073.558100000023842, 5460123.440589459612966 ], [ 496226.106106202350929, 5460156.89484969060868 ], [ 496323.558100000023842, 5460157.801646461710334 ], [ 496323.558100000023842, 5460015.0603 ] ] ] } },
{ "type": "Feature", "properties": { "grid_id": 1647, "crime_count": 0.0, "name": "Killarney" }, "geometry": { "type": "Polygon", "coordinates": [ [ [ 496323.558100000023842, 5450265.0603 ], [ 496573.558100000023842, 5450265.0603 ], [ 496573.558100000023842, 5450142.417591673322022 ], [ 496323.558100000023842, 5450147.796953921206295 ], [ 496323.558100000023842, 5450265.0603 ] ] ] } },
{ "type": "Feature", "properties": { "grid_id": 1648, "crime_count": 4.0, "name": "Killarney" }, "geometry": { "type": "Polygon", "coordinates": [ [ [ 496323.558100000023842, 5450265.0603 ], [ 496323.558100000023842, 5450515.0603 ], [ 496573.558100000023842, 5450515.0603 ], [ 496573.558100000023842, 5450265.0603 ], [ 496323.558100000023842, 5450265.0603 ] ] ] } },
{ "type": "Feature", "properties": { "grid_id": 1649, "crime_count": 0.0, "name": "Killarney" }, "geometry": { "type": "Polygon", "coordinates": [ [ [ 496323.558100000023842, 5450515.0603 ], [ 496323.558100000023842, 5450765.0603 ], [ 496573.558100000023842, 5450765.0603 ], [ 496573.558100000023842, 5450515.0603 ], [ 496323.558100000023842, 5450515.0603 ] ] ] } },
{ "type": "Feature", "properties": { "grid_id": 1650, "crime_count": 0.0, "name": "Killarney" }, "geometry": { "type": "Polygon", "coordinates": [ [ [ 496323.558100000023842, 5450765.0603 ], [ 496323.558100000023842, 5451015.0603 ], [ 496573.558100000023842, 5451015.0603 ], [ 496573.558100000023842, 5450765.0603 ], [ 496323.558100000023842, 5450765.0603 ] ] ] } },
{ "type": "Feature", "properties": { "grid_id": 1651, "crime_count": 0.0, "name": "Killarney" }, "geometry": { "type": "Polygon", "coordinates": [ [ [ 496323.558100000023842, 5451015.0603 ], [ 496323.558100000023842, 5451265.0603 ], [ 496573.558100000023842, 5451265.0603 ], [ 496573.558100000023842, 5451015.0603 ], [ 496323.558100000023842, 5451015.0603 ] ] ] } },
{ "type": "Feature", "properties": { "grid_id": 1652, "crime_count": 0.0, "name": "Killarney" }, "geometry": { "type": "Polygon", "coordinates": [ [ [ 496323.558100000023842, 5451265.0603 ], [ 496323.558100000023842, 5451515.0603 ], [ 496573.558100000023842, 5451515.0603 ], [ 496573.558100000023842, 5451265.0603 ], [ 496323.558100000023842, 5451265.0603 ] ] ] } },
{ "type": "Feature", "properties": { "grid_id": 1653, "crime_count": 0.0, "name": "Killarney" }, "geometry": { "type": "Polygon", "coordinates": [ [ [ 496323.558100000023842, 5451515.0603 ], [ 496323.558100000023842, 5451765.0603 ], [ 496573.558100000023842, 5451765.0603 ], [ 496573.558100000023842, 5451515.0603 ], [ 496323.558100000023842, 5451515.0603 ] ] ] } },
{ "type": "Feature", "properties": { "grid_id": 1654, "crime_count": 0.0, "name": "Killarney" }, "geometry": { "type": "Polygon", "coordinates": [ [ [ 496323.558100000023842, 5451765.0603 ], [ 496323.558100000023842, 5452015.0603 ], [ 496573.558100000023842, 5452015.0603 ], [ 496573.558100000023842, 5451765.0603 ], [ 496323.558100000023842, 5451765.0603 ] ] ] } },
{ "type": "Feature", "properties": { "grid_id": 1655, "crime_count": 0.0, "name": "Killarney" }, "geometry": { "type": "Polygon", "coordinates": [ [ [ 496323.558100000023842, 5452015.0603 ], [ 496323.558100000023842, 5452265.0603 ], [ 496573.558100000023842, 5452265.0603 ], [ 496573.558100000023842, 5452015.0603 ], [ 496323.558100000023842, 5452015.0603 ] ] ] } },
{ "type": "Feature", "properties": { "grid_id": 1656, "crime_count": 3.0, "name": "Killarney" }, "geometry": { "type": "Polygon", "coordinates": [ [ [ 496323.558100000023842, 5452265.0603 ], [ 496323.558100000023842, 5452515.0603 ], [ 496573.558100000023842, 5452515.0603 ], [ 496573.558100000023842, 5452265.0603 ], [ 496323.558100000023842, 5452265.0603 ] ] ] } },
{ "type": "Feature", "properties": { "grid_id": 1657, "crime_count": 3.0, "name": "Killarney" }, "geometry": { "type": "Polygon", "coordinates": [ [ [ 496323.558100000023842, 5452515.0603 ], [ 496323.558100000023842, 5452765.0603 ], [ 496573.558100000023842, 5452765.0603 ], [ 496573.558100000023842, 5452515.0603 ], [ 496323.558100000023842, 5452515.0603 ] ] ] } },
{ "type": "Feature", "properties": { "grid_id": 1658, "crime_count": 1.0, "name": "Killarney" }, "geometry": { "type": "Polygon", "coordinates": [ [ [ 496323.558100000023842, 5452765.0603 ], [ 496323.558100000023842, 5453015.0603 ], [ 496573.558100000023842, 5453015.0603 ], [ 496573.558100000023842, 5452765.0603 ], [ 496323.558100000023842, 5452765.0603 ] ] ] } },
{ "type": "Feature", "properties": { "grid_id": 1659, "crime_count": 2.0, "name": "Victoria-Fraserview" }, "geometry": { "type": "Polygon", "coordinates": [ [ [ 496323.558100000023842, 5453015.0603 ], [ 496323.558100000023842, 5453265.0603 ], [ 496573.558100000023842, 5453265.0603 ], [ 496573.558100000023842, 5453015.0603 ], [ 496323.558100000023842, 5453015.0603 ] ] ] } },
{ "type": "Feature", "properties": { "grid_id": 1660, "crime_count": 1.0, "name": "Renfrew-Collingwood" }, "geometry": { "type": "Polygon", "coordinates": [ [ [ 496323.558100000023842, 5453265.0603 ], [ 496323.558100000023842, 5453515.0603 ], [ 496573.558100000023842, 5453515.0603 ], [ 496573.558100000023842, 5453265.0603 ], [ 496323.558100000023842, 5453265.0603 ] ] ] } },
{ "type": "Feature", "properties": { "grid_id": 1661, "crime_count": 6.0, "name": "Renfrew-Collingwood" }, "geometry": { "type": "Polygon", "coordinates": [ [ [ 496323.558100000023842, 5453515.0603 ], [ 496323.558100000023842, 5453765.0603 ], [ 496573.558100000023842, 5453765.0603 ], [ 496573.558100000023842, 5453515.0603 ], [ 496323.558100000023842, 5453515.0603 ] ] ] } },
{ "type": "Feature", "properties": { "grid_id": 1662, "crime_count": 2.0, "name": "Renfrew-Collingwood" }, "geometry": { "type": "Polygon", "coordinates": [ [ [ 496323.558100000023842, 5453765.0603 ], [ 496323.558100000023842, 5454015.0603 ], [ 496573.558100000023842, 5454015.0603 ], [ 496573.558100000023842, 5453765.0603 ], [ 496323.558100000023842, 5453765.0603 ] ] ] } },
{ "type": "Feature", "properties": { "grid_id": 1663, "crime_count": 6.0, "name": "Renfrew-Collingwood" }, "geometry": { "type": "Polygon", "coordinates": [ [ [ 496323.558100000023842, 5454015.0603 ], [ 496323.558100000023842, 5454265.0603 ], [ 496573.558100000023842, 5454265.0603 ], [ 496573.558100000023842, 5454015.0603 ], [ 496323.558100000023842, 5454015.0603 ] ] ] } },
{ "type": "Feature", "properties": { "grid_id": 1664, "crime_count": 3.0, "name": "Renfrew-Collingwood" }, "geometry": { "type": "Polygon", "coordinates": [ [ [ 496323.558100000023842, 5454265.0603 ], [ 496323.558100000023842, 5454515.0603 ], [ 496573.558100000023842, 5454515.0603 ], [ 496573.558100000023842, 5454265.0603 ], [ 496323.558100000023842, 5454265.0603 ] ] ] } },
{ "type": "Feature", "properties": { "grid_id": 1665, "crime_count": 0.0, "name": "Renfrew-Collingwood" }, "geometry": { "type": "Polygon", "coordinates": [ [ [ 496323.558100000023842, 5454515.0603 ], [ 496323.558100000023842, 5454765.0603 ], [ 496573.558100000023842, 5454765.0603 ], [ 496573.558100000023842, 5454515.0603 ], [ 496323.558100000023842, 5454515.0603 ] ] ] } },
{ "type": "Feature", "properties": { "grid_id": 1666, "crime_count": 1.0, "name": "Renfrew-Collingwood" }, "geometry": { "type": "Polygon", "coordinates": [ [ [ 496323.558100000023842, 5454765.0603 ], [ 496323.558100000023842, 5455015.0603 ], [ 496573.558100000023842, 5455015.0603 ], [ 496573.558100000023842, 5454765.0603 ], [ 496323.558100000023842, 5454765.0603 ] ] ] } },
{ "type": "Feature", "properties": { "grid_id": 1667, "crime_count": 7.0, "name": "Renfrew-Collingwood" }, "geometry": { "type": "Polygon", "coordinates": [ [ [ 496323.558100000023842, 5455015.0603 ], [ 496323.558100000023842, 5455265.0603 ], [ 496573.558100000023842, 5455265.0603 ], [ 496573.558100000023842, 5455015.0603 ], [ 496323.558100000023842, 5455015.0603 ] ] ] } },
{ "type": "Feature", "properties": { "grid_id": 1668, "crime_count": 0.0, "name": "Renfrew-Collingwood" }, "geometry": { "type": "Polygon", "coordinates": [ [ [ 496323.558100000023842, 5455265.0603 ], [ 496323.558100000023842, 5455515.0603 ], [ 496573.558100000023842, 5455515.0603 ], [ 496573.558100000023842, 5455265.0603 ], [ 496323.558100000023842, 5455265.0603 ] ] ] } },
{ "type": "Feature", "properties": { "grid_id": 1669, "crime_count": 2.0, "name": "Renfrew-Collingwood" }, "geometry": { "type": "Polygon", "coordinates": [ [ [ 496323.558100000023842, 5455515.0603 ], [ 496323.558100000023842, 5455765.0603 ], [ 496573.558100000023842, 5455765.0603 ], [ 496573.558100000023842, 5455515.0603 ], [ 496323.558100000023842, 5455515.0603 ] ] ] } },
{ "type": "Feature", "properties": { "grid_id": 1670, "crime_count": 0.0, "name": "Renfrew-Collingwood" }, "geometry": { "type": "Polygon", "coordinates": [ [ [ 496323.558100000023842, 5455765.0603 ], [ 496323.558100000023842, 5456015.0603 ], [ 496573.558100000023842, 5456015.0603 ], [ 496573.558100000023842, 5455765.0603 ], [ 496323.558100000023842, 5455765.0603 ] ] ] } },
{ "type": "Feature", "properties": { "grid_id": 1671, "crime_count": 9.0, "name": "Renfrew-Collingwood" }, "geometry": { "type": "Polygon", "coordinates": [ [ [ 496323.558100000023842, 5456015.0603 ], [ 496323.558100000023842, 5456265.0603 ], [ 496573.558100000023842, 5456265.0603 ], [ 496573.558100000023842, 5456015.0603 ], [ 496323.558100000023842, 5456015.0603 ] ] ] } },
{ "type": "Feature", "properties": { "grid_id": 1672, "crime_count": 1.0, "name": "Renfrew-Collingwood" }, "geometry": { "type": "Polygon", "coordinates": [ [ [ 496323.558100000023842, 5456265.0603 ], [ 496323.558100000023842, 5456515.0603 ], [ 496573.558100000023842, 5456515.0603 ], [ 496573.558100000023842, 5456265.0603 ], [ 496323.558100000023842, 5456265.0603 ] ] ] } },
{ "type": "Feature", "properties": { "grid_id": 1673, "crime_count": 3.0, "name": "Hastings-Sunrise" }, "geometry": { "type": "Polygon", "coordinates": [ [ [ 496323.558100000023842, 5456515.0603 ], [ 496323.558100000023842, 5456765.0603 ], [ 496573.558100000023842, 5456765.0603 ], [ 496573.558100000023842, 5456515.0603 ], [ 496323.558100000023842, 5456515.0603 ] ] ] } },
{ "type": "Feature", "properties": { "grid_id": 1674, "crime_count": 0.0, "name": "Hastings-Sunrise" }, "geometry": { "type": "Polygon", "coordinates": [ [ [ 496323.558100000023842, 5456765.0603 ], [ 496323.558100000023842, 5457015.0603 ], [ 496573.558100000023842, 5457015.0603 ], [ 496573.558100000023842, 5456765.0603 ], [ 496323.558100000023842, 5456765.0603 ] ] ] } },
{ "type": "Feature", "properties": { "grid_id": 1675, "crime_count": 1.0, "name": "Hastings-Sunrise" }, "geometry": { "type": "Polygon", "coordinates": [ [ [ 496323.558100000023842, 5457015.0603 ], [ 496323.558100000023842, 5457265.0603 ], [ 496573.558100000023842, 5457265.0603 ], [ 496573.558100000023842, 5457015.0603 ], [ 496323.558100000023842, 5457015.0603 ] ] ] } },
{ "type": "Feature", "properties": { "grid_id": 1676, "crime_count": 2.0, "name": "Hastings-Sunrise" }, "geometry": { "type": "Polygon", "coordinates": [ [ [ 496323.558100000023842, 5457265.0603 ], [ 496323.558100000023842, 5457515.0603 ], [ 496573.558100000023842, 5457515.0603 ], [ 496573.558100000023842, 5457265.0603 ], [ 496323.558100000023842, 5457265.0603 ] ] ] } },
{ "type": "Feature", "properties": { "grid_id": 1677, "crime_count": 1.0, "name": "Hastings-Sunrise" }, "geometry": { "type": "Polygon", "coordinates": [ [ [ 496323.558100000023842, 5457515.0603 ], [ 496323.558100000023842, 5457765.0603 ], [ 496573.558100000023842, 5457765.0603 ], [ 496573.558100000023842, 5457515.0603 ], [ 496323.558100000023842, 5457515.0603 ] ] ] } },
{ "type": "Feature", "properties": { "grid_id": 1678, "crime_count": 2.0, "name": "Hastings-Sunrise" }, "geometry": { "type": "Polygon", "coordinates": [ [ [ 496323.558100000023842, 5457765.0603 ], [ 496323.558100000023842, 5458015.0603 ], [ 496573.558100000023842, 5458015.0603 ], [ 496573.558100000023842, 5457765.0603 ], [ 496323.558100000023842, 5457765.0603 ] ] ] } },
{ "type": "Feature", "properties": { "grid_id": 1679, "crime_count": 4.0, "name": "Hastings-Sunrise" }, "geometry": { "type": "Polygon", "coordinates": [ [ [ 496323.558100000023842, 5458015.0603 ], [ 496323.558100000023842, 5458265.0603 ], [ 496573.558100000023842, 5458265.0603 ], [ 496573.558100000023842, 5458015.0603 ], [ 496323.558100000023842, 5458015.0603 ] ] ] } },
{ "type": "Feature", "properties": { "grid_id": 1680, "crime_count": 2.0, "name": "Hastings-Sunrise" }, "geometry": { "type": "Polygon", "coordinates": [ [ [ 496323.558100000023842, 5458265.0603 ], [ 496323.558100000023842, 5458515.0603 ], [ 496573.558100000023842, 5458515.0603 ], [ 496573.558100000023842, 5458265.0603 ], [ 496323.558100000023842, 5458265.0603 ] ] ] } },
{ "type": "Feature", "properties": { "grid_id": 1681, "crime_count": 111.0, "name": "Hastings-Sunrise" }, "geometry": { "type": "Polygon", "coordinates": [ [ [ 496323.558100000023842, 5458515.0603 ], [ 496323.558100000023842, 5458765.0603 ], [ 496573.558100000023842, 5458765.0603 ], [ 496573.558100000023842, 5458515.0603 ], [ 496323.558100000023842, 5458515.0603 ] ] ] } },
{ "type": "Feature", "properties": { "grid_id": 1682, "crime_count": 2.0, "name": "Hastings-Sunrise" }, "geometry": { "type": "Polygon", "coordinates": [ [ [ 496323.558100000023842, 5458765.0603 ], [ 496323.558100000023842, 5459015.0603 ], [ 496573.558100000023842, 5459015.0603 ], [ 496573.558100000023842, 5458765.0603 ], [ 496323.558100000023842, 5458765.0603 ] ] ] } },
{ "type": "Feature", "properties": { "grid_id": 1683, "crime_count": 3.0, "name": "Hastings-Sunrise" }, "geometry": { "type": "Polygon", "coordinates": [ [ [ 496323.558100000023842, 5459015.0603 ], [ 496323.558100000023842, 5459265.0603 ], [ 496573.558100000023842, 5459265.0603 ], [ 496573.558100000023842, 5459015.0603 ], [ 496323.558100000023842, 5459015.0603 ] ] ] } },
{ "type": "Feature", "properties": { "grid_id": 1684, "crime_count": 0.0, "name": "Hastings-Sunrise" }, "geometry": { "type": "Polygon", "coordinates": [ [ [ 496323.558100000023842, 5459265.0603 ], [ 496323.558100000023842, 5459515.0603 ], [ 496573.558100000023842, 5459515.0603 ], [ 496573.558100000023842, 5459265.0603 ], [ 496323.558100000023842, 5459265.0603 ] ] ] } },
{ "type": "Feature", "properties": { "grid_id": 1685, "crime_count": 0.0, "name": "Hastings-Sunrise" }, "geometry": { "type": "Polygon", "coordinates": [ [ [ 496323.558100000023842, 5459515.0603 ], [ 496323.558100000023842, 5459765.0603 ], [ 496573.558100000023842, 5459765.0603 ], [ 496573.558100000023842, 5459515.0603 ], [ 496323.558100000023842, 5459515.0603 ] ] ] } },
{ "type": "Feature", "properties": { "grid_id": 1686, "crime_count": 0.0, "name": "Hastings-Sunrise" }, "geometry": { "type": "Polygon", "coordinates": [ [ [ 496323.558100000023842, 5459765.0603 ], [ 496323.558100000023842, 5460015.0603 ], [ 496573.558100000023842, 5460015.0603 ], [ 496573.558100000023842, 5459765.0603 ], [ 496323.558100000023842, 5459765.0603 ] ] ] } },
{ "type": "Feature", "properties": { "grid_id": 1687, "crime_count": 0.0, "name": "Hastings-Sunrise" }, "geometry": { "type": "Polygon", "coordinates": [ [ [ 496573.558100000023842, 5460015.0603 ], [ 496323.558100000023842, 5460015.0603 ], [ 496323.558100000023842, 5460157.801646461710334 ], [ 496573.558100000023842, 5460160.127911775372922 ], [ 496573.558100000023842, 5460015.0603 ] ] ] } },
{ "type": "Feature", "properties": { "grid_id": 1688, "crime_count": 0.0, "name": "Killarney" }, "geometry": { "type": "Polygon", "coordinates": [ [ [ 496573.558100000023842, 5450265.0603 ], [ 496823.558100000023842, 5450265.0603 ], [ 496823.558100000023842, 5450137.038229426369071 ], [ 496573.558100000023842, 5450142.417591673322022 ], [ 496573.558100000023842, 5450265.0603 ] ] ] } },
{ "type": "Feature", "properties": { "grid_id": 1689, "crime_count": 1.0, "name": "Killarney" }, "geometry": { "type": "Polygon", "coordinates": [ [ [ 496573.558100000023842, 5450265.0603 ], [ 496573.558100000023842, 5450515.0603 ], [ 496823.558100000023842, 5450515.0603 ], [ 496823.558100000023842, 5450265.0603 ], [ 496573.558100000023842, 5450265.0603 ] ] ] } },
{ "type": "Feature", "properties": { "grid_id": 1690, "crime_count": 1.0, "name": "Killarney" }, "geometry": { "type": "Polygon", "coordinates": [ [ [ 496573.558100000023842, 5450515.0603 ], [ 496573.558100000023842, 5450765.0603 ], [ 496823.558100000023842, 5450765.0603 ], [ 496823.558100000023842, 5450515.0603 ], [ 496573.558100000023842, 5450515.0603 ] ] ] } },
{ "type": "Feature", "properties": { "grid_id": 1691, "crime_count": 0.0, "name": "Killarney" }, "geometry": { "type": "Polygon", "coordinates": [ [ [ 496573.558100000023842, 5450765.0603 ], [ 496573.558100000023842, 5451015.0603 ], [ 496823.558100000023842, 5451015.0603 ], [ 496823.558100000023842, 5450765.0603 ], [ 496573.558100000023842, 5450765.0603 ] ] ] } },
{ "type": "Feature", "properties": { "grid_id": 1692, "crime_count": 0.0, "name": "Killarney" }, "geometry": { "type": "Polygon", "coordinates": [ [ [ 496573.558100000023842, 5451015.0603 ], [ 496573.558100000023842, 5451265.0603 ], [ 496823.558100000023842, 5451265.0603 ], [ 496823.558100000023842, 5451015.0603 ], [ 496573.558100000023842, 5451015.0603 ] ] ] } },
{ "type": "Feature", "properties": { "grid_id": 1693, "crime_count": 0.0, "name": "Killarney" }, "geometry": { "type": "Polygon", "coordinates": [ [ [ 496573.558100000023842, 5451265.0603 ], [ 496573.558100000023842, 5451515.0603 ], [ 496823.558100000023842, 5451515.0603 ], [ 496823.558100000023842, 5451265.0603 ], [ 496573.558100000023842, 5451265.0603 ] ] ] } },
{ "type": "Feature", "properties": { "grid_id": 1694, "crime_count": 0.0, "name": "Killarney" }, "geometry": { "type": "Polygon", "coordinates": [ [ [ 496573.558100000023842, 5451515.0603 ], [ 496573.558100000023842, 5451765.0603 ], [ 496823.558100000023842, 5451765.0603 ], [ 496823.558100000023842, 5451515.0603 ], [ 496573.558100000023842, 5451515.0603 ] ] ] } },
{ "type": "Feature", "properties": { "grid_id": 1695, "crime_count": 2.0, "name": "Killarney" }, "geometry": { "type": "Polygon", "coordinates": [ [ [ 496573.558100000023842, 5451765.0603 ], [ 496573.558100000023842, 5452015.0603 ], [ 496823.558100000023842, 5452015.0603 ], [ 496823.558100000023842, 5451765.0603 ], [ 496573.558100000023842, 5451765.0603 ] ] ] } },
{ "type": "Feature", "properties": { "grid_id": 1696, "crime_count": 0.0, "name": "Killarney" }, "geometry": { "type": "Polygon", "coordinates": [ [ [ 496573.558100000023842, 5452015.0603 ], [ 496573.558100000023842, 5452265.0603 ], [ 496823.558100000023842, 5452265.0603 ], [ 496823.558100000023842, 5452015.0603 ], [ 496573.558100000023842, 5452015.0603 ] ] ] } },
{ "type": "Feature", "properties": { "grid_id": 1697, "crime_count": 1.0, "name": "Killarney" }, "geometry": { "type": "Polygon", "coordinates": [ [ [ 496573.558100000023842, 5452265.0603 ], [ 496573.558100000023842, 5452515.0603 ], [ 496823.558100000023842, 5452515.0603 ], [ 496823.558100000023842, 5452265.0603 ], [ 496573.558100000023842, 5452265.0603 ] ] ] } },
{ "type": "Feature", "properties": { "grid_id": 1698, "crime_count": 4.0, "name": "Killarney" }, "geometry": { "type": "Polygon", "coordinates": [ [ [ 496573.558100000023842, 5452515.0603 ], [ 496573.558100000023842, 5452765.0603 ], [ 496823.558100000023842, 5452765.0603 ], [ 496823.558100000023842, 5452515.0603 ], [ 496573.558100000023842, 5452515.0603 ] ] ] } },
{ "type": "Feature", "properties": { "grid_id": 1699, "crime_count": 1.0, "name": "Killarney" }, "geometry": { "type": "Polygon", "coordinates": [ [ [ 496573.558100000023842, 5452765.0603 ], [ 496573.558100000023842, 5453015.0603 ], [ 496823.558100000023842, 5453015.0603 ], [ 496823.558100000023842, 5452765.0603 ], [ 496573.558100000023842, 5452765.0603 ] ] ] } },
{ "type": "Feature", "properties": { "grid_id": 1700, "crime_count": 2.0, "name": "Killarney" }, "geometry": { "type": "Polygon", "coordinates": [ [ [ 496573.558100000023842, 5453015.0603 ], [ 496573.558100000023842, 5453265.0603 ], [ 496823.558100000023842, 5453265.0603 ], [ 496823.558100000023842, 5453015.0603 ], [ 496573.558100000023842, 5453015.0603 ] ] ] } },
{ "type": "Feature", "properties": { "grid_id": 1701, "crime_count": 0.0, "name": "Renfrew-Collingwood" }, "geometry": { "type": "Polygon", "coordinates": [ [ [ 496573.558100000023842, 5453265.0603 ], [ 496573.558100000023842, 5453515.0603 ], [ 496823.558100000023842, 5453515.0603 ], [ 496823.558100000023842, 5453265.0603 ], [ 496573.558100000023842, 5453265.0603 ] ] ] } },
{ "type": "Feature", "properties": { "grid_id": 1702, "crime_count": 0.0, "name": "Renfrew-Collingwood" }, "geometry": { "type": "Polygon", "coordinates": [ [ [ 496573.558100000023842, 5453515.0603 ], [ 496573.558100000023842, 5453765.0603 ], [ 496823.558100000023842, 5453765.0603 ], [ 496823.558100000023842, 5453515.0603 ], [ 496573.558100000023842, 5453515.0603 ] ] ] } },
{ "type": "Feature", "properties": { "grid_id": 1703, "crime_count": 1.0, "name": "Renfrew-Collingwood" }, "geometry": { "type": "Polygon", "coordinates": [ [ [ 496573.558100000023842, 5453765.0603 ], [ 496573.558100000023842, 5454015.0603 ], [ 496823.558100000023842, 5454015.0603 ], [ 496823.558100000023842, 5453765.0603 ], [ 496573.558100000023842, 5453765.0603 ] ] ] } },
{ "type": "Feature", "properties": { "grid_id": 1704, "crime_count": 6.0, "name": "Renfrew-Collingwood" }, "geometry": { "type": "Polygon", "coordinates": [ [ [ 496573.558100000023842, 5454015.0603 ], [ 496573.558100000023842, 5454265.0603 ], [ 496823.558100000023842, 5454265.0603 ], [ 496823.558100000023842, 5454015.0603 ], [ 496573.558100000023842, 5454015.0603 ] ] ] } },
{ "type": "Feature", "properties": { "grid_id": 1705, "crime_count": 2.0, "name": "Renfrew-Collingwood" }, "geometry": { "type": "Polygon", "coordinates": [ [ [ 496573.558100000023842, 5454265.0603 ], [ 496573.558100000023842, 5454515.0603 ], [ 496823.558100000023842, 5454515.0603 ], [ 496823.558100000023842, 5454265.0603 ], [ 496573.558100000023842, 5454265.0603 ] ] ] } },
{ "type": "Feature", "properties": { "grid_id": 1706, "crime_count": 0.0, "name": "Renfrew-Collingwood" }, "geometry": { "type": "Polygon", "coordinates": [ [ [ 496573.558100000023842, 5454515.0603 ], [ 496573.558100000023842, 5454765.0603 ], [ 496823.558100000023842, 5454765.0603 ], [ 496823.558100000023842, 5454515.0603 ], [ 496573.558100000023842, 5454515.0603 ] ] ] } },
{ "type": "Feature", "properties": { "grid_id": 1707, "crime_count": 3.0, "name": "Renfrew-Collingwood" }, "geometry": { "type": "Polygon", "coordinates": [ [ [ 496573.558100000023842, 5454765.0603 ], [ 496573.558100000023842, 5455015.0603 ], [ 496823.558100000023842, 5455015.0603 ], [ 496823.558100000023842, 5454765.0603 ], [ 496573.558100000023842, 5454765.0603 ] ] ] } },
{ "type": "Feature", "properties": { "grid_id": 1708, "crime_count": 1.0, "name": "Renfrew-Collingwood" }, "geometry": { "type": "Polygon", "coordinates": [ [ [ 496573.558100000023842, 5455015.0603 ], [ 496573.558100000023842, 5455265.0603 ], [ 496823.558100000023842, 5455265.0603 ], [ 496823.558100000023842, 5455015.0603 ], [ 496573.558100000023842, 5455015.0603 ] ] ] } },
{ "type": "Feature", "properties": { "grid_id": 1709, "crime_count": 2.0, "name": "Renfrew-Collingwood" }, "geometry": { "type": "Polygon", "coordinates": [ [ [ 496573.558100000023842, 5455265.0603 ], [ 496573.558100000023842, 5455515.0603 ], [ 496823.558100000023842, 5455515.0603 ], [ 496823.558100000023842, 5455265.0603 ], [ 496573.558100000023842, 5455265.0603 ] ] ] } },
{ "type": "Feature", "properties": { "grid_id": 1710, "crime_count": 2.0, "name": "Renfrew-Collingwood" }, "geometry": { "type": "Polygon", "coordinates": [ [ [ 496573.558100000023842, 5455515.0603 ], [ 496573.558100000023842, 5455765.0603 ], [ 496823.558100000023842, 5455765.0603 ], [ 496823.558100000023842, 5455515.0603 ], [ 496573.558100000023842, 5455515.0603 ] ] ] } },
{ "type": "Feature", "properties": { "grid_id": 1711, "crime_count": 3.0, "name": "Renfrew-Collingwood" }, "geometry": { "type": "Polygon", "coordinates": [ [ [ 496573.558100000023842, 5455765.0603 ], [ 496573.558100000023842, 5456015.0603 ], [ 496823.558100000023842, 5456015.0603 ], [ 496823.558100000023842, 5455765.0603 ], [ 496573.558100000023842, 5455765.0603 ] ] ] } },
{ "type": "Feature", "properties": { "grid_id": 1712, "crime_count": 4.0, "name": "Renfrew-Collingwood" }, "geometry": { "type": "Polygon", "coordinates": [ [ [ 496573.558100000023842, 5456015.0603 ], [ 496573.558100000023842, 5456265.0603 ], [ 496823.558100000023842, 5456265.0603 ], [ 496823.558100000023842, 5456015.0603 ], [ 496573.558100000023842, 5456015.0603 ] ] ] } },
{ "type": "Feature", "properties": { "grid_id": 1713, "crime_count": 7.0, "name": "Renfrew-Collingwood" }, "geometry": { "type": "Polygon", "coordinates": [ [ [ 496573.558100000023842, 5456265.0603 ], [ 496573.558100000023842, 5456515.0603 ], [ 496823.558100000023842, 5456515.0603 ], [ 496823.558100000023842, 5456265.0603 ], [ 496573.558100000023842, 5456265.0603 ] ] ] } },
{ "type": "Feature", "properties": { "grid_id": 1714, "crime_count": 7.0, "name": "Hastings-Sunrise" }, "geometry": { "type": "Polygon", "coordinates": [ [ [ 496573.558100000023842, 5456515.0603 ], [ 496573.558100000023842, 5456765.0603 ], [ 496823.558100000023842, 5456765.0603 ], [ 496823.558100000023842, 5456515.0603 ], [ 496573.558100000023842, 5456515.0603 ] ] ] } },
{ "type": "Feature", "properties": { "grid_id": 1715, "crime_count": 3.0, "name": "Hastings-Sunrise" }, "geometry": { "type": "Polygon", "coordinates": [ [ [ 496573.558100000023842, 5456765.0603 ], [ 496573.558100000023842, 5457015.0603 ], [ 496823.558100000023842, 5457015.0603 ], [ 496823.558100000023842, 5456765.0603 ], [ 496573.558100000023842, 5456765.0603 ] ] ] } },
{ "type": "Feature", "properties": { "grid_id": 1716, "crime_count": 0.0, "name": "Hastings-Sunrise" }, "geometry": { "type": "Polygon", "coordinates": [ [ [ 496573.558100000023842, 5457015.0603 ], [ 496573.558100000023842, 5457265.0603 ], [ 496823.558100000023842, 5457265.0603 ], [ 496823.558100000023842, 5457015.0603 ], [ 496573.558100000023842, 5457015.0603 ] ] ] } },
{ "type": "Feature", "properties": { "grid_id": 1717, "crime_count": 13.0, "name": "Hastings-Sunrise" }, "geometry": { "type": "Polygon", "coordinates": [ [ [ 496573.558100000023842, 5457265.0603 ], [ 496573.558100000023842, 5457515.0603 ], [ 496823.558100000023842, 5457515.0603 ], [ 496823.558100000023842, 5457265.0603 ], [ 496573.558100000023842, 5457265.0603 ] ] ] } },
{ "type": "Feature", "properties": { "grid_id": 1718, "crime_count": 1.0, "name": "Hastings-Sunrise" }, "geometry": { "type": "Polygon", "coordinates": [ [ [ 496573.558100000023842, 5457515.0603 ], [ 496573.558100000023842, 5457765.0603 ], [ 496823.558100000023842, 5457765.0603 ], [ 496823.558100000023842, 5457515.0603 ], [ 496573.558100000023842, 5457515.0603 ] ] ] } },
{ "type": "Feature", "properties": { "grid_id": 1719, "crime_count": 0.0, "name": "Hastings-Sunrise" }, "geometry": { "type": "Polygon", "coordinates": [ [ [ 496573.558100000023842, 5457765.0603 ], [ 496573.558100000023842, 5458015.0603 ], [ 496823.558100000023842, 5458015.0603 ], [ 496823.558100000023842, 5457765.0603 ], [ 496573.558100000023842, 5457765.0603 ] ] ] } },
{ "type": "Feature", "properties": { "grid_id": 1720, "crime_count": 2.0, "name": "Hastings-Sunrise" }, "geometry": { "type": "Polygon", "coordinates": [ [ [ 496573.558100000023842, 5458015.0603 ], [ 496573.558100000023842, 5458265.0603 ], [ 496823.558100000023842, 5458265.0603 ], [ 496823.558100000023842, 5458015.0603 ], [ 496573.558100000023842, 5458015.0603 ] ] ] } },
{ "type": "Feature", "properties": { "grid_id": 1721, "crime_count": 3.0, "name": "Hastings-Sunrise" }, "geometry": { "type": "Polygon", "coordinates": [ [ [ 496573.558100000023842, 5458265.0603 ], [ 496573.558100000023842, 5458515.0603 ], [ 496823.558100000023842, 5458515.0603 ], [ 496823.558100000023842, 5458265.0603 ], [ 496573.558100000023842, 5458265.0603 ] ] ] } },
{ "type": "Feature", "properties": { "grid_id": 1722, "crime_count": 19.0, "name": "Hastings-Sunrise" }, "geometry": { "type": "Polygon", "coordinates": [ [ [ 496573.558100000023842, 5458515.0603 ], [ 496573.558100000023842, 5458765.0603 ], [ 496823.558100000023842, 5458765.0603 ], [ 496823.558100000023842, 5458515.0603 ], [ 496573.558100000023842, 5458515.0603 ] ] ] } },
{ "type": "Feature", "properties": { "grid_id": 1723, "crime_count": 6.0, "name": "Hastings-Sunrise" }, "geometry": { "type": "Polygon", "coordinates": [ [ [ 496573.558100000023842, 5458765.0603 ], [ 496573.558100000023842, 5459015.0603 ], [ 496823.558100000023842, 5459015.0603 ], [ 496823.558100000023842, 5458765.0603 ], [ 496573.558100000023842, 5458765.0603 ] ] ] } },
{ "type": "Feature", "properties": { "grid_id": 1724, "crime_count": 2.0, "name": "Hastings-Sunrise" }, "geometry": { "type": "Polygon", "coordinates": [ [ [ 496573.558100000023842, 5459015.0603 ], [ 496573.558100000023842, 5459265.0603 ], [ 496823.558100000023842, 5459265.0603 ], [ 496823.558100000023842, 5459015.0603 ], [ 496573.558100000023842, 5459015.0603 ] ] ] } },
{ "type": "Feature", "properties": { "grid_id": 1725, "crime_count": 2.0, "name": "Hastings-Sunrise" }, "geometry": { "type": "Polygon", "coordinates": [ [ [ 496573.558100000023842, 5459265.0603 ], [ 496573.558100000023842, 5459515.0603 ], [ 496823.558100000023842, 5459515.0603 ], [ 496823.558100000023842, 5459265.0603 ], [ 496573.558100000023842, 5459265.0603 ] ] ] } },
{ "type": "Feature", "properties": { "grid_id": 1726, "crime_count": 3.0, "name": "Hastings-Sunrise" }, "geometry": { "type": "Polygon", "coordinates": [ [ [ 496573.558100000023842, 5459515.0603 ], [ 496573.558100000023842, 5459765.0603 ], [ 496823.558100000023842, 5459765.0603 ], [ 496823.558100000023842, 5459515.0603 ], [ 496573.558100000023842, 5459515.0603 ] ] ] } },
{ "type": "Feature", "properties": { "grid_id": 1727, "crime_count": 0.0, "name": "Hastings-Sunrise" }, "geometry": { "type": "Polygon", "coordinates": [ [ [ 496573.558100000023842, 5459765.0603 ], [ 496573.558100000023842, 5460015.0603 ], [ 496823.558100000023842, 5460015.0603 ], [ 496823.558100000023842, 5459765.0603 ], [ 496573.558100000023842, 5459765.0603 ] ] ] } },
{ "type": "Feature", "properties": { "grid_id": 1728, "crime_count": 0.0, "name": "Hastings-Sunrise" }, "geometry": { "type": "Polygon", "coordinates": [ [ [ 496823.558100000023842, 5460015.0603 ], [ 496573.558100000023842, 5460015.0603 ], [ 496573.558100000023842, 5460160.127911775372922 ], [ 496609.433551473019179, 5460160.46173504833132 ], [ 496823.558100000023842, 5460108.971482766792178 ], [ 496823.558100000023842, 5460015.0603 ] ] ] } },
{ "type": "Feature", "properties": { "grid_id": 1729, "crime_count": 0.0, "name": "Killarney" }, "geometry": { "type": "Polygon", "coordinates": [ [ [ 496823.558100000023842, 5450265.0603 ], [ 497073.558100000023842, 5450265.0603 ], [ 497073.558100000023842, 5450130.663516935892403 ], [ 496917.251592339482158, 5450135.022184483706951 ], [ 496823.558100000023842, 5450137.038229426369071 ], [ 496823.558100000023842, 5450265.0603 ] ] ] } },
{ "type": "Feature", "properties": { "grid_id": 1730, "crime_count": 3.0, "name": "Killarney" }, "geometry": { "type": "Polygon", "coordinates": [ [ [ 496823.558100000023842, 5450265.0603 ], [ 496823.558100000023842, 5450515.0603 ], [ 497073.558100000023842, 5450515.0603 ], [ 497073.558100000023842, 5450265.0603 ], [ 496823.558100000023842, 5450265.0603 ] ] ] } },
{ "type": "Feature", "properties": { "grid_id": 1731, "crime_count": 0.0, "name": "Killarney" }, "geometry": { "type": "Polygon", "coordinates": [ [ [ 496823.558100000023842, 5450515.0603 ], [ 496823.558100000023842, 5450765.0603 ], [ 497073.558100000023842, 5450765.0603 ], [ 497073.558100000023842, 5450515.0603 ], [ 496823.558100000023842, 5450515.0603 ] ] ] } },
{ "type": "Feature", "properties": { "grid_id": 1732, "crime_count": 2.0, "name": "Killarney" }, "geometry": { "type": "Polygon", "coordinates": [ [ [ 496823.558100000023842, 5450765.0603 ], [ 496823.558100000023842, 5451015.0603 ], [ 497073.558100000023842, 5451015.0603 ], [ 497073.558100000023842, 5450765.0603 ], [ 496823.558100000023842, 5450765.0603 ] ] ] } },
{ "type": "Feature", "properties": { "grid_id": 1733, "crime_count": 1.0, "name": "Killarney" }, "geometry": { "type": "Polygon", "coordinates": [ [ [ 496823.558100000023842, 5451015.0603 ], [ 496823.558100000023842, 5451265.0603 ], [ 497073.558100000023842, 5451265.0603 ], [ 497073.558100000023842, 5451015.0603 ], [ 496823.558100000023842, 5451015.0603 ] ] ] } },
{ "type": "Feature", "properties": { "grid_id": 1734, "crime_count": 0.0, "name": "Killarney" }, "geometry": { "type": "Polygon", "coordinates": [ [ [ 496823.558100000023842, 5451265.0603 ], [ 496823.558100000023842, 5451515.0603 ], [ 497073.558100000023842, 5451515.0603 ], [ 497073.558100000023842, 5451265.0603 ], [ 496823.558100000023842, 5451265.0603 ] ] ] } },
{ "type": "Feature", "properties": { "grid_id": 1735, "crime_count": 3.0, "name": "Killarney" }, "geometry": { "type": "Polygon", "coordinates": [ [ [ 496823.558100000023842, 5451515.0603 ], [ 496823.558100000023842, 5451765.0603 ], [ 497073.558100000023842, 5451765.0603 ], [ 497073.558100000023842, 5451515.0603 ], [ 496823.558100000023842, 5451515.0603 ] ] ] } },
{ "type": "Feature", "properties": { "grid_id": 1736, "crime_count": 4.0, "name": "Killarney" }, "geometry": { "type": "Polygon", "coordinates": [ [ [ 496823.558100000023842, 5451765.0603 ], [ 496823.558100000023842, 5452015.0603 ], [ 497073.558100000023842, 5452015.0603 ], [ 497073.558100000023842, 5451765.0603 ], [ 496823.558100000023842, 5451765.0603 ] ] ] } },
{ "type": "Feature", "properties": { "grid_id": 1737, "crime_count": 3.0, "name": "Killarney" }, "geometry": { "type": "Polygon", "coordinates": [ [ [ 496823.558100000023842, 5452015.0603 ], [ 496823.558100000023842, 5452265.0603 ], [ 497073.558100000023842, 5452265.0603 ], [ 497073.558100000023842, 5452015.0603 ], [ 496823.558100000023842, 5452015.0603 ] ] ] } },
{ "type": "Feature", "properties": { "grid_id": 1738, "crime_count": 2.0, "name": "Killarney" }, "geometry": { "type": "Polygon", "coordinates": [ [ [ 496823.558100000023842, 5452265.0603 ], [ 496823.558100000023842, 5452515.0603 ], [ 497073.558100000023842, 5452515.0603 ], [ 497073.558100000023842, 5452265.0603 ], [ 496823.558100000023842, 5452265.0603 ] ] ] } },
{ "type": "Feature", "properties": { "grid_id": 1739, "crime_count": 0.0, "name": "Killarney" }, "geometry": { "type": "Polygon", "coordinates": [ [ [ 496823.558100000023842, 5452515.0603 ], [ 496823.558100000023842, 5452765.0603 ], [ 497073.558100000023842, 5452765.0603 ], [ 497073.558100000023842, 5452515.0603 ], [ 496823.558100000023842, 5452515.0603 ] ] ] } },
{ "type": "Feature", "properties": { "grid_id": 1740, "crime_count": 2.0, "name": "Killarney" }, "geometry": { "type": "Polygon", "coordinates": [ [ [ 496823.558100000023842, 5452765.0603 ], [ 496823.558100000023842, 5453015.0603 ], [ 497073.558100000023842, 5453015.0603 ], [ 497073.558100000023842, 5452765.0603 ], [ 496823.558100000023842, 5452765.0603 ] ] ] } },
{ "type": "Feature", "properties": { "grid_id": 1741, "crime_count": 2.0, "name": "Killarney" }, "geometry": { "type": "Polygon", "coordinates": [ [ [ 496823.558100000023842, 5453015.0603 ], [ 496823.558100000023842, 5453265.0603 ], [ 497073.558100000023842, 5453265.0603 ], [ 497073.558100000023842, 5453015.0603 ], [ 496823.558100000023842, 5453015.0603 ] ] ] } },
{ "type": "Feature", "properties": { "grid_id": 1742, "crime_count": 2.0, "name": "Renfrew-Collingwood" }, "geometry": { "type": "Polygon", "coordinates": [ [ [ 496823.558100000023842, 5453265.0603 ], [ 496823.558100000023842, 5453515.0603 ], [ 497073.558100000023842, 5453515.0603 ], [ 497073.558100000023842, 5453265.0603 ], [ 496823.558100000023842, 5453265.0603 ] ] ] } },
{ "type": "Feature", "properties": { "grid_id": 1743, "crime_count": 2.0, "name": "Renfrew-Collingwood" }, "geometry": { "type": "Polygon", "coordinates": [ [ [ 496823.558100000023842, 5453515.0603 ], [ 496823.558100000023842, 5453765.0603 ], [ 497073.558100000023842, 5453765.0603 ], [ 497073.558100000023842, 5453515.0603 ], [ 496823.558100000023842, 5453515.0603 ] ] ] } },
{ "type": "Feature", "properties": { "grid_id": 1744, "crime_count": 0.0, "name": "Renfrew-Collingwood" }, "geometry": { "type": "Polygon", "coordinates": [ [ [ 496823.558100000023842, 5453765.0603 ], [ 496823.558100000023842, 5454015.0603 ], [ 497073.558100000023842, 5454015.0603 ], [ 497073.558100000023842, 5453765.0603 ], [ 496823.558100000023842, 5453765.0603 ] ] ] } },
{ "type": "Feature", "properties": { "grid_id": 1745, "crime_count": 3.0, "name": "Renfrew-Collingwood" }, "geometry": { "type": "Polygon", "coordinates": [ [ [ 496823.558100000023842, 5454015.0603 ], [ 496823.558100000023842, 5454265.0603 ], [ 497073.558100000023842, 5454265.0603 ], [ 497073.558100000023842, 5454015.0603 ], [ 496823.558100000023842, 5454015.0603 ] ] ] } },
{ "type": "Feature", "properties": { "grid_id": 1746, "crime_count": 4.0, "name": "Renfrew-Collingwood" }, "geometry": { "type": "Polygon", "coordinates": [ [ [ 496823.558100000023842, 5454265.0603 ], [ 496823.558100000023842, 5454515.0603 ], [ 497073.558100000023842, 5454515.0603 ], [ 497073.558100000023842, 5454265.0603 ], [ 496823.558100000023842, 5454265.0603 ] ] ] } },
{ "type": "Feature", "properties": { "grid_id": 1747, "crime_count": 3.0, "name": "Renfrew-Collingwood" }, "geometry": { "type": "Polygon", "coordinates": [ [ [ 496823.558100000023842, 5454515.0603 ], [ 496823.558100000023842, 5454765.0603 ], [ 497073.558100000023842, 5454765.0603 ], [ 497073.558100000023842, 5454515.0603 ], [ 496823.558100000023842, 5454515.0603 ] ] ] } },
{ "type": "Feature", "properties": { "grid_id": 1748, "crime_count": 1.0, "name": "Renfrew-Collingwood" }, "geometry": { "type": "Polygon", "coordinates": [ [ [ 496823.558100000023842, 5454765.0603 ], [ 496823.558100000023842, 5455015.0603 ], [ 497073.558100000023842, 5455015.0603 ], [ 497073.558100000023842, 5454765.0603 ], [ 496823.558100000023842, 5454765.0603 ] ] ] } },
{ "type": "Feature", "properties": { "grid_id": 1749, "crime_count": 0.0, "name": "Renfrew-Collingwood" }, "geometry": { "type": "Polygon", "coordinates": [ [ [ 496823.558100000023842, 5455015.0603 ], [ 496823.558100000023842, 5455265.0603 ], [ 497073.558100000023842, 5455265.0603 ], [ 497073.558100000023842, 5455015.0603 ], [ 496823.558100000023842, 5455015.0603 ] ] ] } },
{ "type": "Feature", "properties": { "grid_id": 1750, "crime_count": 4.0, "name": "Renfrew-Collingwood" }, "geometry": { "type": "Polygon", "coordinates": [ [ [ 496823.558100000023842, 5455265.0603 ], [ 496823.558100000023842, 5455515.0603 ], [ 497073.558100000023842, 5455515.0603 ], [ 497073.558100000023842, 5455265.0603 ], [ 496823.558100000023842, 5455265.0603 ] ] ] } },
{ "type": "Feature", "properties": { "grid_id": 1751, "crime_count": 2.0, "name": "Renfrew-Collingwood" }, "geometry": { "type": "Polygon", "coordinates": [ [ [ 496823.558100000023842, 5455515.0603 ], [ 496823.558100000023842, 5455765.0603 ], [ 497073.558100000023842, 5455765.0603 ], [ 497073.558100000023842, 5455515.0603 ], [ 496823.558100000023842, 5455515.0603 ] ] ] } },
{ "type": "Feature", "properties": { "grid_id": 1752, "crime_count": 2.0, "name": "Renfrew-Collingwood" }, "geometry": { "type": "Polygon", "coordinates": [ [ [ 496823.558100000023842, 5455765.0603 ], [ 496823.558100000023842, 5456015.0603 ], [ 497073.558100000023842, 5456015.0603 ], [ 497073.558100000023842, 5455765.0603 ], [ 496823.558100000023842, 5455765.0603 ] ] ] } },
{ "type": "Feature", "properties": { "grid_id": 1753, "crime_count": 6.0, "name": "Renfrew-Collingwood" }, "geometry": { "type": "Polygon", "coordinates": [ [ [ 496823.558100000023842, 5456015.0603 ], [ 496823.558100000023842, 5456265.0603 ], [ 497073.558100000023842, 5456265.0603 ], [ 497073.558100000023842, 5456015.0603 ], [ 496823.558100000023842, 5456015.0603 ] ] ] } },
{ "type": "Feature", "properties": { "grid_id": 1754, "crime_count": 3.0, "name": "Renfrew-Collingwood" }, "geometry": { "type": "Polygon", "coordinates": [ [ [ 496823.558100000023842, 5456265.0603 ], [ 496823.558100000023842, 5456515.0603 ], [ 497073.558100000023842, 5456515.0603 ], [ 497073.558100000023842, 5456265.0603 ], [ 496823.558100000023842, 5456265.0603 ] ] ] } },
{ "type": "Feature", "properties": { "grid_id": 1755, "crime_count": 1.0, "name": "Hastings-Sunrise" }, "geometry": { "type": "Polygon", "coordinates": [ [ [ 496823.558100000023842, 5456515.0603 ], [ 496823.558100000023842, 5456765.0603 ], [ 497073.558100000023842, 5456765.0603 ], [ 497073.558100000023842, 5456515.0603 ], [ 496823.558100000023842, 5456515.0603 ] ] ] } },
{ "type": "Feature", "properties": { "grid_id": 1756, "crime_count": 1.0, "name": "Hastings-Sunrise" }, "geometry": { "type": "Polygon", "coordinates": [ [ [ 496823.558100000023842, 5456765.0603 ], [ 496823.558100000023842, 5457015.0603 ], [ 497073.558100000023842, 5457015.0603 ], [ 497073.558100000023842, 5456765.0603 ], [ 496823.558100000023842, 5456765.0603 ] ] ] } },
{ "type": "Feature", "properties": { "grid_id": 1757, "crime_count": 0.0, "name": "Hastings-Sunrise" }, "geometry": { "type": "Polygon", "coordinates": [ [ [ 496823.558100000023842, 5457015.0603 ], [ 496823.558100000023842, 5457265.0603 ], [ 497073.558100000023842, 5457265.0603 ], [ 497073.558100000023842, 5457015.0603 ], [ 496823.558100000023842, 5457015.0603 ] ] ] } },
{ "type": "Feature", "properties": { "grid_id": 1758, "crime_count": 1.0, "name": "Hastings-Sunrise" }, "geometry": { "type": "Polygon", "coordinates": [ [ [ 496823.558100000023842, 5457265.0603 ], [ 496823.558100000023842, 5457515.0603 ], [ 497073.558100000023842, 5457515.0603 ], [ 497073.558100000023842, 5457265.0603 ], [ 496823.558100000023842, 5457265.0603 ] ] ] } },
{ "type": "Feature", "properties": { "grid_id": 1759, "crime_count": 2.0, "name": "Hastings-Sunrise" }, "geometry": { "type": "Polygon", "coordinates": [ [ [ 496823.558100000023842, 5457515.0603 ], [ 496823.558100000023842, 5457765.0603 ], [ 497073.558100000023842, 5457765.0603 ], [ 497073.558100000023842, 5457515.0603 ], [ 496823.558100000023842, 5457515.0603 ] ] ] } },
{ "type": "Feature", "properties": { "grid_id": 1760, "crime_count": 2.0, "name": "Hastings-Sunrise" }, "geometry": { "type": "Polygon", "coordinates": [ [ [ 496823.558100000023842, 5457765.0603 ], [ 496823.558100000023842, 5458015.0603 ], [ 497073.558100000023842, 5458015.0603 ], [ 497073.558100000023842, 5457765.0603 ], [ 496823.558100000023842, 5457765.0603 ] ] ] } },
{ "type": "Feature", "properties": { "grid_id": 1761, "crime_count": 0.0, "name": "Hastings-Sunrise" }, "geometry": { "type": "Polygon", "coordinates": [ [ [ 496823.558100000023842, 5458015.0603 ], [ 496823.558100000023842, 5458265.0603 ], [ 497073.558100000023842, 5458265.0603 ], [ 497073.558100000023842, 5458015.0603 ], [ 496823.558100000023842, 5458015.0603 ] ] ] } },
{ "type": "Feature", "properties": { "grid_id": 1762, "crime_count": 0.0, "name": "Hastings-Sunrise" }, "geometry": { "type": "Polygon", "coordinates": [ [ [ 496823.558100000023842, 5458265.0603 ], [ 496823.558100000023842, 5458515.0603 ], [ 497073.558100000023842, 5458515.0603 ], [ 497073.558100000023842, 5458265.0603 ], [ 496823.558100000023842, 5458265.0603 ] ] ] } },
{ "type": "Feature", "properties": { "grid_id": 1763, "crime_count": 1.0, "name": "Hastings-Sunrise" }, "geometry": { "type": "Polygon", "coordinates": [ [ [ 496823.558100000023842, 5458515.0603 ], [ 496823.558100000023842, 5458765.0603 ], [ 497073.558100000023842, 5458765.0603 ], [ 497073.558100000023842, 5458515.0603 ], [ 496823.558100000023842, 5458515.0603 ] ] ] } },
{ "type": "Feature", "properties": { "grid_id": 1764, "crime_count": 0.0, "name": "Hastings-Sunrise" }, "geometry": { "type": "Polygon", "coordinates": [ [ [ 496823.558100000023842, 5458765.0603 ], [ 496823.558100000023842, 5459015.0603 ], [ 497073.558100000023842, 5459015.0603 ], [ 497073.558100000023842, 5458765.0603 ], [ 496823.558100000023842, 5458765.0603 ] ] ] } },
{ "type": "Feature", "properties": { "grid_id": 1765, "crime_count": 0.0, "name": "Hastings-Sunrise" }, "geometry": { "type": "Polygon", "coordinates": [ [ [ 496823.558100000023842, 5459015.0603 ], [ 496823.558100000023842, 5459265.0603 ], [ 497073.558100000023842, 5459265.0603 ], [ 497073.558100000023842, 5459015.0603 ], [ 496823.558100000023842, 5459015.0603 ] ] ] } },
{ "type": "Feature", "properties": { "grid_id": 1766, "crime_count": 0.0, "name": "Hastings-Sunrise" }, "geometry": { "type": "Polygon", "coordinates": [ [ [ 496823.558100000023842, 5459265.0603 ], [ 496823.558100000023842, 5459515.0603 ], [ 497073.558100000023842, 5459515.0603 ], [ 497073.558100000023842, 5459265.0603 ], [ 496823.558100000023842, 5459265.0603 ] ] ] } },
{ "type": "Feature", "properties": { "grid_id": 1767, "crime_count": 3.0, "name": "Hastings-Sunrise" }, "geometry": { "type": "Polygon", "coordinates": [ [ [ 496823.558100000023842, 5459515.0603 ], [ 496823.558100000023842, 5459765.0603 ], [ 497073.558100000023842, 5459765.0603 ], [ 497073.558100000023842, 5459515.0603 ], [ 496823.558100000023842, 5459515.0603 ] ] ] } },
{ "type": "Feature", "properties": { "grid_id": 1768, "crime_count": 0.0, "name": "Hastings-Sunrise" }, "geometry": { "type": "Polygon", "coordinates": [ [ [ 496823.558100000023842, 5459765.0603 ], [ 496823.558100000023842, 5460015.0603 ], [ 497073.558100000023842, 5460015.0603 ], [ 497073.558100000023842, 5459765.0603 ], [ 496823.558100000023842, 5459765.0603 ] ] ] } },
{ "type": "Feature", "properties": { "grid_id": 1769, "crime_count": 0.0, "name": "Hastings-Sunrise" }, "geometry": { "type": "Polygon", "coordinates": [ [ [ 497073.558100000023842, 5460015.0603 ], [ 496823.558100000023842, 5460015.0603 ], [ 496823.558100000023842, 5460108.971482766792178 ], [ 497073.558100000023842, 5460048.854307229630649 ], [ 497073.558100000023842, 5460015.0603 ] ] ] } },
{ "type": "Feature", "properties": { "grid_id": 1770, "crime_count": 0.0, "name": "Killarney" }, "geometry": { "type": "Polygon", "coordinates": [ [ [ 497073.558100000023842, 5450265.0603 ], [ 497323.558100000023842, 5450265.0603 ], [ 497323.558100000023842, 5450046.582717067562044 ], [ 497087.864548886776902, 5450130.264576063491404 ], [ 497073.558100000023842, 5450130.663516935892403 ], [ 497073.558100000023842, 5450265.0603 ] ] ] } },
{ "type": "Feature", "properties": { "grid_id": 1771, "crime_count": 3.0, "name": "Killarney" }, "geometry": { "type": "Polygon", "coordinates": [ [ [ 497073.558100000023842, 5450265.0603 ], [ 497073.558100000023842, 5450515.0603 ], [ 497323.558100000023842, 5450515.0603 ], [ 497323.558100000023842, 5450265.0603 ], [ 497073.558100000023842, 5450265.0603 ] ] ] } },
{ "type": "Feature", "properties": { "grid_id": 1772, "crime_count": 0.0, "name": "Killarney" }, "geometry": { "type": "Polygon", "coordinates": [ [ [ 497073.558100000023842, 5450515.0603 ], [ 497073.558100000023842, 5450765.0603 ], [ 497323.558100000023842, 5450765.0603 ], [ 497323.558100000023842, 5450515.0603 ], [ 497073.558100000023842, 5450515.0603 ] ] ] } },
{ "type": "Feature", "properties": { "grid_id": 1773, "crime_count": 0.0, "name": "Killarney" }, "geometry": { "type": "Polygon", "coordinates": [ [ [ 497073.558100000023842, 5450765.0603 ], [ 497073.558100000023842, 5451015.0603 ], [ 497323.558100000023842, 5451015.0603 ], [ 497323.558100000023842, 5450765.0603 ], [ 497073.558100000023842, 5450765.0603 ] ] ] } },
{ "type": "Feature", "properties": { "grid_id": 1774, "crime_count": 0.0, "name": "Killarney" }, "geometry": { "type": "Polygon", "coordinates": [ [ [ 497073.558100000023842, 5451015.0603 ], [ 497073.558100000023842, 5451265.0603 ], [ 497323.558100000023842, 5451265.0603 ], [ 497323.558100000023842, 5451015.0603 ], [ 497073.558100000023842, 5451015.0603 ] ] ] } },
{ "type": "Feature", "properties": { "grid_id": 1775, "crime_count": 1.0, "name": "Killarney" }, "geometry": { "type": "Polygon", "coordinates": [ [ [ 497073.558100000023842, 5451265.0603 ], [ 497073.558100000023842, 5451515.0603 ], [ 497323.558100000023842, 5451515.0603 ], [ 497323.558100000023842, 5451265.0603 ], [ 497073.558100000023842, 5451265.0603 ] ] ] } },
{ "type": "Feature", "properties": { "grid_id": 1776, "crime_count": 1.0, "name": "Killarney" }, "geometry": { "type": "Polygon", "coordinates": [ [ [ 497073.558100000023842, 5451515.0603 ], [ 497073.558100000023842, 5451765.0603 ], [ 497323.558100000023842, 5451765.0603 ], [ 497323.558100000023842, 5451515.0603 ], [ 497073.558100000023842, 5451515.0603 ] ] ] } },
{ "type": "Feature", "properties": { "grid_id": 1777, "crime_count": 1.0, "name": "Killarney" }, "geometry": { "type": "Polygon", "coordinates": [ [ [ 497073.558100000023842, 5451765.0603 ], [ 497073.558100000023842, 5452015.0603 ], [ 497323.558100000023842, 5452015.0603 ], [ 497323.558100000023842, 5451765.0603 ], [ 497073.558100000023842, 5451765.0603 ] ] ] } },
{ "type": "Feature", "properties": { "grid_id": 1778, "crime_count": 2.0, "name": "Killarney" }, "geometry": { "type": "Polygon", "coordinates": [ [ [ 497073.558100000023842, 5452015.0603 ], [ 497073.558100000023842, 5452265.0603 ], [ 497323.558100000023842, 5452265.0603 ], [ 497323.558100000023842, 5452015.0603 ], [ 497073.558100000023842, 5452015.0603 ] ] ] } },
{ "type": "Feature", "properties": { "grid_id": 1779, "crime_count": 0.0, "name": "Killarney" }, "geometry": { "type": "Polygon", "coordinates": [ [ [ 497073.558100000023842, 5452265.0603 ], [ 497073.558100000023842, 5452515.0603 ], [ 497323.558100000023842, 5452515.0603 ], [ 497323.558100000023842, 5452265.0603 ], [ 497073.558100000023842, 5452265.0603 ] ] ] } },
{ "type": "Feature", "properties": { "grid_id": 1780, "crime_count": 1.0, "name": "Killarney" }, "geometry": { "type": "Polygon", "coordinates": [ [ [ 497073.558100000023842, 5452515.0603 ], [ 497073.558100000023842, 5452765.0603 ], [ 497323.558100000023842, 5452765.0603 ], [ 497323.558100000023842, 5452515.0603 ], [ 497073.558100000023842, 5452515.0603 ] ] ] } },
{ "type": "Feature", "properties": { "grid_id": 1781, "crime_count": 1.0, "name": "Killarney" }, "geometry": { "type": "Polygon", "coordinates": [ [ [ 497073.558100000023842, 5452765.0603 ], [ 497073.558100000023842, 5453015.0603 ], [ 497323.558100000023842, 5453015.0603 ], [ 497323.558100000023842, 5452765.0603 ], [ 497073.558100000023842, 5452765.0603 ] ] ] } },
{ "type": "Feature", "properties": { "grid_id": 1782, "crime_count": 5.0, "name": "Killarney" }, "geometry": { "type": "Polygon", "coordinates": [ [ [ 497073.558100000023842, 5453015.0603 ], [ 497073.558100000023842, 5453265.0603 ], [ 497323.558100000023842, 5453265.0603 ], [ 497323.558100000023842, 5453015.0603 ], [ 497073.558100000023842, 5453015.0603 ] ] ] } },
{ "type": "Feature", "properties": { "grid_id": 1783, "crime_count": 2.0, "name": "Renfrew-Collingwood" }, "geometry": { "type": "Polygon", "coordinates": [ [ [ 497073.558100000023842, 5453265.0603 ], [ 497073.558100000023842, 5453515.0603 ], [ 497323.558100000023842, 5453515.0603 ], [ 497323.558100000023842, 5453265.0603 ], [ 497073.558100000023842, 5453265.0603 ] ] ] } },
{ "type": "Feature", "properties": { "grid_id": 1784, "crime_count": 5.0, "name": "Renfrew-Collingwood" }, "geometry": { "type": "Polygon", "coordinates": [ [ [ 497073.558100000023842, 5453515.0603 ], [ 497073.558100000023842, 5453765.0603 ], [ 497323.558100000023842, 5453765.0603 ], [ 497323.558100000023842, 5453515.0603 ], [ 497073.558100000023842, 5453515.0603 ] ] ] } },
{ "type": "Feature", "properties": { "grid_id": 1785, "crime_count": 2.0, "name": "Renfrew-Collingwood" }, "geometry": { "type": "Polygon", "coordinates": [ [ [ 497073.558100000023842, 5453765.0603 ], [ 497073.558100000023842, 5454015.0603 ], [ 497323.558100000023842, 5454015.0603 ], [ 497323.558100000023842, 5453765.0603 ], [ 497073.558100000023842, 5453765.0603 ] ] ] } },
{ "type": "Feature", "properties": { "grid_id": 1786, "crime_count": 4.0, "name": "Renfrew-Collingwood" }, "geometry": { "type": "Polygon", "coordinates": [ [ [ 497073.558100000023842, 5454015.0603 ], [ 497073.558100000023842, 5454265.0603 ], [ 497323.558100000023842, 5454265.0603 ], [ 497323.558100000023842, 5454015.0603 ], [ 497073.558100000023842, 5454015.0603 ] ] ] } },
{ "type": "Feature", "properties": { "grid_id": 1787, "crime_count": 0.0, "name": "Renfrew-Collingwood" }, "geometry": { "type": "Polygon", "coordinates": [ [ [ 497073.558100000023842, 5454265.0603 ], [ 497073.558100000023842, 5454515.0603 ], [ 497323.558100000023842, 5454515.0603 ], [ 497323.558100000023842, 5454265.0603 ], [ 497073.558100000023842, 5454265.0603 ] ] ] } },
{ "type": "Feature", "properties": { "grid_id": 1788, "crime_count": 1.0, "name": "Renfrew-Collingwood" }, "geometry": { "type": "Polygon", "coordinates": [ [ [ 497073.558100000023842, 5454515.0603 ], [ 497073.558100000023842, 5454765.0603 ], [ 497323.558100000023842, 5454765.0603 ], [ 497323.558100000023842, 5454515.0603 ], [ 497073.558100000023842, 5454515.0603 ] ] ] } },
{ "type": "Feature", "properties": { "grid_id": 1789, "crime_count": 2.0, "name": "Renfrew-Collingwood" }, "geometry": { "type": "Polygon", "coordinates": [ [ [ 497073.558100000023842, 5454765.0603 ], [ 497073.558100000023842, 5455015.0603 ], [ 497323.558100000023842, 5455015.0603 ], [ 497323.558100000023842, 5454765.0603 ], [ 497073.558100000023842, 5454765.0603 ] ] ] } },
{ "type": "Feature", "properties": { "grid_id": 1790, "crime_count": 1.0, "name": "Renfrew-Collingwood" }, "geometry": { "type": "Polygon", "coordinates": [ [ [ 497073.558100000023842, 5455015.0603 ], [ 497073.558100000023842, 5455265.0603 ], [ 497323.558100000023842, 5455265.0603 ], [ 497323.558100000023842, 5455015.0603 ], [ 497073.558100000023842, 5455015.0603 ] ] ] } },
{ "type": "Feature", "properties": { "grid_id": 1791, "crime_count": 6.0, "name": "Renfrew-Collingwood" }, "geometry": { "type": "Polygon", "coordinates": [ [ [ 497073.558100000023842, 5455265.0603 ], [ 497073.558100000023842, 5455515.0603 ], [ 497323.558100000023842, 5455515.0603 ], [ 497323.558100000023842, 5455265.0603 ], [ 497073.558100000023842, 5455265.0603 ] ] ] } },
{ "type": "Feature", "properties": { "grid_id": 1792, "crime_count": 0.0, "name": "Renfrew-Collingwood" }, "geometry": { "type": "Polygon", "coordinates": [ [ [ 497073.558100000023842, 5455515.0603 ], [ 497073.558100000023842, 5455765.0603 ], [ 497323.558100000023842, 5455765.0603 ], [ 497323.558100000023842, 5455515.0603 ], [ 497073.558100000023842, 5455515.0603 ] ] ] } },
{ "type": "Feature", "properties": { "grid_id": 1793, "crime_count": 2.0, "name": "Renfrew-Collingwood" }, "geometry": { "type": "Polygon", "coordinates": [ [ [ 497073.558100000023842, 5455765.0603 ], [ 497073.558100000023842, 5456015.0603 ], [ 497323.558100000023842, 5456015.0603 ], [ 497323.558100000023842, 5455765.0603 ], [ 497073.558100000023842, 5455765.0603 ] ] ] } },
{ "type": "Feature", "properties": { "grid_id": 1794, "crime_count": 360.0, "name": "Renfrew-Collingwood" }, "geometry": { "type": "Polygon", "coordinates": [ [ [ 497073.558100000023842, 5456015.0603 ], [ 497073.558100000023842, 5456265.0603 ], [ 497323.558100000023842, 5456265.0603 ], [ 497323.558100000023842, 5456015.0603 ], [ 497073.558100000023842, 5456015.0603 ] ] ] } },
{ "type": "Feature", "properties": { "grid_id": 1795, "crime_count": 0.0, "name": "Renfrew-Collingwood" }, "geometry": { "type": "Polygon", "coordinates": [ [ [ 497073.558100000023842, 5456265.0603 ], [ 497073.558100000023842, 5456515.0603 ], [ 497323.558100000023842, 5456515.0603 ], [ 497323.558100000023842, 5456265.0603 ], [ 497073.558100000023842, 5456265.0603 ] ] ] } },
{ "type": "Feature", "properties": { "grid_id": 1796, "crime_count": 17.0, "name": "Hastings-Sunrise" }, "geometry": { "type": "Polygon", "coordinates": [ [ [ 497073.558100000023842, 5456515.0603 ], [ 497073.558100000023842, 5456765.0603 ], [ 497323.558100000023842, 5456765.0603 ], [ 497323.558100000023842, 5456515.0603 ], [ 497073.558100000023842, 5456515.0603 ] ] ] } },
{ "type": "Feature", "properties": { "grid_id": 1797, "crime_count": 1.0, "name": "Hastings-Sunrise" }, "geometry": { "type": "Polygon", "coordinates": [ [ [ 497073.558100000023842, 5456765.0603 ], [ 497073.558100000023842, 5457015.0603 ], [ 497323.558100000023842, 5457015.0603 ], [ 497323.558100000023842, 5456765.0603 ], [ 497073.558100000023842, 5456765.0603 ] ] ] } },
{ "type": "Feature", "properties": { "grid_id": 1798, "crime_count": 2.0, "name": "Hastings-Sunrise" }, "geometry": { "type": "Polygon", "coordinates": [ [ [ 497073.558100000023842, 5457015.0603 ], [ 497073.558100000023842, 5457265.0603 ], [ 497323.558100000023842, 5457265.0603 ], [ 497323.558100000023842, 5457015.0603 ], [ 497073.558100000023842, 5457015.0603 ] ] ] } },
{ "type": "Feature", "properties": { "grid_id": 1799, "crime_count": 5.0, "name": "Hastings-Sunrise" }, "geometry": { "type": "Polygon", "coordinates": [ [ [ 497073.558100000023842, 5457265.0603 ], [ 497073.558100000023842, 5457515.0603 ], [ 497323.558100000023842, 5457515.0603 ], [ 497323.558100000023842, 5457265.0603 ], [ 497073.558100000023842, 5457265.0603 ] ] ] } },
{ "type": "Feature", "properties": { "grid_id": 1800, "crime_count": 1.0, "name": "Hastings-Sunrise" }, "geometry": { "type": "Polygon", "coordinates": [ [ [ 497073.558100000023842, 5457515.0603 ], [ 497073.558100000023842, 5457765.0603 ], [ 497323.558100000023842, 5457765.0603 ], [ 497323.558100000023842, 5457515.0603 ], [ 497073.558100000023842, 5457515.0603 ] ] ] } },
{ "type": "Feature", "properties": { "grid_id": 1801, "crime_count": 0.0, "name": "Hastings-Sunrise" }, "geometry": { "type": "Polygon", "coordinates": [ [ [ 497073.558100000023842, 5457765.0603 ], [ 497073.558100000023842, 5458015.0603 ], [ 497323.558100000023842, 5458015.0603 ], [ 497323.558100000023842, 5457765.0603 ], [ 497073.558100000023842, 5457765.0603 ] ] ] } },
{ "type": "Feature", "properties": { "grid_id": 1802, "crime_count": 0.0, "name": "Hastings-Sunrise" }, "geometry": { "type": "Polygon", "coordinates": [ [ [ 497073.558100000023842, 5458015.0603 ], [ 497073.558100000023842, 5458265.0603 ], [ 497323.558100000023842, 5458265.0603 ], [ 497323.558100000023842, 5458015.0603 ], [ 497073.558100000023842, 5458015.0603 ] ] ] } },
{ "type": "Feature", "properties": { "grid_id": 1803, "crime_count": 0.0, "name": "Hastings-Sunrise" }, "geometry": { "type": "Polygon", "coordinates": [ [ [ 497073.558100000023842, 5458265.0603 ], [ 497073.558100000023842, 5458515.0603 ], [ 497323.558100000023842, 5458515.0603 ], [ 497323.558100000023842, 5458265.0603 ], [ 497073.558100000023842, 5458265.0603 ] ] ] } },
{ "type": "Feature", "properties": { "grid_id": 1804, "crime_count": 4.0, "name": "Hastings-Sunrise" }, "geometry": { "type": "Polygon", "coordinates": [ [ [ 497073.558100000023842, 5458515.0603 ], [ 497073.558100000023842, 5458765.0603 ], [ 497323.558100000023842, 5458765.0603 ], [ 497323.558100000023842, 5458515.0603 ], [ 497073.558100000023842, 5458515.0603 ] ] ] } },
{ "type": "Feature", "properties": { "grid_id": 1805, "crime_count": 0.0, "name": "Hastings-Sunrise" }, "geometry": { "type": "Polygon", "coordinates": [ [ [ 497073.558100000023842, 5458765.0603 ], [ 497073.558100000023842, 5459015.0603 ], [ 497323.558100000023842, 5459015.0603 ], [ 497323.558100000023842, 5458765.0603 ], [ 497073.558100000023842, 5458765.0603 ] ] ] } },
{ "type": "Feature", "properties": { "grid_id": 1806, "crime_count": 0.0, "name": "Hastings-Sunrise" }, "geometry": { "type": "Polygon", "coordinates": [ [ [ 497073.558100000023842, 5459015.0603 ], [ 497073.558100000023842, 5459265.0603 ], [ 497323.558100000023842, 5459265.0603 ], [ 497323.558100000023842, 5459015.0603 ], [ 497073.558100000023842, 5459015.0603 ] ] ] } },
{ "type": "Feature", "properties": { "grid_id": 1807, "crime_count": 0.0, "name": "Hastings-Sunrise" }, "geometry": { "type": "Polygon", "coordinates": [ [ [ 497073.558100000023842, 5459265.0603 ], [ 497073.558100000023842, 5459515.0603 ], [ 497323.558100000023842, 5459515.0603 ], [ 497323.558100000023842, 5459265.0603 ], [ 497073.558100000023842, 5459265.0603 ] ] ] } },
{ "type": "Feature", "properties": { "grid_id": 1808, "crime_count": 0.0, "name": "Hastings-Sunrise" }, "geometry": { "type": "Polygon", "coordinates": [ [ [ 497073.558100000023842, 5459515.0603 ], [ 497073.558100000023842, 5459765.0603 ], [ 497323.558100000023842, 5459765.0603 ], [ 497323.558100000023842, 5459515.0603 ], [ 497073.558100000023842, 5459515.0603 ] ] ] } },
{ "type": "Feature", "properties": { "grid_id": 1809, "crime_count": 0.0, "name": "Hastings-Sunrise" }, "geometry": { "type": "Polygon", "coordinates": [ [ [ 497323.558100000023842, 5459765.0603 ], [ 497073.558100000023842, 5459765.0603 ], [ 497073.558100000023842, 5460015.0603 ], [ 497214.092011183267459, 5460015.0603 ], [ 497281.143073290237226, 5459998.936618117615581 ], [ 497323.558100000023842, 5460002.58031799364835 ], [ 497323.558100000023842, 5459765.0603 ] ] ] } },
{ "type": "Feature", "properties": { "grid_id": 1810, "crime_count": 0.0, "name": "Hastings-Sunrise" }, "geometry": { "type": "Polygon", "coordinates": [ [ [ 497073.558100000023842, 5460015.0603 ], [ 497073.558100000023842, 5460048.854307229630649 ], [ 497214.092011183267459, 5460015.0603 ], [ 497073.558100000023842, 5460015.0603 ] ] ] } },
{ "type": "Feature", "properties": { "grid_id": 1811, "crime_count": 2.0, "name": "Killarney" }, "geometry": { "type": "Polygon", "coordinates": [ [ [ 497323.558100000023842, 5450265.0603 ], [ 497573.558100000023842, 5450265.0603 ], [ 497573.558100000023842, 5450015.0603 ], [ 497412.342341978277545, 5450015.0603 ], [ 497323.558100000023842, 5450046.582717067562044 ], [ 497323.558100000023842, 5450265.0603 ] ] ] } },
{ "type": "Feature", "properties": { "grid_id": 1812, "crime_count": 2.0, "name": "Killarney" }, "geometry": { "type": "Polygon", "coordinates": [ [ [ 497323.558100000023842, 5450265.0603 ], [ 497323.558100000023842, 5450515.0603 ], [ 497573.558100000023842, 5450515.0603 ], [ 497573.558100000023842, 5450265.0603 ], [ 497323.558100000023842, 5450265.0603 ] ] ] } },
{ "type": "Feature", "properties": { "grid_id": 1813, "crime_count": 2.0, "name": "Killarney" }, "geometry": { "type": "Polygon", "coordinates": [ [ [ 497323.558100000023842, 5450515.0603 ], [ 497323.558100000023842, 5450765.0603 ], [ 497573.558100000023842, 5450765.0603 ], [ 497573.558100000023842, 5450515.0603 ], [ 497323.558100000023842, 5450515.0603 ] ] ] } },
{ "type": "Feature", "properties": { "grid_id": 1814, "crime_count": 0.0, "name": "Killarney" }, "geometry": { "type": "Polygon", "coordinates": [ [ [ 497323.558100000023842, 5450765.0603 ], [ 497323.558100000023842, 5451015.0603 ], [ 497573.558100000023842, 5451015.0603 ], [ 497573.558100000023842, 5450765.0603 ], [ 497323.558100000023842, 5450765.0603 ] ] ] } },
{ "type": "Feature", "properties": { "grid_id": 1815, "crime_count": 0.0, "name": "Killarney" }, "geometry": { "type": "Polygon", "coordinates": [ [ [ 497323.558100000023842, 5451015.0603 ], [ 497323.558100000023842, 5451265.0603 ], [ 497573.558100000023842, 5451265.0603 ], [ 497573.558100000023842, 5451015.0603 ], [ 497323.558100000023842, 5451015.0603 ] ] ] } },
{ "type": "Feature", "properties": { "grid_id": 1816, "crime_count": 0.0, "name": "Killarney" }, "geometry": { "type": "Polygon", "coordinates": [ [ [ 497323.558100000023842, 5451265.0603 ], [ 497323.558100000023842, 5451515.0603 ], [ 497573.558100000023842, 5451515.0603 ], [ 497573.558100000023842, 5451265.0603 ], [ 497323.558100000023842, 5451265.0603 ] ] ] } },
{ "type": "Feature", "properties": { "grid_id": 1817, "crime_count": 1.0, "name": "Killarney" }, "geometry": { "type": "Polygon", "coordinates": [ [ [ 497323.558100000023842, 5451515.0603 ], [ 497323.558100000023842, 5451765.0603 ], [ 497573.558100000023842, 5451765.0603 ], [ 497573.558100000023842, 5451515.0603 ], [ 497323.558100000023842, 5451515.0603 ] ] ] } },
{ "type": "Feature", "properties": { "grid_id": 1818, "crime_count": 0.0, "name": "Killarney" }, "geometry": { "type": "Polygon", "coordinates": [ [ [ 497323.558100000023842, 5451765.0603 ], [ 497323.558100000023842, 5452015.0603 ], [ 497573.558100000023842, 5452015.0603 ], [ 497573.558100000023842, 5451765.0603 ], [ 497323.558100000023842, 5451765.0603 ] ] ] } },
{ "type": "Feature", "properties": { "grid_id": 1819, "crime_count": 2.0, "name": "Killarney" }, "geometry": { "type": "Polygon", "coordinates": [ [ [ 497323.558100000023842, 5452015.0603 ], [ 497323.558100000023842, 5452265.0603 ], [ 497573.558100000023842, 5452265.0603 ], [ 497573.558100000023842, 5452015.0603 ], [ 497323.558100000023842, 5452015.0603 ] ] ] } },
{ "type": "Feature", "properties": { "grid_id": 1820, "crime_count": 1.0, "name": "Killarney" }, "geometry": { "type": "Polygon", "coordinates": [ [ [ 497323.558100000023842, 5452265.0603 ], [ 497323.558100000023842, 5452515.0603 ], [ 497573.558100000023842, 5452515.0603 ], [ 497573.558100000023842, 5452265.0603 ], [ 497323.558100000023842, 5452265.0603 ] ] ] } },
{ "type": "Feature", "properties": { "grid_id": 1821, "crime_count": 3.0, "name": "Killarney" }, "geometry": { "type": "Polygon", "coordinates": [ [ [ 497323.558100000023842, 5452515.0603 ], [ 497323.558100000023842, 5452765.0603 ], [ 497573.558100000023842, 5452765.0603 ], [ 497573.558100000023842, 5452515.0603 ], [ 497323.558100000023842, 5452515.0603 ] ] ] } },
{ "type": "Feature", "properties": { "grid_id": 1822, "crime_count": 5.0, "name": "Killarney" }, "geometry": { "type": "Polygon", "coordinates": [ [ [ 497323.558100000023842, 5452765.0603 ], [ 497323.558100000023842, 5453015.0603 ], [ 497573.558100000023842, 5453015.0603 ], [ 497573.558100000023842, 5452765.0603 ], [ 497323.558100000023842, 5452765.0603 ] ] ] } },
{ "type": "Feature", "properties": { "grid_id": 1823, "crime_count": 3.0, "name": "Killarney" }, "geometry": { "type": "Polygon", "coordinates": [ [ [ 497323.558100000023842, 5453015.0603 ], [ 497323.558100000023842, 5453265.0603 ], [ 497573.558100000023842, 5453265.0603 ], [ 497573.558100000023842, 5453015.0603 ], [ 497323.558100000023842, 5453015.0603 ] ] ] } },
{ "type": "Feature", "properties": { "grid_id": 1824, "crime_count": 13.0, "name": "Killarney" }, "geometry": { "type": "Polygon", "coordinates": [ [ [ 497323.558100000023842, 5453265.0603 ], [ 497323.558100000023842, 5453515.0603 ], [ 497573.558100000023842, 5453515.0603 ], [ 497573.558100000023842, 5453265.0603 ], [ 497323.558100000023842, 5453265.0603 ] ], [ [ 497325.080576653243043, 5453379.00605295971036 ], [ 497325.080594951752573, 5453379.006070018745959 ], [ 497326.746353965019807, 5453380.700221032835543 ], [ 497325.080576653243043, 5453379.00605295971036 ] ], [ [ 497328.41479973483365, 5453382.397104597650468 ], [ 497330.081873093324248, 5453384.092592359520495 ], [ 497333.41622991830809, 5453387.907657064497471 ], [ 497328.41479973483365, 5453382.397104597650468 ] ], [ [ 497333.416265123581979, 5453387.907697345130146 ], [ 497334.527719572652131, 5453389.179388067685068 ], [ 497337.121463159332052, 5453392.853480299003422 ], [ 497333.416265123581979, 5453387.907697345130146 ] ] ] } },
{ "type": "Feature", "properties": { "grid_id": 1825, "crime_count": 5.0, "name": "Renfrew-Collingwood" }, "geometry": { "type": "Polygon", "coordinates": [ [ [ 497323.558100000023842, 5453515.0603 ], [ 497323.558100000023842, 5453765.0603 ], [ 497573.558100000023842, 5453765.0603 ], [ 497573.558100000023842, 5453515.0603 ], [ 497323.558100000023842, 5453515.0603 ] ] ] } },
{ "type": "Feature", "properties": { "grid_id": 1826, "crime_count": 3.0, "name": "Renfrew-Collingwood" }, "geometry": { "type": "Polygon", "coordinates": [ [ [ 497323.558100000023842, 5453765.0603 ], [ 497323.558100000023842, 5454015.0603 ], [ 497573.558100000023842, 5454015.0603 ], [ 497573.558100000023842, 5453765.0603 ], [ 497323.558100000023842, 5453765.0603 ] ] ] } },
{ "type": "Feature", "properties": { "grid_id": 1827, "crime_count": 1.0, "name": "Renfrew-Collingwood" }, "geometry": { "type": "Polygon", "coordinates": [ [ [ 497323.558100000023842, 5454015.0603 ], [ 497323.558100000023842, 5454265.0603 ], [ 497573.558100000023842, 5454265.0603 ], [ 497573.558100000023842, 5454015.0603 ], [ 497323.558100000023842, 5454015.0603 ] ] ] } },
{ "type": "Feature", "properties": { "grid_id": 1828, "crime_count": 3.0, "name": "Renfrew-Collingwood" }, "geometry": { "type": "Polygon", "coordinates": [ [ [ 497323.558100000023842, 5454265.0603 ], [ 497323.558100000023842, 5454515.0603 ], [ 497573.558100000023842, 5454515.0603 ], [ 497573.558100000023842, 5454265.0603 ], [ 497323.558100000023842, 5454265.0603 ] ] ] } },
{ "type": "Feature", "properties": { "grid_id": 1829, "crime_count": 3.0, "name": "Renfrew-Collingwood" }, "geometry": { "type": "Polygon", "coordinates": [ [ [ 497323.558100000023842, 5454515.0603 ], [ 497323.558100000023842, 5454765.0603 ], [ 497573.558100000023842, 5454765.0603 ], [ 497573.558100000023842, 5454515.0603 ], [ 497323.558100000023842, 5454515.0603 ] ] ] } },
{ "type": "Feature", "properties": { "grid_id": 1830, "crime_count": 3.0, "name": "Renfrew-Collingwood" }, "geometry": { "type": "Polygon", "coordinates": [ [ [ 497323.558100000023842, 5454765.0603 ], [ 497323.558100000023842, 5455015.0603 ], [ 497573.558100000023842, 5455015.0603 ], [ 497573.558100000023842, 5454765.0603 ], [ 497323.558100000023842, 5454765.0603 ] ] ] } },
{ "type": "Feature", "properties": { "grid_id": 1831, "crime_count": 0.0, "name": "Renfrew-Collingwood" }, "geometry": { "type": "Polygon", "coordinates": [ [ [ 497323.558100000023842, 5455015.0603 ], [ 497323.558100000023842, 5455265.0603 ], [ 497573.558100000023842, 5455265.0603 ], [ 497573.558100000023842, 5455015.0603 ], [ 497323.558100000023842, 5455015.0603 ] ] ] } },
{ "type": "Feature", "properties": { "grid_id": 1832, "crime_count": 0.0, "name": "Renfrew-Collingwood" }, "geometry": { "type": "Polygon", "coordinates": [ [ [ 497323.558100000023842, 5455265.0603 ], [ 497323.558100000023842, 5455515.0603 ], [ 497573.558100000023842, 5455515.0603 ], [ 497573.558100000023842, 5455265.0603 ], [ 497323.558100000023842, 5455265.0603 ] ] ] } },
{ "type": "Feature", "properties": { "grid_id": 1833, "crime_count": 1.0, "name": "Renfrew-Collingwood" }, "geometry": { "type": "Polygon", "coordinates": [ [ [ 497323.558100000023842, 5455515.0603 ], [ 497323.558100000023842, 5455765.0603 ], [ 497573.558100000023842, 5455765.0603 ], [ 497573.558100000023842, 5455515.0603 ], [ 497323.558100000023842, 5455515.0603 ] ] ] } },
{ "type": "Feature", "properties": { "grid_id": 1834, "crime_count": 2.0, "name": "Renfrew-Collingwood" }, "geometry": { "type": "Polygon", "coordinates": [ [ [ 497323.558100000023842, 5455765.0603 ], [ 497323.558100000023842, 5456015.0603 ], [ 497573.558100000023842, 5456015.0603 ], [ 497573.558100000023842, 5455765.0603 ], [ 497323.558100000023842, 5455765.0603 ] ] ] } },
{ "type": "Feature", "properties": { "grid_id": 1835, "crime_count": 2.0, "name": "Renfrew-Collingwood" }, "geometry": { "type": "Polygon", "coordinates": [ [ [ 497323.558100000023842, 5456015.0603 ], [ 497323.558100000023842, 5456265.0603 ], [ 497573.558100000023842, 5456265.0603 ], [ 497573.558100000023842, 5456015.0603 ], [ 497323.558100000023842, 5456015.0603 ] ] ] } },
{ "type": "Feature", "properties": { "grid_id": 1836, "crime_count": 1.0, "name": "Renfrew-Collingwood" }, "geometry": { "type": "Polygon", "coordinates": [ [ [ 497323.558100000023842, 5456265.0603 ], [ 497323.558100000023842, 5456515.0603 ], [ 497573.558100000023842, 5456515.0603 ], [ 497573.558100000023842, 5456265.0603 ], [ 497323.558100000023842, 5456265.0603 ] ] ] } },
{ "type": "Feature", "properties": { "grid_id": 1837, "crime_count": 2.0, "name": "Hastings-Sunrise" }, "geometry": { "type": "Polygon", "coordinates": [ [ [ 497323.558100000023842, 5456515.0603 ], [ 497323.558100000023842, 5456765.0603 ], [ 497573.558100000023842, 5456765.0603 ], [ 497573.558100000023842, 5456515.0603 ], [ 497323.558100000023842, 5456515.0603 ] ] ] } },
{ "type": "Feature", "properties": { "grid_id": 1838, "crime_count": 3.0, "name": "Hastings-Sunrise" }, "geometry": { "type": "Polygon", "coordinates": [ [ [ 497323.558100000023842, 5456765.0603 ], [ 497323.558100000023842, 5457015.0603 ], [ 497573.558100000023842, 5457015.0603 ], [ 497573.558100000023842, 5456765.0603 ], [ 497323.558100000023842, 5456765.0603 ] ] ] } },
{ "type": "Feature", "properties": { "grid_id": 1839, "crime_count": 4.0, "name": "Hastings-Sunrise" }, "geometry": { "type": "Polygon", "coordinates": [ [ [ 497323.558100000023842, 5457015.0603 ], [ 497323.558100000023842, 5457265.0603 ], [ 497573.558100000023842, 5457265.0603 ], [ 497573.558100000023842, 5457015.0603 ], [ 497323.558100000023842, 5457015.0603 ] ] ] } },
{ "type": "Feature", "properties": { "grid_id": 1840, "crime_count": 5.0, "name": "Hastings-Sunrise" }, "geometry": { "type": "Polygon", "coordinates": [ [ [ 497323.558100000023842, 5457265.0603 ], [ 497323.558100000023842, 5457515.0603 ], [ 497573.558100000023842, 5457515.0603 ], [ 497573.558100000023842, 5457265.0603 ], [ 497323.558100000023842, 5457265.0603 ] ] ] } },
{ "type": "Feature", "properties": { "grid_id": 1841, "crime_count": 1.0, "name": "Hastings-Sunrise" }, "geometry": { "type": "Polygon", "coordinates": [ [ [ 497323.558100000023842, 5457515.0603 ], [ 497323.558100000023842, 5457765.0603 ], [ 497573.558100000023842, 5457765.0603 ], [ 497573.558100000023842, 5457515.0603 ], [ 497323.558100000023842, 5457515.0603 ] ] ] } },
{ "type": "Feature", "properties": { "grid_id": 1842, "crime_count": 0.0, "name": "Hastings-Sunrise" }, "geometry": { "type": "Polygon", "coordinates": [ [ [ 497323.558100000023842, 5457765.0603 ], [ 497323.558100000023842, 5458015.0603 ], [ 497573.558100000023842, 5458015.0603 ], [ 497573.558100000023842, 5457765.0603 ], [ 497323.558100000023842, 5457765.0603 ] ] ] } },
{ "type": "Feature", "properties": { "grid_id": 1843, "crime_count": 1.0, "name": "Hastings-Sunrise" }, "geometry": { "type": "Polygon", "coordinates": [ [ [ 497323.558100000023842, 5458015.0603 ], [ 497323.558100000023842, 5458265.0603 ], [ 497573.558100000023842, 5458265.0603 ], [ 497573.558100000023842, 5458015.0603 ], [ 497323.558100000023842, 5458015.0603 ] ] ] } },
{ "type": "Feature", "properties": { "grid_id": 1844, "crime_count": 3.0, "name": "Hastings-Sunrise" }, "geometry": { "type": "Polygon", "coordinates": [ [ [ 497323.558100000023842, 5458265.0603 ], [ 497323.558100000023842, 5458515.0603 ], [ 497573.558100000023842, 5458515.0603 ], [ 497573.558100000023842, 5458265.0603 ], [ 497323.558100000023842, 5458265.0603 ] ] ] } },
{ "type": "Feature", "properties": { "grid_id": 1845, "crime_count": 6.0, "name": "Hastings-Sunrise" }, "geometry": { "type": "Polygon", "coordinates": [ [ [ 497323.558100000023842, 5458515.0603 ], [ 497323.558100000023842, 5458765.0603 ], [ 497573.558100000023842, 5458765.0603 ], [ 497573.558100000023842, 5458515.0603 ], [ 497323.558100000023842, 5458515.0603 ] ] ] } },
{ "type": "Feature", "properties": { "grid_id": 1846, "crime_count": 0.0, "name": "Hastings-Sunrise" }, "geometry": { "type": "Polygon", "coordinates": [ [ [ 497323.558100000023842, 5458765.0603 ], [ 497323.558100000023842, 5459015.0603 ], [ 497573.558100000023842, 5459015.0603 ], [ 497573.558100000023842, 5458765.0603 ], [ 497323.558100000023842, 5458765.0603 ] ] ] } },
{ "type": "Feature", "properties": { "grid_id": 1847, "crime_count": 0.0, "name": "Hastings-Sunrise" }, "geometry": { "type": "Polygon", "coordinates": [ [ [ 497323.558100000023842, 5459015.0603 ], [ 497323.558100000023842, 5459265.0603 ], [ 497573.558100000023842, 5459265.0603 ], [ 497573.558100000023842, 5459015.0603 ], [ 497323.558100000023842, 5459015.0603 ] ] ] } },
{ "type": "Feature", "properties": { "grid_id": 1848, "crime_count": 0.0, "name": "Hastings-Sunrise" }, "geometry": { "type": "Polygon", "coordinates": [ [ [ 497323.558100000023842, 5459265.0603 ], [ 497323.558100000023842, 5459515.0603 ], [ 497573.558100000023842, 5459515.0603 ], [ 497573.558100000023842, 5459265.0603 ], [ 497323.558100000023842, 5459265.0603 ] ] ] } },
{ "type": "Feature", "properties": { "grid_id": 1849, "crime_count": 0.0, "name": "Hastings-Sunrise" }, "geometry": { "type": "Polygon", "coordinates": [ [ [ 497323.558100000023842, 5459515.0603 ], [ 497323.558100000023842, 5459765.0603 ], [ 497573.558100000023842, 5459765.0603 ], [ 497573.558100000023842, 5459515.0603 ], [ 497323.558100000023842, 5459515.0603 ] ] ] } },
{ "type": "Feature", "properties": { "grid_id": 1850, "crime_count": 0.0, "name": "Hastings-Sunrise" }, "geometry": { "type": "Polygon", "coordinates": [ [ [ 497573.558100000023842, 5460015.0603 ], [ 497573.558100000023842, 5459765.0603 ], [ 497323.558100000023842, 5459765.0603 ], [ 497323.558100000023842, 5460002.58031799364835 ], [ 497468.83317426632857, 5460015.0603 ], [ 497573.558100000023842, 5460015.0603 ] ] ] } },
{ "type": "Feature", "properties": { "grid_id": 1851, "crime_count": 0.0, "name": "Hastings-Sunrise" }, "geometry": { "type": "Polygon", "coordinates": [ [ [ 497573.558100000023842, 5460015.0603 ], [ 497468.83317426632857, 5460015.0603 ], [ 497573.558100000023842, 5460024.056786117143929 ], [ 497573.558100000023842, 5460015.0603 ] ] ] } },
{ "type": "Feature", "properties": { "grid_id": 1852, "crime_count": 0.0, "name": "Killarney" }, "geometry": { "type": "Polygon", "coordinates": [ [ [ 497573.558100000023842, 5450015.0603 ], [ 497573.558100000023842, 5450265.0603 ], [ 497823.558100000023842, 5450265.0603 ], [ 497823.558100000023842, 5450015.0603 ], [ 497573.558100000023842, 5450015.0603 ] ] ] } },
{ "type": "Feature", "properties": { "grid_id": 1853, "crime_count": 12.0, "name": "Killarney" }, "geometry": { "type": "Polygon", "coordinates": [ [ [ 497573.558100000023842, 5450265.0603 ], [ 497573.558100000023842, 5450515.0603 ], [ 497823.558100000023842, 5450515.0603 ], [ 497823.558100000023842, 5450265.0603 ], [ 497573.558100000023842, 5450265.0603 ] ] ] } },
{ "type": "Feature", "properties": { "grid_id": 1854, "crime_count": 0.0, "name": "Killarney" }, "geometry": { "type": "Polygon", "coordinates": [ [ [ 497573.558100000023842, 5450515.0603 ], [ 497573.558100000023842, 5450765.0603 ], [ 497823.558100000023842, 5450765.0603 ], [ 497823.558100000023842, 5450515.0603 ], [ 497573.558100000023842, 5450515.0603 ] ] ] } },
{ "type": "Feature", "properties": { "grid_id": 1855, "crime_count": 0.0, "name": "Killarney" }, "geometry": { "type": "Polygon", "coordinates": [ [ [ 497573.558100000023842, 5450765.0603 ], [ 497573.558100000023842, 5451015.0603 ], [ 497823.558100000023842, 5451015.0603 ], [ 497823.558100000023842, 5450765.0603 ], [ 497573.558100000023842, 5450765.0603 ] ] ] } },
{ "type": "Feature", "properties": { "grid_id": 1856, "crime_count": 0.0, "name": "Killarney" }, "geometry": { "type": "Polygon", "coordinates": [ [ [ 497573.558100000023842, 5451015.0603 ], [ 497573.558100000023842, 5451265.0603 ], [ 497823.558100000023842, 5451265.0603 ], [ 497823.558100000023842, 5451015.0603 ], [ 497573.558100000023842, 5451015.0603 ] ] ] } },
{ "type": "Feature", "properties": { "grid_id": 1857, "crime_count": 0.0, "name": "Killarney" }, "geometry": { "type": "Polygon", "coordinates": [ [ [ 497573.558100000023842, 5451265.0603 ], [ 497573.558100000023842, 5451515.0603 ], [ 497823.558100000023842, 5451515.0603 ], [ 497823.558100000023842, 5451265.0603 ], [ 497573.558100000023842, 5451265.0603 ] ] ] } },
{ "type": "Feature", "properties": { "grid_id": 1858, "crime_count": 0.0, "name": "Killarney" }, "geometry": { "type": "Polygon", "coordinates": [ [ [ 497573.558100000023842, 5451515.0603 ], [ 497573.558100000023842, 5451765.0603 ], [ 497823.558100000023842, 5451765.0603 ], [ 497823.558100000023842, 5451515.0603 ], [ 497573.558100000023842, 5451515.0603 ] ] ] } },
{ "type": "Feature", "properties": { "grid_id": 1859, "crime_count": 2.0, "name": "Killarney" }, "geometry": { "type": "Polygon", "coordinates": [ [ [ 497573.558100000023842, 5451765.0603 ], [ 497573.558100000023842, 5452015.0603 ], [ 497823.558100000023842, 5452015.0603 ], [ 497823.558100000023842, 5451765.0603 ], [ 497573.558100000023842, 5451765.0603 ] ] ] } },
{ "type": "Feature", "properties": { "grid_id": 1860, "crime_count": 1.0, "name": "Killarney" }, "geometry": { "type": "Polygon", "coordinates": [ [ [ 497573.558100000023842, 5452015.0603 ], [ 497573.558100000023842, 5452265.0603 ], [ 497823.558100000023842, 5452265.0603 ], [ 497823.558100000023842, 5452015.0603 ], [ 497573.558100000023842, 5452015.0603 ] ] ] } },
{ "type": "Feature", "properties": { "grid_id": 1861, "crime_count": 1.0, "name": "Killarney" }, "geometry": { "type": "Polygon", "coordinates": [ [ [ 497573.558100000023842, 5452265.0603 ], [ 497573.558100000023842, 5452515.0603 ], [ 497823.558100000023842, 5452515.0603 ], [ 497823.558100000023842, 5452265.0603 ], [ 497573.558100000023842, 5452265.0603 ] ] ] } },
{ "type": "Feature", "properties": { "grid_id": 1862, "crime_count": 1.0, "name": "Killarney" }, "geometry": { "type": "Polygon", "coordinates": [ [ [ 497573.558100000023842, 5452515.0603 ], [ 497573.558100000023842, 5452765.0603 ], [ 497823.558100000023842, 5452765.0603 ], [ 497823.558100000023842, 5452515.0603 ], [ 497573.558100000023842, 5452515.0603 ] ] ] } },
{ "type": "Feature", "properties": { "grid_id": 1863, "crime_count": 1.0, "name": "Killarney" }, "geometry": { "type": "Polygon", "coordinates": [ [ [ 497573.558100000023842, 5452765.0603 ], [ 497573.558100000023842, 5453015.0603 ], [ 497823.558100000023842, 5453015.0603 ], [ 497823.558100000023842, 5452765.0603 ], [ 497573.558100000023842, 5452765.0603 ] ] ] } },
{ "type": "Feature", "properties": { "grid_id": 1864, "crime_count": 29.0, "name": "Killarney" }, "geometry": { "type": "Polygon", "coordinates": [ [ [ 497573.558100000023842, 5453015.0603 ], [ 497573.558100000023842, 5453265.0603 ], [ 497823.558100000023842, 5453265.0603 ], [ 497823.558100000023842, 5453015.0603 ], [ 497573.558100000023842, 5453015.0603 ] ] ] } },
{ "type": "Feature", "properties": { "grid_id": 1865, "crime_count": 21.0, "name": "Renfrew-Collingwood" }, "geometry": { "type": "Polygon", "coordinates": [ [ [ 497573.558100000023842, 5453265.0603 ], [ 497573.558100000023842, 5453515.0603 ], [ 497823.558100000023842, 5453515.0603 ], [ 497823.558100000023842, 5453265.0603 ], [ 497573.558100000023842, 5453265.0603 ] ] ] } },
{ "type": "Feature", "properties": { "grid_id": 1866, "crime_count": 0.0, "name": "Renfrew-Collingwood" }, "geometry": { "type": "Polygon", "coordinates": [ [ [ 497573.558100000023842, 5453515.0603 ], [ 497573.558100000023842, 5453765.0603 ], [ 497823.558100000023842, 5453765.0603 ], [ 497823.558100000023842, 5453515.0603 ], [ 497573.558100000023842, 5453515.0603 ] ] ] } },
{ "type": "Feature", "properties": { "grid_id": 1867, "crime_count": 16.0, "name": "Renfrew-Collingwood" }, "geometry": { "type": "Polygon", "coordinates": [ [ [ 497573.558100000023842, 5453765.0603 ], [ 497573.558100000023842, 5454015.0603 ], [ 497823.558100000023842, 5454015.0603 ], [ 497823.558100000023842, 5453765.0603 ], [ 497573.558100000023842, 5453765.0603 ] ] ] } },
{ "type": "Feature", "properties": { "grid_id": 1868, "crime_count": 8.0, "name": "Renfrew-Collingwood" }, "geometry": { "type": "Polygon", "coordinates": [ [ [ 497573.558100000023842, 5454015.0603 ], [ 497573.558100000023842, 5454265.0603 ], [ 497823.558100000023842, 5454265.0603 ], [ 497823.558100000023842, 5454015.0603 ], [ 497573.558100000023842, 5454015.0603 ] ] ] } },
{ "type": "Feature", "properties": { "grid_id": 1869, "crime_count": 1.0, "name": "Renfrew-Collingwood" }, "geometry": { "type": "Polygon", "coordinates": [ [ [ 497573.558100000023842, 5454265.0603 ], [ 497573.558100000023842, 5454515.0603 ], [ 497823.558100000023842, 5454515.0603 ], [ 497823.558100000023842, 5454265.0603 ], [ 497573.558100000023842, 5454265.0603 ] ] ] } },
{ "type": "Feature", "properties": { "grid_id": 1870, "crime_count": 1.0, "name": "Renfrew-Collingwood" }, "geometry": { "type": "Polygon", "coordinates": [ [ [ 497573.558100000023842, 5454515.0603 ], [ 497573.558100000023842, 5454765.0603 ], [ 497823.558100000023842, 5454765.0603 ], [ 497823.558100000023842, 5454515.0603 ], [ 497573.558100000023842, 5454515.0603 ] ] ] } },
{ "type": "Feature", "properties": { "grid_id": 1871, "crime_count": 2.0, "name": "Renfrew-Collingwood" }, "geometry": { "type": "Polygon", "coordinates": [ [ [ 497573.558100000023842, 5454765.0603 ], [ 497573.558100000023842, 5455015.0603 ], [ 497823.558100000023842, 5455015.0603 ], [ 497823.558100000023842, 5454765.0603 ], [ 497573.558100000023842, 5454765.0603 ] ] ] } },
{ "type": "Feature", "properties": { "grid_id": 1872, "crime_count": 0.0, "name": "Renfrew-Collingwood" }, "geometry": { "type": "Polygon", "coordinates": [ [ [ 497573.558100000023842, 5455015.0603 ], [ 497573.558100000023842, 5455265.0603 ], [ 497823.558100000023842, 5455265.0603 ], [ 497823.558100000023842, 5455015.0603 ], [ 497573.558100000023842, 5455015.0603 ] ] ] } },
{ "type": "Feature", "properties": { "grid_id": 1873, "crime_count": 1.0, "name": "Renfrew-Collingwood" }, "geometry": { "type": "Polygon", "coordinates": [ [ [ 497573.558100000023842, 5455265.0603 ], [ 497573.558100000023842, 5455515.0603 ], [ 497823.558100000023842, 5455515.0603 ], [ 497823.558100000023842, 5455265.0603 ], [ 497573.558100000023842, 5455265.0603 ] ] ] } },
{ "type": "Feature", "properties": { "grid_id": 1874, "crime_count": 1.0, "name": "Renfrew-Collingwood" }, "geometry": { "type": "Polygon", "coordinates": [ [ [ 497573.558100000023842, 5455515.0603 ], [ 497573.558100000023842, 5455765.0603 ], [ 497823.558100000023842, 5455765.0603 ], [ 497823.558100000023842, 5455515.0603 ], [ 497573.558100000023842, 5455515.0603 ] ] ] } },
{ "type": "Feature", "properties": { "grid_id": 1875, "crime_count": 1.0, "name": "Renfrew-Collingwood" }, "geometry": { "type": "Polygon", "coordinates": [ [ [ 497573.558100000023842, 5455765.0603 ], [ 497573.558100000023842, 5456015.0603 ], [ 497823.558100000023842, 5456015.0603 ], [ 497823.558100000023842, 5455765.0603 ], [ 497573.558100000023842, 5455765.0603 ] ] ] } },
{ "type": "Feature", "properties": { "grid_id": 1876, "crime_count": 31.0, "name": "Renfrew-Collingwood" }, "geometry": { "type": "Polygon", "coordinates": [ [ [ 497573.558100000023842, 5456015.0603 ], [ 497573.558100000023842, 5456265.0603 ], [ 497823.558100000023842, 5456265.0603 ], [ 497823.558100000023842, 5456015.0603 ], [ 497573.558100000023842, 5456015.0603 ] ] ] } },
{ "type": "Feature", "properties": { "grid_id": 1877, "crime_count": 2.0, "name": "Renfrew-Collingwood" }, "geometry": { "type": "Polygon", "coordinates": [ [ [ 497573.558100000023842, 5456265.0603 ], [ 497573.558100000023842, 5456515.0603 ], [ 497823.558100000023842, 5456515.0603 ], [ 497823.558100000023842, 5456265.0603 ], [ 497573.558100000023842, 5456265.0603 ] ] ] } },
{ "type": "Feature", "properties": { "grid_id": 1878, "crime_count": 1.0, "name": "Hastings-Sunrise" }, "geometry": { "type": "Polygon", "coordinates": [ [ [ 497573.558100000023842, 5456515.0603 ], [ 497573.558100000023842, 5456765.0603 ], [ 497823.558100000023842, 5456765.0603 ], [ 497823.558100000023842, 5456515.0603 ], [ 497573.558100000023842, 5456515.0603 ] ] ] } },
{ "type": "Feature", "properties": { "grid_id": 1879, "crime_count": 0.0, "name": "Hastings-Sunrise" }, "geometry": { "type": "Polygon", "coordinates": [ [ [ 497573.558100000023842, 5456765.0603 ], [ 497573.558100000023842, 5457015.0603 ], [ 497823.558100000023842, 5457015.0603 ], [ 497823.558100000023842, 5456765.0603 ], [ 497573.558100000023842, 5456765.0603 ] ] ] } },
{ "type": "Feature", "properties": { "grid_id": 1880, "crime_count": 1.0, "name": "Hastings-Sunrise" }, "geometry": { "type": "Polygon", "coordinates": [ [ [ 497573.558100000023842, 5457015.0603 ], [ 497573.558100000023842, 5457265.0603 ], [ 497823.558100000023842, 5457265.0603 ], [ 497823.558100000023842, 5457015.0603 ], [ 497573.558100000023842, 5457015.0603 ] ] ] } },
{ "type": "Feature", "properties": { "grid_id": 1881, "crime_count": 1.0, "name": "Hastings-Sunrise" }, "geometry": { "type": "Polygon", "coordinates": [ [ [ 497573.558100000023842, 5457265.0603 ], [ 497573.558100000023842, 5457515.0603 ], [ 497823.558100000023842, 5457515.0603 ], [ 497823.558100000023842, 5457265.0603 ], [ 497573.558100000023842, 5457265.0603 ] ] ] } },
{ "type": "Feature", "properties": { "grid_id": 1882, "crime_count": 0.0, "name": "Hastings-Sunrise" }, "geometry": { "type": "Polygon", "coordinates": [ [ [ 497573.558100000023842, 5457515.0603 ], [ 497573.558100000023842, 5457765.0603 ], [ 497823.558100000023842, 5457765.0603 ], [ 497823.558100000023842, 5457515.0603 ], [ 497573.558100000023842, 5457515.0603 ] ] ] } },
{ "type": "Feature", "properties": { "grid_id": 1883, "crime_count": 0.0, "name": "Hastings-Sunrise" }, "geometry": { "type": "Polygon", "coordinates": [ [ [ 497573.558100000023842, 5457765.0603 ], [ 497573.558100000023842, 5458015.0603 ], [ 497823.558100000023842, 5458015.0603 ], [ 497823.558100000023842, 5457765.0603 ], [ 497573.558100000023842, 5457765.0603 ] ] ] } },
{ "type": "Feature", "properties": { "grid_id": 1884, "crime_count": 0.0, "name": "Hastings-Sunrise" }, "geometry": { "type": "Polygon", "coordinates": [ [ [ 497573.558100000023842, 5458015.0603 ], [ 497573.558100000023842, 5458265.0603 ], [ 497823.558100000023842, 5458265.0603 ], [ 497823.558100000023842, 5458015.0603 ], [ 497573.558100000023842, 5458015.0603 ] ] ] } },
{ "type": "Feature", "properties": { "grid_id": 1885, "crime_count": 0.0, "name": "Hastings-Sunrise" }, "geometry": { "type": "Polygon", "coordinates": [ [ [ 497573.558100000023842, 5458265.0603 ], [ 497573.558100000023842, 5458515.0603 ], [ 497823.558100000023842, 5458515.0603 ], [ 497823.558100000023842, 5458265.0603 ], [ 497573.558100000023842, 5458265.0603 ] ] ] } },
{ "type": "Feature", "properties": { "grid_id": 1886, "crime_count": 2.0, "name": "Hastings-Sunrise" }, "geometry": { "type": "Polygon", "coordinates": [ [ [ 497573.558100000023842, 5458515.0603 ], [ 497573.558100000023842, 5458765.0603 ], [ 497823.558100000023842, 5458765.0603 ], [ 497823.558100000023842, 5458515.0603 ], [ 497573.558100000023842, 5458515.0603 ] ] ] } },
{ "type": "Feature", "properties": { "grid_id": 1887, "crime_count": 5.0, "name": "Hastings-Sunrise" }, "geometry": { "type": "Polygon", "coordinates": [ [ [ 497573.558100000023842, 5458765.0603 ], [ 497573.558100000023842, 5459015.0603 ], [ 497823.558100000023842, 5459015.0603 ], [ 497823.558100000023842, 5458765.0603 ], [ 497573.558100000023842, 5458765.0603 ] ] ] } },
{ "type": "Feature", "properties": { "grid_id": 1888, "crime_count": 3.0, "name": "Hastings-Sunrise" }, "geometry": { "type": "Polygon", "coordinates": [ [ [ 497573.558100000023842, 5459015.0603 ], [ 497573.558100000023842, 5459265.0603 ], [ 497823.558100000023842, 5459265.0603 ], [ 497823.558100000023842, 5459015.0603 ], [ 497573.558100000023842, 5459015.0603 ] ] ] } },
{ "type": "Feature", "properties": { "grid_id": 1889, "crime_count": 0.0, "name": "Hastings-Sunrise" }, "geometry": { "type": "Polygon", "coordinates": [ [ [ 497573.558100000023842, 5459265.0603 ], [ 497573.558100000023842, 5459515.0603 ], [ 497823.558100000023842, 5459515.0603 ], [ 497823.558100000023842, 5459265.0603 ], [ 497573.558100000023842, 5459265.0603 ] ] ] } },
{ "type": "Feature", "properties": { "grid_id": 1890, "crime_count": 1.0, "name": "Hastings-Sunrise" }, "geometry": { "type": "Polygon", "coordinates": [ [ [ 497573.558100000023842, 5459515.0603 ], [ 497573.558100000023842, 5459765.0603 ], [ 497823.558100000023842, 5459765.0603 ], [ 497823.558100000023842, 5459515.0603 ], [ 497573.558100000023842, 5459515.0603 ] ] ] } },
{ "type": "Feature", "properties": { "grid_id": 1891, "crime_count": 0.0, "name": "Hastings-Sunrise" }, "geometry": { "type": "Polygon", "coordinates": [ [ [ 497573.558100000023842, 5459765.0603 ], [ 497573.558100000023842, 5460015.0603 ], [ 497823.558100000023842, 5460015.0603 ], [ 497823.558100000023842, 5459765.0603 ], [ 497573.558100000023842, 5459765.0603 ] ] ] } },
{ "type": "Feature", "properties": { "grid_id": 1892, "crime_count": 0.0, "name": "Hastings-Sunrise" }, "geometry": { "type": "Polygon", "coordinates": [ [ [ 497823.558100000023842, 5460015.0603 ], [ 497573.558100000023842, 5460015.0603 ], [ 497573.558100000023842, 5460024.056786117143929 ], [ 497823.558100000023842, 5460045.533254239708185 ], [ 497823.558100000023842, 5460015.0603 ] ] ] } },
{ "type": "Feature", "properties": { "grid_id": 1893, "crime_count": 1.0, "name": "Killarney" }, "geometry": { "type": "Polygon", "coordinates": [ [ [ 497823.558100000023842, 5450015.0603 ], [ 497823.558100000023842, 5450265.0603 ], [ 498073.558100000023842, 5450265.0603 ], [ 498073.558100000023842, 5450015.0603 ], [ 497823.558100000023842, 5450015.0603 ] ] ] } },
{ "type": "Feature", "properties": { "grid_id": 1894, "crime_count": 1.0, "name": "Killarney" }, "geometry": { "type": "Polygon", "coordinates": [ [ [ 497823.558100000023842, 5450265.0603 ], [ 497823.558100000023842, 5450515.0603 ], [ 498073.558100000023842, 5450515.0603 ], [ 498073.558100000023842, 5450265.0603 ], [ 497823.558100000023842, 5450265.0603 ] ] ] } },
{ "type": "Feature", "properties": { "grid_id": 1895, "crime_count": 3.0, "name": "Killarney" }, "geometry": { "type": "Polygon", "coordinates": [ [ [ 497823.558100000023842, 5450515.0603 ], [ 497823.558100000023842, 5450765.0603 ], [ 498073.558100000023842, 5450765.0603 ], [ 498073.558100000023842, 5450515.0603 ], [ 497823.558100000023842, 5450515.0603 ] ] ] } },
{ "type": "Feature", "properties": { "grid_id": 1896, "crime_count": 1.0, "name": "Killarney" }, "geometry": { "type": "Polygon", "coordinates": [ [ [ 497823.558100000023842, 5450765.0603 ], [ 497823.558100000023842, 5451015.0603 ], [ 498073.558100000023842, 5451015.0603 ], [ 498073.558100000023842, 5450765.0603 ], [ 497823.558100000023842, 5450765.0603 ] ] ] } },
{ "type": "Feature", "properties": { "grid_id": 1897, "crime_count": 2.0, "name": "Killarney" }, "geometry": { "type": "Polygon", "coordinates": [ [ [ 497823.558100000023842, 5451015.0603 ], [ 497823.558100000023842, 5451265.0603 ], [ 498073.558100000023842, 5451265.0603 ], [ 498073.558100000023842, 5451015.0603 ], [ 497823.558100000023842, 5451015.0603 ] ] ] } },
{ "type": "Feature", "properties": { "grid_id": 1898, "crime_count": 2.0, "name": "Killarney" }, "geometry": { "type": "Polygon", "coordinates": [ [ [ 497823.558100000023842, 5451265.0603 ], [ 497823.558100000023842, 5451515.0603 ], [ 498073.558100000023842, 5451515.0603 ], [ 498073.558100000023842, 5451265.0603 ], [ 497823.558100000023842, 5451265.0603 ] ] ] } },
{ "type": "Feature", "properties": { "grid_id": 1899, "crime_count": 1.0, "name": "Killarney" }, "geometry": { "type": "Polygon", "coordinates": [ [ [ 497823.558100000023842, 5451515.0603 ], [ 497823.558100000023842, 5451765.0603 ], [ 498073.558100000023842, 5451765.0603 ], [ 498073.558100000023842, 5451515.0603 ], [ 497823.558100000023842, 5451515.0603 ] ] ] } },
{ "type": "Feature", "properties": { "grid_id": 1900, "crime_count": 1.0, "name": "Killarney" }, "geometry": { "type": "Polygon", "coordinates": [ [ [ 497823.558100000023842, 5451765.0603 ], [ 497823.558100000023842, 5452015.0603 ], [ 498073.558100000023842, 5452015.0603 ], [ 498073.558100000023842, 5451765.0603 ], [ 497823.558100000023842, 5451765.0603 ] ] ] } },
{ "type": "Feature", "properties": { "grid_id": 1901, "crime_count": 0.0, "name": "Killarney" }, "geometry": { "type": "Polygon", "coordinates": [ [ [ 497823.558100000023842, 5452015.0603 ], [ 497823.558100000023842, 5452265.0603 ], [ 498073.558100000023842, 5452265.0603 ], [ 498073.558100000023842, 5452015.0603 ], [ 497823.558100000023842, 5452015.0603 ] ] ] } },
{ "type": "Feature", "properties": { "grid_id": 1902, "crime_count": 0.0, "name": "Killarney" }, "geometry": { "type": "Polygon", "coordinates": [ [ [ 497823.558100000023842, 5452265.0603 ], [ 497823.558100000023842, 5452515.0603 ], [ 498073.558100000023842, 5452515.0603 ], [ 498073.558100000023842, 5452265.0603 ], [ 497823.558100000023842, 5452265.0603 ] ] ] } },
{ "type": "Feature", "properties": { "grid_id": 1903, "crime_count": 1.0, "name": "Killarney" }, "geometry": { "type": "Polygon", "coordinates": [ [ [ 497823.558100000023842, 5452515.0603 ], [ 497823.558100000023842, 5452765.0603 ], [ 498073.558100000023842, 5452765.0603 ], [ 498073.558100000023842, 5452515.0603 ], [ 497823.558100000023842, 5452515.0603 ] ] ] } },
{ "type": "Feature", "properties": { "grid_id": 1904, "crime_count": 2.0, "name": "Killarney" }, "geometry": { "type": "Polygon", "coordinates": [ [ [ 497823.558100000023842, 5452765.0603 ], [ 497823.558100000023842, 5453015.0603 ], [ 498073.558100000023842, 5453015.0603 ], [ 498073.558100000023842, 5452765.0603 ], [ 497823.558100000023842, 5452765.0603 ] ] ] } },
{ "type": "Feature", "properties": { "grid_id": 1905, "crime_count": 4.0, "name": "Killarney" }, "geometry": { "type": "Polygon", "coordinates": [ [ [ 497823.558100000023842, 5453015.0603 ], [ 497823.558100000023842, 5453265.0603 ], [ 498073.558100000023842, 5453265.0603 ], [ 498073.558100000023842, 5453015.0603 ], [ 497823.558100000023842, 5453015.0603 ] ] ] } },
{ "type": "Feature", "properties": { "grid_id": 1906, "crime_count": 5.0, "name": "Renfrew-Collingwood" }, "geometry": { "type": "Polygon", "coordinates": [ [ [ 497823.558100000023842, 5453265.0603 ], [ 497823.558100000023842, 5453515.0603 ], [ 498073.558100000023842, 5453515.0603 ], [ 498073.558100000023842, 5453265.0603 ], [ 497823.558100000023842, 5453265.0603 ] ] ] } },
{ "type": "Feature", "properties": { "grid_id": 1907, "crime_count": 7.0, "name": "Renfrew-Collingwood" }, "geometry": { "type": "Polygon", "coordinates": [ [ [ 497823.558100000023842, 5453515.0603 ], [ 497823.558100000023842, 5453765.0603 ], [ 498073.558100000023842, 5453765.0603 ], [ 498073.558100000023842, 5453515.0603 ], [ 497823.558100000023842, 5453515.0603 ] ] ] } },
{ "type": "Feature", "properties": { "grid_id": 1908, "crime_count": 4.0, "name": "Renfrew-Collingwood" }, "geometry": { "type": "Polygon", "coordinates": [ [ [ 497823.558100000023842, 5453765.0603 ], [ 497823.558100000023842, 5454015.0603 ], [ 498073.558100000023842, 5454015.0603 ], [ 498073.558100000023842, 5453765.0603 ], [ 497823.558100000023842, 5453765.0603 ] ] ] } },
{ "type": "Feature", "properties": { "grid_id": 1909, "crime_count": 2.0, "name": "Renfrew-Collingwood" }, "geometry": { "type": "Polygon", "coordinates": [ [ [ 497823.558100000023842, 5454015.0603 ], [ 497823.558100000023842, 5454265.0603 ], [ 498073.558100000023842, 5454265.0603 ], [ 498073.558100000023842, 5454015.0603 ], [ 497823.558100000023842, 5454015.0603 ] ] ] } },
{ "type": "Feature", "properties": { "grid_id": 1910, "crime_count": 2.0, "name": "Renfrew-Collingwood" }, "geometry": { "type": "Polygon", "coordinates": [ [ [ 497823.558100000023842, 5454265.0603 ], [ 497823.558100000023842, 5454515.0603 ], [ 498073.558100000023842, 5454515.0603 ], [ 498073.558100000023842, 5454265.0603 ], [ 497823.558100000023842, 5454265.0603 ] ] ] } },
{ "type": "Feature", "properties": { "grid_id": 1911, "crime_count": 0.0, "name": "Renfrew-Collingwood" }, "geometry": { "type": "Polygon", "coordinates": [ [ [ 497823.558100000023842, 5454515.0603 ], [ 497823.558100000023842, 5454765.0603 ], [ 498073.558100000023842, 5454765.0603 ], [ 498073.558100000023842, 5454515.0603 ], [ 497823.558100000023842, 5454515.0603 ] ] ] } },
{ "type": "Feature", "properties": { "grid_id": 1912, "crime_count": 3.0, "name": "Renfrew-Collingwood" }, "geometry": { "type": "Polygon", "coordinates": [ [ [ 497823.558100000023842, 5454765.0603 ], [ 497823.558100000023842, 5455015.0603 ], [ 498073.558100000023842, 5455015.0603 ], [ 498073.558100000023842, 5454765.0603 ], [ 497823.558100000023842, 5454765.0603 ] ] ] } },
{ "type": "Feature", "properties": { "grid_id": 1913, "crime_count": 2.0, "name": "Renfrew-Collingwood" }, "geometry": { "type": "Polygon", "coordinates": [ [ [ 497823.558100000023842, 5455015.0603 ], [ 497823.558100000023842, 5455265.0603 ], [ 498073.558100000023842, 5455265.0603 ], [ 498073.558100000023842, 5455015.0603 ], [ 497823.558100000023842, 5455015.0603 ] ] ] } },
{ "type": "Feature", "properties": { "grid_id": 1914, "crime_count": 0.0, "name": "Renfrew-Collingwood" }, "geometry": { "type": "Polygon", "coordinates": [ [ [ 497823.558100000023842, 5455265.0603 ], [ 497823.558100000023842, 5455515.0603 ], [ 498073.558100000023842, 5455515.0603 ], [ 498073.558100000023842, 5455265.0603 ], [ 497823.558100000023842, 5455265.0603 ] ] ] } },
{ "type": "Feature", "properties": { "grid_id": 1915, "crime_count": 1.0, "name": "Renfrew-Collingwood" }, "geometry": { "type": "Polygon", "coordinates": [ [ [ 497823.558100000023842, 5455515.0603 ], [ 497823.558100000023842, 5455765.0603 ], [ 498073.558100000023842, 5455765.0603 ], [ 498073.558100000023842, 5455515.0603 ], [ 497823.558100000023842, 5455515.0603 ] ] ] } },
{ "type": "Feature", "properties": { "grid_id": 1916, "crime_count": 1.0, "name": "Renfrew-Collingwood" }, "geometry": { "type": "Polygon", "coordinates": [ [ [ 497823.558100000023842, 5455765.0603 ], [ 497823.558100000023842, 5456015.0603 ], [ 498073.558100000023842, 5456015.0603 ], [ 498073.558100000023842, 5455765.0603 ], [ 497823.558100000023842, 5455765.0603 ] ] ] } },
{ "type": "Feature", "properties": { "grid_id": 1917, "crime_count": 61.0, "name": "Renfrew-Collingwood" }, "geometry": { "type": "Polygon", "coordinates": [ [ [ 497823.558100000023842, 5456015.0603 ], [ 497823.558100000023842, 5456265.0603 ], [ 498073.558100000023842, 5456265.0603 ], [ 498073.558100000023842, 5456015.0603 ], [ 497823.558100000023842, 5456015.0603 ] ] ] } },
{ "type": "Feature", "properties": { "grid_id": 1918, "crime_count": 0.0, "name": "Renfrew-Collingwood" }, "geometry": { "type": "Polygon", "coordinates": [ [ [ 497823.558100000023842, 5456265.0603 ], [ 497823.558100000023842, 5456515.0603 ], [ 498073.558100000023842, 5456515.0603 ], [ 498073.558100000023842, 5456265.0603 ], [ 497823.558100000023842, 5456265.0603 ] ] ] } },
{ "type": "Feature", "properties": { "grid_id": 1919, "crime_count": 0.0, "name": "Renfrew-Collingwood" }, "geometry": { "type": "Polygon", "coordinates": [ [ [ 497823.558100000023842, 5456515.0603 ], [ 497823.558100000023842, 5456765.0603 ], [ 498073.558100000023842, 5456765.0603 ], [ 498073.558100000023842, 5456515.0603 ], [ 497823.558100000023842, 5456515.0603 ] ] ] } },
{ "type": "Feature", "properties": { "grid_id": 1920, "crime_count": 1.0, "name": "Hastings-Sunrise" }, "geometry": { "type": "Polygon", "coordinates": [ [ [ 497823.558100000023842, 5456765.0603 ], [ 497823.558100000023842, 5457015.0603 ], [ 498073.558100000023842, 5457015.0603 ], [ 498073.558100000023842, 5456765.0603 ], [ 497823.558100000023842, 5456765.0603 ] ] ] } },
{ "type": "Feature", "properties": { "grid_id": 1921, "crime_count": 0.0, "name": "Hastings-Sunrise" }, "geometry": { "type": "Polygon", "coordinates": [ [ [ 497823.558100000023842, 5457015.0603 ], [ 497823.558100000023842, 5457265.0603 ], [ 498073.558100000023842, 5457265.0603 ], [ 498073.558100000023842, 5457015.0603 ], [ 497823.558100000023842, 5457015.0603 ] ] ] } },
{ "type": "Feature", "properties": { "grid_id": 1922, "crime_count": 0.0, "name": "Hastings-Sunrise" }, "geometry": { "type": "Polygon", "coordinates": [ [ [ 497823.558100000023842, 5457265.0603 ], [ 497823.558100000023842, 5457515.0603 ], [ 498073.558100000023842, 5457515.0603 ], [ 498073.558100000023842, 5457265.0603 ], [ 497823.558100000023842, 5457265.0603 ] ] ] } },
{ "type": "Feature", "properties": { "grid_id": 1923, "crime_count": 2.0, "name": "Hastings-Sunrise" }, "geometry": { "type": "Polygon", "coordinates": [ [ [ 497823.558100000023842, 5457515.0603 ], [ 497823.558100000023842, 5457765.0603 ], [ 498073.558100000023842, 5457765.0603 ], [ 498073.558100000023842, 5457515.0603 ], [ 497823.558100000023842, 5457515.0603 ] ] ] } },
{ "type": "Feature", "properties": { "grid_id": 1924, "crime_count": 0.0, "name": "Hastings-Sunrise" }, "geometry": { "type": "Polygon", "coordinates": [ [ [ 497823.558100000023842, 5457765.0603 ], [ 497823.558100000023842, 5458015.0603 ], [ 498073.558100000023842, 5458015.0603 ], [ 498073.558100000023842, 5457765.0603 ], [ 497823.558100000023842, 5457765.0603 ] ] ] } },
{ "type": "Feature", "properties": { "grid_id": 1925, "crime_count": 1.0, "name": "Hastings-Sunrise" }, "geometry": { "type": "Polygon", "coordinates": [ [ [ 497823.558100000023842, 5458015.0603 ], [ 497823.558100000023842, 5458265.0603 ], [ 498073.558100000023842, 5458265.0603 ], [ 498073.558100000023842, 5458015.0603 ], [ 497823.558100000023842, 5458015.0603 ] ] ] } },
{ "type": "Feature", "properties": { "grid_id": 1926, "crime_count": 3.0, "name": "Hastings-Sunrise" }, "geometry": { "type": "Polygon", "coordinates": [ [ [ 497823.558100000023842, 5458265.0603 ], [ 497823.558100000023842, 5458515.0603 ], [ 498073.558100000023842, 5458515.0603 ], [ 498073.558100000023842, 5458265.0603 ], [ 497823.558100000023842, 5458265.0603 ] ] ] } },
{ "type": "Feature", "properties": { "grid_id": 1927, "crime_count": 14.0, "name": "Hastings-Sunrise" }, "geometry": { "type": "Polygon", "coordinates": [ [ [ 497823.558100000023842, 5458515.0603 ], [ 497823.558100000023842, 5458765.0603 ], [ 498073.558100000023842, 5458765.0603 ], [ 498073.558100000023842, 5458515.0603 ], [ 497823.558100000023842, 5458515.0603 ] ] ] } },
{ "type": "Feature", "properties": { "grid_id": 1928, "crime_count": 1.0, "name": "Hastings-Sunrise" }, "geometry": { "type": "Polygon", "coordinates": [ [ [ 497823.558100000023842, 5458765.0603 ], [ 497823.558100000023842, 5459015.0603 ], [ 498073.558100000023842, 5459015.0603 ], [ 498073.558100000023842, 5458765.0603 ], [ 497823.558100000023842, 5458765.0603 ] ] ] } },
{ "type": "Feature", "properties": { "grid_id": 1929, "crime_count": 3.0, "name": "Hastings-Sunrise" }, "geometry": { "type": "Polygon", "coordinates": [ [ [ 497823.558100000023842, 5459015.0603 ], [ 497823.558100000023842, 5459265.0603 ], [ 498073.558100000023842, 5459265.0603 ], [ 498073.558100000023842, 5459015.0603 ], [ 497823.558100000023842, 5459015.0603 ] ] ] } },
{ "type": "Feature", "properties": { "grid_id": 1930, "crime_count": 5.0, "name": "Hastings-Sunrise" }, "geometry": { "type": "Polygon", "coordinates": [ [ [ 497823.558100000023842, 5459265.0603 ], [ 497823.558100000023842, 5459515.0603 ], [ 498073.558100000023842, 5459515.0603 ], [ 498073.558100000023842, 5459265.0603 ], [ 497823.558100000023842, 5459265.0603 ] ] ] } },
{ "type": "Feature", "properties": { "grid_id": 1931, "crime_count": 1.0, "name": "Hastings-Sunrise" }, "geometry": { "type": "Polygon", "coordinates": [ [ [ 497823.558100000023842, 5459515.0603 ], [ 497823.558100000023842, 5459765.0603 ], [ 498073.558100000023842, 5459765.0603 ], [ 498073.558100000023842, 5459515.0603 ], [ 497823.558100000023842, 5459515.0603 ] ] ] } },
{ "type": "Feature", "properties": { "grid_id": 1932, "crime_count": 0.0, "name": "Hastings-Sunrise" }, "geometry": { "type": "Polygon", "coordinates": [ [ [ 497823.558100000023842, 5459765.0603 ], [ 497823.558100000023842, 5460015.0603 ], [ 498073.558100000023842, 5460015.0603 ], [ 498073.558100000023842, 5459765.0603 ], [ 497823.558100000023842, 5459765.0603 ] ] ] } },
{ "type": "Feature", "properties": { "grid_id": 1933, "crime_count": 0.0, "name": "Hastings-Sunrise" }, "geometry": { "type": "Polygon", "coordinates": [ [ [ 498073.558100000023842, 5460015.0603 ], [ 497823.558100000023842, 5460015.0603 ], [ 497823.558100000023842, 5460045.533254239708185 ], [ 498073.558100000023842, 5460067.009722362272441 ], [ 498073.558100000023842, 5460015.0603 ] ] ] } },
{ "type": "Feature", "properties": { "grid_id": 1934, "crime_count": 2.0, "name": "Killarney" }, "geometry": { "type": "Polygon", "coordinates": [ [ [ 498073.558100000023842, 5450015.0603 ], [ 498073.558100000023842, 5450265.0603 ], [ 498295.656499547534622, 5450265.0603 ], [ 498290.316725907847285, 5450015.0603 ], [ 498073.558100000023842, 5450015.0603 ] ] ] } },
{ "type": "Feature", "properties": { "grid_id": 1935, "crime_count": 2.0, "name": "Killarney" }, "geometry": { "type": "Polygon", "coordinates": [ [ [ 498073.558100000023842, 5450265.0603 ], [ 498073.558100000023842, 5450515.0603 ], [ 498300.996273187280167, 5450515.0603 ], [ 498295.656499547534622, 5450265.0603 ], [ 498073.558100000023842, 5450265.0603 ] ] ] } },
{ "type": "Feature", "properties": { "grid_id": 1936, "crime_count": 1.0, "name": "Killarney" }, "geometry": { "type": "Polygon", "coordinates": [ [ [ 498073.558100000023842, 5450515.0603 ], [ 498073.558100000023842, 5450765.0603 ], [ 498305.450512985524256, 5450765.0603 ], [ 498305.701202798692975, 5450735.337877705693245 ], [ 498300.996273187280167, 5450515.0603 ], [ 498073.558100000023842, 5450515.0603 ] ] ] } },
{ "type": "Feature", "properties": { "grid_id": 1937, "crime_count": 0.0, "name": "Killarney" }, "geometry": { "type": "Polygon", "coordinates": [ [ [ 498073.558100000023842, 5450765.0603 ], [ 498073.558100000023842, 5451015.0603 ], [ 498303.341921274375636, 5451015.0603 ], [ 498305.450512985524256, 5450765.0603 ], [ 498073.558100000023842, 5450765.0603 ] ] ] } },
{ "type": "Feature", "properties": { "grid_id": 1938, "crime_count": 1.0, "name": "Killarney" }, "geometry": { "type": "Polygon", "coordinates": [ [ [ 498073.558100000023842, 5451015.0603 ], [ 498073.558100000023842, 5451265.0603 ], [ 498301.233329563168809, 5451265.0603 ], [ 498303.341921274375636, 5451015.0603 ], [ 498073.558100000023842, 5451015.0603 ] ] ] } },
{ "type": "Feature", "properties": { "grid_id": 1939, "crime_count": 1.0, "name": "Killarney" }, "geometry": { "type": "Polygon", "coordinates": [ [ [ 498073.558100000023842, 5451265.0603 ], [ 498073.558100000023842, 5451515.0603 ], [ 498299.124737851961982, 5451515.0603 ], [ 498301.233329563168809, 5451265.0603 ], [ 498073.558100000023842, 5451265.0603 ] ] ] } },
{ "type": "Feature", "properties": { "grid_id": 1940, "crime_count": 0.0, "name": "Killarney" }, "geometry": { "type": "Polygon", "coordinates": [ [ [ 498073.558100000023842, 5451515.0603 ], [ 498073.558100000023842, 5451765.0603 ], [ 498297.016146140755154, 5451765.0603 ], [ 498299.124737851961982, 5451515.0603 ], [ 498073.558100000023842, 5451515.0603 ] ] ] } },
{ "type": "Feature", "properties": { "grid_id": 1941, "crime_count": 1.0, "name": "Killarney" }, "geometry": { "type": "Polygon", "coordinates": [ [ [ 498073.558100000023842, 5451765.0603 ], [ 498073.558100000023842, 5452015.0603 ], [ 498294.907554429606535, 5452015.0603 ], [ 498297.016146140755154, 5451765.0603 ], [ 498073.558100000023842, 5451765.0603 ] ] ] } },
{ "type": "Feature", "properties": { "grid_id": 1942, "crime_count": 1.0, "name": "Killarney" }, "geometry": { "type": "Polygon", "coordinates": [ [ [ 498073.558100000023842, 5452015.0603 ], [ 498073.558100000023842, 5452265.0603 ], [ 498292.798962718399707, 5452265.0603 ], [ 498294.907554429606535, 5452015.0603 ], [ 498073.558100000023842, 5452015.0603 ] ] ] } },
{ "type": "Feature", "properties": { "grid_id": 1943, "crime_count": 2.0, "name": "Killarney" }, "geometry": { "type": "Polygon", "coordinates": [ [ [ 498073.558100000023842, 5452265.0603 ], [ 498073.558100000023842, 5452515.0603 ], [ 498290.69037100719288, 5452515.0603 ], [ 498292.798962718399707, 5452265.0603 ], [ 498073.558100000023842, 5452265.0603 ] ] ] } },
{ "type": "Feature", "properties": { "grid_id": 1944, "crime_count": 0.0, "name": "Killarney" }, "geometry": { "type": "Polygon", "coordinates": [ [ [ 498073.558100000023842, 5452515.0603 ], [ 498073.558100000023842, 5452765.0603 ], [ 498288.581779295986053, 5452765.0603 ], [ 498290.69037100719288, 5452515.0603 ], [ 498073.558100000023842, 5452515.0603 ] ] ] } },
{ "type": "Feature", "properties": { "grid_id": 1945, "crime_count": 1.0, "name": "Killarney" }, "geometry": { "type": "Polygon", "coordinates": [ [ [ 498073.558100000023842, 5452765.0603 ], [ 498073.558100000023842, 5453015.0603 ], [ 498286.473187584779225, 5453015.0603 ], [ 498288.581779295986053, 5452765.0603 ], [ 498073.558100000023842, 5452765.0603 ] ] ] } },
{ "type": "Feature", "properties": { "grid_id": 1946, "crime_count": 5.0, "name": "Killarney" }, "geometry": { "type": "Polygon", "coordinates": [ [ [ 498073.558100000023842, 5453015.0603 ], [ 498073.558100000023842, 5453265.0603 ], [ 498284.364595873630606, 5453265.0603 ], [ 498286.473187584779225, 5453015.0603 ], [ 498073.558100000023842, 5453015.0603 ] ] ] } },
{ "type": "Feature", "properties": { "grid_id": 1947, "crime_count": 2.0, "name": "Renfrew-Collingwood" }, "geometry": { "type": "Polygon", "coordinates": [ [ [ 498073.558100000023842, 5453265.0603 ], [ 498073.558100000023842, 5453515.0603 ], [ 498284.811401737853885, 5453515.0603 ], [ 498284.265201389731374, 5453276.844762984663248 ], [ 498284.364595873630606, 5453265.0603 ], [ 498073.558100000023842, 5453265.0603 ] ] ] } },
{ "type": "Feature", "properties": { "grid_id": 1948, "crime_count": 3.0, "name": "Renfrew-Collingwood" }, "geometry": { "type": "Polygon", "coordinates": [ [ [ 498073.558100000023842, 5453515.0603 ], [ 498073.558100000023842, 5453765.0603 ], [ 498284.938921919965651, 5453765.0603 ], [ 498284.907933322014287, 5453557.160828198306262 ], [ 498284.811401737853885, 5453515.0603 ], [ 498073.558100000023842, 5453515.0603 ] ] ] } },
{ "type": "Feature", "properties": { "grid_id": 1949, "crime_count": 2.0, "name": "Renfrew-Collingwood" }, "geometry": { "type": "Polygon", "coordinates": [ [ [ 498073.558100000023842, 5453765.0603 ], [ 498073.558100000023842, 5454015.0603 ], [ 498284.976185840961989, 5454015.0603 ], [ 498284.938921919965651, 5453765.0603 ], [ 498073.558100000023842, 5453765.0603 ] ] ] } },
{ "type": "Feature", "properties": { "grid_id": 1950, "crime_count": 0.0, "name": "Renfrew-Collingwood" }, "geometry": { "type": "Polygon", "coordinates": [ [ [ 498073.558100000023842, 5454015.0603 ], [ 498073.558100000023842, 5454265.0603 ], [ 498285.013449761958327, 5454265.0603 ], [ 498284.976185840961989, 5454015.0603 ], [ 498073.558100000023842, 5454015.0603 ] ] ] } },
{ "type": "Feature", "properties": { "grid_id": 1951, "crime_count": 0.0, "name": "Renfrew-Collingwood" }, "geometry": { "type": "Polygon", "coordinates": [ [ [ 498073.558100000023842, 5454265.0603 ], [ 498073.558100000023842, 5454515.0603 ], [ 498285.050713682896458, 5454515.0603 ], [ 498285.013449761958327, 5454265.0603 ], [ 498073.558100000023842, 5454265.0603 ] ] ] } },
{ "type": "Feature", "properties": { "grid_id": 1952, "crime_count": 3.0, "name": "Renfrew-Collingwood" }, "geometry": { "type": "Polygon", "coordinates": [ [ [ 498073.558100000023842, 5454515.0603 ], [ 498073.558100000023842, 5454765.0603 ], [ 498285.087977603892796, 5454765.0603 ], [ 498285.050713682896458, 5454515.0603 ], [ 498073.558100000023842, 5454515.0603 ] ] ] } },
{ "type": "Feature", "properties": { "grid_id": 1953, "crime_count": 1.0, "name": "Renfrew-Collingwood" }, "geometry": { "type": "Polygon", "coordinates": [ [ [ 498073.558100000023842, 5454765.0603 ], [ 498073.558100000023842, 5455015.0603 ], [ 498285.125241524889134, 5455015.0603 ], [ 498285.087977603892796, 5454765.0603 ], [ 498073.558100000023842, 5454765.0603 ] ] ] } },
{ "type": "Feature", "properties": { "grid_id": 1954, "crime_count": 0.0, "name": "Renfrew-Collingwood" }, "geometry": { "type": "Polygon", "coordinates": [ [ [ 498073.558100000023842, 5455015.0603 ], [ 498073.558100000023842, 5455265.0603 ], [ 498285.162505445827264, 5455265.0603 ], [ 498285.125241524889134, 5455015.0603 ], [ 498073.558100000023842, 5455015.0603 ] ] ] } },
{ "type": "Feature", "properties": { "grid_id": 1955, "crime_count": 3.0, "name": "Renfrew-Collingwood" }, "geometry": { "type": "Polygon", "coordinates": [ [ [ 498073.558100000023842, 5455265.0603 ], [ 498073.558100000023842, 5455515.0603 ], [ 498285.199769366823602, 5455515.0603 ], [ 498285.162505445827264, 5455265.0603 ], [ 498073.558100000023842, 5455265.0603 ] ] ] } },
{ "type": "Feature", "properties": { "grid_id": 1956, "crime_count": 0.0, "name": "Renfrew-Collingwood" }, "geometry": { "type": "Polygon", "coordinates": [ [ [ 498073.558100000023842, 5455515.0603 ], [ 498073.558100000023842, 5455765.0603 ], [ 498285.237033287819941, 5455765.0603 ], [ 498285.199769366823602, 5455515.0603 ], [ 498073.558100000023842, 5455515.0603 ] ] ] } },
{ "type": "Feature", "properties": { "grid_id": 1957, "crime_count": 2.0, "name": "Renfrew-Collingwood" }, "geometry": { "type": "Polygon", "coordinates": [ [ [ 498073.558100000023842, 5455765.0603 ], [ 498073.558100000023842, 5456015.0603 ], [ 498285.274297208816279, 5456015.0603 ], [ 498285.237033287819941, 5455765.0603 ], [ 498073.558100000023842, 5455765.0603 ] ] ] } },
{ "type": "Feature", "properties": { "grid_id": 1958, "crime_count": 2.0, "name": "Renfrew-Collingwood" }, "geometry": { "type": "Polygon", "coordinates": [ [ [ 498073.558100000023842, 5456015.0603 ], [ 498073.558100000023842, 5456265.0603 ], [ 498285.311561129754409, 5456265.0603 ], [ 498285.274297208816279, 5456015.0603 ], [ 498073.558100000023842, 5456015.0603 ] ] ] } },
{ "type": "Feature", "properties": { "grid_id": 1959, "crime_count": 0.0, "name": "Renfrew-Collingwood" }, "geometry": { "type": "Polygon", "coordinates": [ [ [ 498073.558100000023842, 5456265.0603 ], [ 498073.558100000023842, 5456515.0603 ], [ 498285.348825050750747, 5456515.0603 ], [ 498285.311561129754409, 5456265.0603 ], [ 498073.558100000023842, 5456265.0603 ] ] ] } },
{ "type": "Feature", "properties": { "grid_id": 1960, "crime_count": 0.0, "name": "Renfrew-Collingwood" }, "geometry": { "type": "Polygon", "coordinates": [ [ [ 498073.558100000023842, 5456515.0603 ], [ 498073.558100000023842, 5456765.0603 ], [ 498285.386088971747085, 5456765.0603 ], [ 498285.348825050750747, 5456515.0603 ], [ 498073.558100000023842, 5456515.0603 ] ] ] } },
{ "type": "Feature", "properties": { "grid_id": 1961, "crime_count": 1.0, "name": "Renfrew-Collingwood" }, "geometry": { "type": "Polygon", "coordinates": [ [ [ 498073.558100000023842, 5456765.0603 ], [ 498073.558100000023842, 5457015.0603 ], [ 498285.758016694860999, 5457015.0603 ], [ 498285.417228988313582, 5456973.975624544546008 ], [ 498285.386088971747085, 5456765.0603 ], [ 498073.558100000023842, 5456765.0603 ] ] ] } },
{ "type": "Feature", "properties": { "grid_id": 1962, "crime_count": 0.0, "name": "Hastings-Sunrise" }, "geometry": { "type": "Polygon", "coordinates": [ [ [ 498073.558100000023842, 5457015.0603 ], [ 498073.558100000023842, 5457265.0603 ], [ 498287.831707814475521, 5457265.0603 ], [ 498285.758016694860999, 5457015.0603 ], [ 498073.558100000023842, 5457015.0603 ] ] ] } },
{ "type": "Feature", "properties": { "grid_id": 1963, "crime_count": 1.0, "name": "Hastings-Sunrise" }, "geometry": { "type": "Polygon", "coordinates": [ [ [ 498073.558100000023842, 5457265.0603 ], [ 498073.558100000023842, 5457515.0603 ], [ 498289.905398934090044, 5457515.0603 ], [ 498287.831707814475521, 5457265.0603 ], [ 498073.558100000023842, 5457265.0603 ] ] ] } },
{ "type": "Feature", "properties": { "grid_id": 1964, "crime_count": 0.0, "name": "Hastings-Sunrise" }, "geometry": { "type": "Polygon", "coordinates": [ [ [ 498073.558100000023842, 5457515.0603 ], [ 498073.558100000023842, 5457765.0603 ], [ 498291.97909005364636, 5457765.0603 ], [ 498289.905398934090044, 5457515.0603 ], [ 498073.558100000023842, 5457515.0603 ] ] ] } },
{ "type": "Feature", "properties": { "grid_id": 1965, "crime_count": 2.0, "name": "Hastings-Sunrise" }, "geometry": { "type": "Polygon", "coordinates": [ [ [ 498073.558100000023842, 5457765.0603 ], [ 498073.558100000023842, 5458015.0603 ], [ 498294.052781173260882, 5458015.0603 ], [ 498291.97909005364636, 5457765.0603 ], [ 498073.558100000023842, 5457765.0603 ] ] ] } },
{ "type": "Feature", "properties": { "grid_id": 1966, "crime_count": 0.0, "name": "Hastings-Sunrise" }, "geometry": { "type": "Polygon", "coordinates": [ [ [ 498073.558100000023842, 5458015.0603 ], [ 498073.558100000023842, 5458265.0603 ], [ 498296.126472292875405, 5458265.0603 ], [ 498294.052781173260882, 5458015.0603 ], [ 498073.558100000023842, 5458015.0603 ] ] ] } },
{ "type": "Feature", "properties": { "grid_id": 1967, "crime_count": 1.0, "name": "Hastings-Sunrise" }, "geometry": { "type": "Polygon", "coordinates": [ [ [ 498073.558100000023842, 5458265.0603 ], [ 498073.558100000023842, 5458515.0603 ], [ 498298.200163412431721, 5458515.0603 ], [ 498296.126472292875405, 5458265.0603 ], [ 498073.558100000023842, 5458265.0603 ] ] ] } },
{ "type": "Feature", "properties": { "grid_id": 1968, "crime_count": 16.0, "name": "Hastings-Sunrise" }, "geometry": { "type": "Polygon", "coordinates": [ [ [ 498073.558100000023842, 5458515.0603 ], [ 498073.558100000023842, 5458765.0603 ], [ 498300.273854532046244, 5458765.0603 ], [ 498298.200163412431721, 5458515.0603 ], [ 498073.558100000023842, 5458515.0603 ] ] ] } },
{ "type": "Feature", "properties": { "grid_id": 1969, "crime_count": 1.0, "name": "Hastings-Sunrise" }, "geometry": { "type": "Polygon", "coordinates": [ [ [ 498073.558100000023842, 5458765.0603 ], [ 498073.558100000023842, 5459015.0603 ], [ 498302.347545651602559, 5459015.0603 ], [ 498300.273854532046244, 5458765.0603 ], [ 498073.558100000023842, 5458765.0603 ] ] ] } },
{ "type": "Feature", "properties": { "grid_id": 1970, "crime_count": 7.0, "name": "Hastings-Sunrise" }, "geometry": { "type": "Polygon", "coordinates": [ [ [ 498073.558100000023842, 5459015.0603 ], [ 498073.558100000023842, 5459265.0603 ], [ 498304.421236771217082, 5459265.0603 ], [ 498302.347545651602559, 5459015.0603 ], [ 498073.558100000023842, 5459015.0603 ] ] ] } },
{ "type": "Feature", "properties": { "grid_id": 1971, "crime_count": 1.0, "name": "Hastings-Sunrise" }, "geometry": { "type": "Polygon", "coordinates": [ [ [ 498073.558100000023842, 5459265.0603 ], [ 498073.558100000023842, 5459515.0603 ], [ 498306.494927890831605, 5459515.0603 ], [ 498304.421236771217082, 5459265.0603 ], [ 498073.558100000023842, 5459265.0603 ] ] ] } },
{ "type": "Feature", "properties": { "grid_id": 1972, "crime_count": 0.0, "name": "Hastings-Sunrise" }, "geometry": { "type": "Polygon", "coordinates": [ [ [ 498073.558100000023842, 5459515.0603 ], [ 498073.558100000023842, 5459765.0603 ], [ 498308.56861901038792, 5459765.0603 ], [ 498306.494927890831605, 5459515.0603 ], [ 498073.558100000023842, 5459515.0603 ] ] ] } },
{ "type": "Feature", "properties": { "grid_id": 1973, "crime_count": 2.0, "name": "Hastings-Sunrise" }, "geometry": { "type": "Polygon", "coordinates": [ [ [ 498073.558100000023842, 5459765.0603 ], [ 498073.558100000023842, 5460015.0603 ], [ 498310.642310130002443, 5460015.0603 ], [ 498308.56861901038792, 5459765.0603 ], [ 498073.558100000023842, 5459765.0603 ] ] ] } },
{ "type": "Feature", "properties": { "grid_id": 1974, "crime_count": 0.0, "name": "Hastings-Sunrise" }, "geometry": { "type": "Polygon", "coordinates": [ [ [ 498073.558100000023842, 5460015.0603 ], [ 498073.558100000023842, 5460067.009722362272441 ], [ 498313.015713653992862, 5460087.580537588335574 ], [ 498310.779521339107305, 5460031.602205375209451 ], [ 498310.642310130002443, 5460015.0603 ], [ 498073.558100000023842, 5460015.0603 ] ] ] } }
]
}
