grid_id,crime_count,x,y,distance_to_center,avg_hour,night_ratio,weekend_ratio,neighbourhoods_Downtown,neighbourhoods_Dunbar-Southlands,neighbourhoods_Fairview,neighbourhoods_Grandview-Woodland,neighbourhoods_Hastings-Sunrise,neighbourhoods_Kensington-Cedar Cottage,neighbourhoods_Kerrisdale,neighbourhoods_Killarney,neighbourhoods_Kitsilano,neighbourhoods_Marpole,neighbourhoods_Mount Pleasant,neighbourhoods_Oakridge,neighbourhoods_Renfrew-Collingwood,neighbourhoods_Riley Park,neighbourhoods_Shaughnessy,neighbourhoods_South Cambie,neighbourhoods_Strathcona,neighbourhoods_Sunset,neighbourhoods_Victoria-Fraserview,neighbourhoods_West End,neighbourhoods_West Point Grey,risk
0,0.0,484253.97173162084,5453462.242270079,8727.866753856042,0.0,0.0,0.0,False,True,False,False,False,False,False,False,False,False,False,False,False,False,False,False,False,False,False,False,False,0
1,0.0,484199.71907971683,5453641.255848608,8657.941988419969,0.0,0.0,0.0,False,True,False,False,False,False,False,False,False,False,False,False,False,False,False,False,False,False,False,False,False,0
2,0.0,484187.3907598227,5453874.971225813,8525.11375851336,0.0,0.0,0.0,False,True,False,False,False,False,False,False,False,False,False,False,False,False,False,False,False,False,False,False,False,0
3,0.0,484099.0643224354,5454030.161642715,8504.246381862518,0.0,0.0,0.0,False,True,False,False,False,False,False,False,False,False,False,False,False,False,False,False,False,False,False,False,False,0
4,0.0,484193.8398552574,5457229.469461359,7032.680449454703,0.0,0.0,0.0,False,False,False,False,False,False,False,False,False,False,False,False,False,False,False,False,False,False,False,False,True,0
5,0.0,484198.5581,5457390.0603,6989.386078670382,0.0,0.0,0.0,False,False,False,False,False,False,False,False,False,False,False,False,False,False,False,False,False,False,False,False,True,0
6,0.0,484198.5581,5457640.0603,6936.068620386576,0.0,0.0,0.0,False,False,False,False,False,False,False,False,False,False,False,False,False,False,False,False,False,False,False,False,True,0
7,0.0,484198.5581,5457890.0603,6891.4133569763,0.0,0.0,0.0,False,False,False,False,False,False,False,False,False,False,False,False,False,False,False,False,False,False,False,False,True,0
8,1.0,484198.5581,5458140.0603,6855.5895593822825,18.0,0.0,0.0,False,False,False,False,False,False,False,False,False,False,False,False,False,False,False,False,False,False,False,False,True,0
9,0.0,484196.54494119686,5458357.5599534875,6833.720066736497,0.0,0.0,0.0,False,False,False,False,False,False,False,False,False,False,False,False,False,False,False,False,False,False,False,False,True,0
10,0.0,484530.42787813593,5453232.323236665,8667.263621600421,0.0,0.0,0.0,False,True,False,False,False,False,False,False,False,False,False,False,False,False,False,False,False,False,False,False,False,0
11,0.0,484456.77394553245,5453399.214782974,8612.93226764978,0.0,0.0,0.0,False,True,False,False,False,False,False,False,False,False,False,False,False,False,False,False,False,False,False,False,False,0
12,0.0,484448.5572065745,5453640.059405373,8464.653912207708,0.0,0.0,0.0,False,True,False,False,False,False,False,False,False,False,False,False,False,False,False,False,False,False,False,False,False,0
13,0.0,484406.4812903386,5453814.15622236,8388.531734501576,0.0,0.0,0.0,False,True,False,False,False,False,False,False,False,False,False,False,False,False,False,False,False,False,False,False,False,0
14,0.0,484452.889575834,5456228.986534512,7109.372020941162,0.0,0.0,0.0,False,False,False,False,False,False,False,False,False,False,False,False,False,False,False,False,False,False,False,False,True,0
15,1.0,484453.0429319082,5456389.532510908,7048.204548893395,0.0,1.0,0.0,False,False,False,False,False,False,False,False,False,False,False,False,False,False,False,False,False,False,False,False,True,0
16,5.0,484456.09571747103,5456639.5187924225,6956.619494425976,11.8,0.2,0.8,False,False,False,False,False,False,False,False,False,False,False,False,False,False,False,False,False,False,False,False,True,2
17,8.0,484459.14849409275,5456889.504341753,6872.912799229142,14.5,0.375,0.5,False,False,False,False,False,False,False,False,False,False,False,False,False,False,False,False,False,False,False,False,True,2
18,1.0,484458.024445108,5457142.624706419,6800.535798156542,14.0,0.0,0.0,False,False,False,False,False,False,False,False,False,False,False,False,False,False,False,False,False,False,False,False,True,0
19,0.0,484448.5581,5457390.0603,6746.354334506256,0.0,0.0,0.0,False,False,False,False,False,False,False,False,False,False,False,False,False,False,False,False,False,False,False,False,True,0
20,1.0,484448.5581,5457640.0603,6691.100578881726,9.0,0.0,0.0,False,False,False,False,False,False,False,False,False,False,False,False,False,False,False,False,False,False,False,False,True,0
21,0.0,484448.5581,5457890.0603,6644.79925255168,0.0,0.0,0.0,False,False,False,False,False,False,False,False,False,False,False,False,False,False,False,False,False,False,False,False,True,0
22,0.0,484448.5581,5458140.0603,6607.638553727903,0.0,0.0,0.0,False,False,False,False,False,False,False,False,False,False,False,False,False,False,False,False,False,False,False,False,True,0
23,0.0,484446.3295973721,5458348.6362051135,6585.960107650968,0.0,0.0,0.0,False,False,False,False,False,False,False,False,False,False,False,False,False,False,False,False,False,False,False,False,True,0
24,0.0,484795.62476814055,5452965.276958162,8655.180772774298,0.0,0.0,0.0,False,True,False,False,False,False,False,False,False,False,False,False,False,False,False,False,False,False,False,False,False,0
25,0.0,484717.2802528583,5453159.733904323,8577.952872885413,0.0,0.0,0.0,False,True,False,False,False,False,False,False,False,False,False,False,False,False,False,False,False,False,False,False,False,0
26,0.0,484698.5581,5453390.0603,8436.799953579039,0.0,0.0,0.0,False,True,False,False,False,False,False,False,False,False,False,False,False,False,False,False,False,False,False,False,False,0
27,0.0,484681.16168103175,5453607.921629373,8306.757902830996,0.0,0.0,0.0,False,True,False,False,False,False,False,False,False,False,False,False,False,False,False,False,False,False,False,False,False,0
28,1.0,484700.26931228465,5456225.838134994,6883.500620396366,19.0,0.0,0.0,False,False,False,False,False,False,False,False,False,False,False,False,False,False,False,False,False,False,False,False,True,0
29,5.0,484698.5581,5456390.0603,6820.553881959393,15.0,0.6,0.2,False,False,False,False,False,False,False,False,False,False,False,False,False,False,False,False,False,False,False,False,True,2
30,0.0,484698.5581,5456640.0603,6728.8546875907,0.0,0.0,0.0,False,False,False,False,False,False,False,False,False,False,False,False,False,False,False,False,False,False,False,False,True,0
31,5.0,484698.5581,5456890.0603,6645.300260839336,6.6,0.6,0.2,False,False,False,False,False,False,False,False,False,False,False,False,False,False,False,False,False,False,False,False,True,2
32,0.0,484698.5581,5457140.0603,6570.201344457517,0.0,0.0,0.0,False,False,False,False,False,False,False,False,False,False,False,False,False,False,False,False,False,False,False,False,True,0
33,6.0,484698.5581,5457390.0603,6503.850848282989,15.666666666666666,0.3333333333333333,0.16666666666666666,False,False,False,False,False,False,False,False,False,False,False,False,False,False,False,False,False,False,False,False,True,2
34,2.0,484698.5581,5457640.0603,6446.518906100514,7.5,0.0,0.0,False,False,False,False,False,False,False,False,False,False,False,False,False,False,False,False,False,False,False,False,True,0
35,0.0,484698.5581,5457890.0603,6398.447949050721,0.0,0.0,0.0,False,False,False,False,False,False,False,False,False,False,False,False,False,False,False,False,False,False,False,False,True,0
36,0.0,484698.5581,5458140.0603,6359.847978270502,0.0,0.0,0.0,False,False,False,False,False,False,False,False,False,False,False,False,False,False,False,False,False,False,False,False,True,0
37,0.0,484696.06266541017,5458339.714299766,6338.4227631461,0.0,0.0,0.0,False,False,False,False,False,False,False,False,False,False,False,False,False,False,False,False,False,False,False,False,True,0
38,0.0,485053.073521628,5452493.585417203,8814.724344096068,0.0,0.0,0.0,False,True,False,False,False,False,False,False,False,False,False,False,False,False,False,False,False,False,False,False,False,0
39,0.0,484995.77306598786,5452661.338871667,8730.94301750702,0.0,0.0,0.0,False,True,False,False,False,False,False,False,False,False,False,False,False,False,False,False,False,False,False,False,False,0
40,0.0,484952.0649135616,5452893.03229039,8594.915556071186,0.0,0.0,0.0,False,True,False,False,False,False,False,False,False,False,False,False,False,False,False,False,False,False,False,False,False,0
41,0.0,484948.5581,5453140.0603,8423.707162331279,0.0,0.0,0.0,False,True,False,False,False,False,False,False,False,False,False,False,False,False,False,False,False,False,False,False,False,0
42,0.0,484948.5581,5453390.0603,8251.749663356934,0.0,0.0,0.0,False,True,False,False,False,False,False,False,False,False,False,False,False,False,False,False,False,False,False,False,False,0
43,0.0,484961.92979499284,5453626.86729219,8082.626237574833,0.0,0.0,0.0,False,True,False,False,False,False,False,False,False,False,False,False,False,False,False,False,False,False,False,False,False,0
44,0.0,485028.92261466774,5453796.294810742,7920.373276452034,0.0,0.0,0.0,False,True,False,False,False,False,False,False,False,False,False,False,False,False,False,False,False,False,False,False,False,0
45,0.0,484950.1394251033,5456222.619980484,6656.925172216863,0.0,0.0,0.0,False,False,False,False,False,False,False,False,False,False,False,False,False,False,False,False,False,False,False,False,True,0
46,0.0,484948.5581,5456390.0603,6590.275738291331,0.0,0.0,0.0,False,False,False,False,False,False,False,False,False,False,False,False,False,False,False,False,False,False,False,False,True,0
47,1.0,484948.5581,5456640.0603,6495.326354904068,18.0,0.0,0.0,False,False,False,False,False,False,False,False,False,False,False,False,False,False,False,False,False,False,False,False,True,0
48,2.0,484948.5581,5456890.0603,6408.728002241269,13.0,0.0,0.5,False,False,False,False,False,False,False,False,False,False,False,False,False,False,False,False,False,False,False,False,True,0
49,1.0,484948.5581,5457140.0603,6330.823386946707,18.0,0.0,0.0,False,False,False,False,False,False,False,False,False,False,False,False,False,False,False,False,False,False,False,False,True,0
50,2.0,484948.5581,5457390.0603,6261.936993192392,8.5,0.5,0.0,False,False,False,False,False,False,False,False,False,False,False,False,False,False,False,False,False,False,False,False,True,0
51,0.0,484948.5581,5457640.0603,6202.369309925956,0.0,0.0,0.0,False,False,False,False,False,False,False,False,False,False,False,False,False,False,False,False,False,False,False,False,True,0
52,0.0,484948.5581,5457890.0603,6152.391015427367,0.0,0.0,0.0,False,False,False,False,False,False,False,False,False,False,False,False,False,False,False,False,False,False,False,False,True,0
53,2.0,484948.5581,5458140.0603,6112.237344599062,15.0,0.0,0.5,False,False,False,False,False,False,False,False,False,False,False,False,False,False,False,False,False,False,False,False,True,0
54,0.0,484945.72308485745,5458330.794989846,6091.149670697932,0.0,0.0,0.0,False,False,False,False,False,False,False,False,False,False,False,False,False,False,False,False,False,False,False,False,True,0
55,0.0,485302.99527903215,5452244.689574796,8836.859268518583,0.0,0.0,0.0,False,True,False,False,False,False,False,False,False,False,False,False,False,False,False,False,False,False,False,False,False,0
56,0.0,485222.88344126864,5452414.614861784,8760.272435935418,0.0,0.0,0.0,False,True,False,False,False,False,False,False,False,False,False,False,False,False,False,False,False,False,False,False,False,0
57,0.0,485198.5581,5452640.0603,8608.458695185293,0.0,0.0,0.0,False,True,False,False,False,False,False,False,False,False,False,False,False,False,False,False,False,False,False,False,False,0
58,0.0,485198.5581,5452890.0603,8425.443089636965,0.0,0.0,0.0,False,True,False,False,False,False,False,False,False,False,False,False,False,False,False,False,False,False,False,False,False,0
59,0.0,485198.5581,5453140.0603,8245.945755746352,0.0,0.0,0.0,False,True,False,False,False,False,False,False,False,False,False,False,False,False,False,False,False,False,False,False,False,0
60,0.0,485198.5581,5453390.0603,8070.201457009068,0.0,0.0,0.0,False,True,False,False,False,False,False,False,False,False,False,False,False,False,False,False,False,False,False,False,False,0
61,0.0,485195.67220939364,5453636.593681831,7902.932900802169,0.0,0.0,0.0,False,True,False,False,False,False,False,False,False,False,False,False,False,False,False,False,False,False,False,False,False,0
62,0.0,485125.04239365604,5453786.243498318,7854.831871858948,0.0,0.0,0.0,False,True,False,False,False,False,False,False,False,False,False,False,False,False,False,False,False,False,False,False,False,0
63,0.0,485318.0870736909,5455010.84771812,6942.439803857855,0.0,0.0,0.0,False,True,False,False,False,False,False,False,False,False,False,False,False,False,False,False,False,False,False,False,False,0
64,0.0,485243.79951758817,5455146.939125108,6926.754081050142,0.0,0.0,0.0,False,True,False,False,False,False,False,False,False,False,False,False,False,False,False,False,False,False,False,False,False,0
65,0.0,485281.1571376056,5456008.413088466,6454.049576352875,0.0,0.0,0.0,False,True,False,False,False,False,False,False,False,False,False,False,False,False,False,False,False,False,False,False,False,0
66,0.0,485229.85195092857,5456169.555795141,6426.976186747949,0.0,0.0,0.0,False,True,False,False,False,False,False,False,False,False,False,False,False,False,False,False,False,False,False,False,False,0
67,1.0,485198.5581,5456390.0603,6361.486725342698,18.0,0.0,0.0,False,False,False,False,False,False,False,False,False,False,False,False,False,False,False,False,False,False,False,False,True,0
68,1.0,485198.5581,5456640.0603,6263.069814931921,7.0,0.0,0.0,False,False,False,False,False,False,False,False,False,False,False,False,False,False,False,False,False,False,False,False,True,0
69,2.0,485198.5581,5456890.0603,6173.214207907528,4.0,0.5,0.0,False,False,False,False,False,False,False,False,False,False,False,False,False,False,False,False,False,False,False,False,True,0
70,0.0,485198.5581,5457140.0603,6092.298729273818,0.0,0.0,0.0,False,False,False,False,False,False,False,False,False,False,False,False,False,False,False,False,False,False,False,False,True,0
71,0.0,485198.5581,5457390.0603,6020.683844606972,0.0,0.0,0.0,False,False,False,False,False,False,False,False,False,False,False,False,False,False,False,False,False,False,False,False,True,0
72,1.0,485198.5581,5457640.0603,5958.70490179799,10.0,0.0,0.0,False,False,False,False,False,False,False,False,False,False,False,False,False,False,False,False,False,False,False,False,True,0
73,0.0,485198.5581,5457890.0603,5906.665239939656,0.0,0.0,0.0,False,False,False,False,False,False,False,False,False,False,False,False,False,False,False,False,False,False,False,False,True,0
74,0.0,485198.5581,5458140.0603,5864.829443957548,0.0,0.0,0.0,False,False,False,False,False,False,False,False,False,False,False,False,False,False,False,False,False,False,False,False,True,0
75,0.0,485182.15301313397,5458311.56589652,5858.437084873401,0.0,0.0,0.0,False,False,False,False,False,False,False,False,False,False,False,False,False,False,False,False,False,False,False,False,True,0
76,0.0,485564.59358140454,5452011.408320544,8853.477090808243,0.0,0.0,0.0,False,True,False,False,False,False,False,False,False,False,False,False,False,False,False,False,False,False,False,False,False,0
77,0.0,485472.89337088366,5452167.331138493,8788.303104731605,0.0,0.0,0.0,False,True,False,False,False,False,False,False,False,False,False,False,False,False,False,False,False,False,False,False,False,0
78,0.0,485448.5581,5452390.0603,8631.906510540488,0.0,0.0,0.0,False,True,False,False,False,False,False,False,False,False,False,False,False,False,False,False,False,False,False,False,False,0
79,1.0,485448.5581,5452640.0603,8441.998587817418,2.0,1.0,0.0,False,True,False,False,False,False,False,False,False,False,False,False,False,False,False,False,False,False,False,False,False,0
80,0.0,485448.5581,5452890.0603,8255.293471870718,0.0,0.0,0.0,False,True,False,False,False,False,False,False,False,False,False,False,False,False,False,False,False,False,False,False,False,0
81,1.0,485448.5581,5453140.0603,8072.013407862458,23.0,1.0,0.0,False,True,False,False,False,False,False,False,False,False,False,False,False,False,False,False,False,False,False,False,False,0
82,0.0,485448.5581,5453390.0603,7892.3970127402545,0.0,0.0,0.0,False,True,False,False,False,False,False,False,False,False,False,False,False,False,False,False,False,False,False,False,False,0
83,0.0,485435.10197912005,5453597.456533178,7756.001927133417,0.0,0.0,0.0,False,True,False,False,False,False,False,False,False,False,False,False,False,False,False,False,False,False,False,False,False,0
84,0.0,485559.4370271549,5453869.990172113,7477.748745157686,0.0,0.0,0.0,False,True,False,False,False,False,False,False,False,False,False,False,False,False,False,False,False,False,False,False,False,0
85,0.0,485483.1089632258,5454950.022719076,6843.858757137009,0.0,0.0,0.0,False,True,False,False,False,False,False,False,False,False,False,False,False,False,False,False,False,False,False,False,False,0
86,0.0,485448.80830193294,5455138.908386169,6761.934465749041,0.0,0.0,0.0,False,True,False,False,False,False,False,False,False,False,False,False,False,False,False,False,False,False,False,False,False,0
87,0.0,485469.44836969767,5455269.705096104,6670.989537202925,0.0,0.0,0.0,False,True,False,False,False,False,False,False,False,False,False,False,False,False,False,False,False,False,False,False,False,0
88,0.0,485456.13822027063,5456006.150584354,6300.598206226739,0.0,0.0,0.0,False,True,False,False,False,False,False,False,False,False,False,False,False,False,False,False,False,False,False,False,False,0
89,0.0,485448.5581,5456140.0603,6244.818832977572,0.0,0.0,0.0,False,True,False,False,False,False,False,False,False,False,False,False,False,False,False,False,False,False,False,False,False,0
90,2.0,485448.5581,5456390.0603,6134.3534628118205,8.5,0.0,0.5,False,False,False,False,False,False,False,False,False,False,False,False,False,False,False,False,False,False,False,False,True,0
91,1.0,485448.5581,5456640.0603,6032.231971394284,14.0,0.0,0.0,False,False,False,False,False,False,False,False,False,False,False,False,False,False,False,False,False,False,False,False,True,0
92,1.0,485448.5581,5456890.0603,5938.884803286841,7.0,0.0,0.0,False,False,False,False,False,False,False,False,False,False,False,False,False,False,False,False,False,False,False,False,True,0
93,0.0,485448.5581,5457140.0603,5854.731663937417,0.0,0.0,0.0,False,False,False,False,False,False,False,False,False,False,False,False,False,False,False,False,False,False,False,False,True,0
94,0.0,485448.5581,5457390.0603,5780.174132905634,0.0,0.0,0.0,False,False,False,False,False,False,False,False,False,False,False,False,False,False,False,False,False,False,False,False,True,0
95,0.0,485448.5581,5457640.0603,5715.58773502003,0.0,0.0,0.0,False,False,False,False,False,False,False,False,False,False,False,False,False,False,False,False,False,False,False,False,True,0
96,0.0,485448.5581,5457890.0603,5661.313743885902,0.0,0.0,0.0,False,False,False,False,False,False,False,False,False,False,False,False,False,False,False,False,False,False,False,False,True,0
97,0.0,485447.76622875436,5458139.164517843,5618.5707771550515,0.0,0.0,0.0,False,False,False,False,False,False,False,False,False,False,False,False,False,False,False,False,False,False,False,False,True,0
98,0.0,485387.6493256155,5458282.927762539,5657.974256392597,0.0,0.0,0.0,False,False,False,False,False,False,False,False,False,False,False,False,False,False,False,False,False,False,False,False,True,0
99,0.0,485727.1332283324,5451991.296962185,8770.692234027825,0.0,0.0,0.0,False,True,False,False,False,False,False,False,False,False,False,False,False,False,False,False,False,False,False,False,False,0
100,0.0,485698.5581,5452140.0603,8669.720809040582,0.0,0.0,0.0,False,True,False,False,False,False,False,False,False,False,False,False,False,False,False,False,False,False,False,False,False,0
101,0.0,485698.5581,5452390.0603,8473.286791836523,0.0,0.0,0.0,False,True,False,False,False,False,False,False,False,False,False,False,False,False,False,False,False,False,False,False,False,0
102,1.0,485698.5581,5452640.0603,8279.741493954463,12.0,0.0,0.0,False,True,False,False,False,False,False,False,False,False,False,False,False,False,False,False,False,False,False,False,False,0
103,0.0,485698.5581,5452890.0603,8089.29226550205,0.0,0.0,0.0,False,True,False,False,False,False,False,False,False,False,False,False,False,False,False,False,False,False,False,False,False,0
104,0.0,485698.5581,5453140.0603,7902.162963816382,0.0,0.0,0.0,False,True,False,False,False,False,False,False,False,False,False,False,False,False,False,False,False,False,False,False,False,0
105,1.0,485698.5581,5453390.0603,7718.595057179208,11.0,0.0,0.0,False,True,False,False,False,False,False,False,False,False,False,False,False,False,False,False,False,False,False,False,False,0
106,0.0,485723.60490041284,5453625.500149635,7531.63952194503,0.0,0.0,0.0,False,True,False,False,False,False,False,False,False,False,False,False,False,False,False,False,False,False,False,False,False,0
107,0.0,485703.4453599204,5453884.352359626,7363.650034854213,0.0,0.0,0.0,False,True,False,False,False,False,False,False,False,False,False,False,False,False,False,False,False,False,False,False,False,0
108,0.0,485747.6783557521,5454139.7710555885,7156.025995392308,0.0,0.0,0.0,False,True,False,False,False,False,False,False,False,False,False,False,False,False,False,False,False,False,False,False,False,0
109,0.0,485748.73181568604,5454389.766983257,6987.851315837957,0.0,0.0,0.0,False,True,False,False,False,False,False,False,False,False,False,False,False,False,False,False,False,False,False,False,False,0
110,0.0,485749.78527512995,5454639.7627946185,6824.692164811202,0.0,0.0,0.0,False,True,False,False,False,False,False,False,False,False,False,False,False,False,False,False,False,False,False,False,False,0
111,2.0,485709.63981193164,5454902.984987805,6691.296057540168,4.5,0.5,0.0,False,True,False,False,False,False,False,False,False,False,False,False,False,False,False,False,False,False,False,False,False,0
112,0.0,485699.42111718305,5455138.4706951305,6558.013804905466,0.0,0.0,0.0,False,True,False,False,False,False,False,False,False,False,False,False,False,False,False,False,False,False,False,False,False,0
113,0.0,485758.13798209507,5455389.715546353,6364.846522187406,0.0,0.0,0.0,False,True,False,False,False,False,False,False,False,False,False,False,False,False,False,False,False,False,False,False,False,0
114,0.0,485759.22051583533,5455639.709745313,6225.537743631905,0.0,0.0,0.0,False,True,False,False,False,False,False,False,False,False,False,False,False,False,False,False,False,False,False,False,False,0
115,0.0,485750.32406771043,5455898.960437768,6097.175063960974,0.0,0.0,0.0,False,True,False,False,False,False,False,False,False,False,False,False,False,False,False,False,False,False,False,False,False,0
116,0.0,485698.5581,5456140.0603,6023.6651057899435,0.0,0.0,0.0,False,True,False,False,False,False,False,False,False,False,False,False,False,False,False,False,False,False,False,False,False,0
117,1.0,485698.5581,5456390.0603,5909.066885449121,1.0,1.0,0.0,False,False,False,False,False,False,False,False,False,False,False,False,False,False,False,False,False,False,False,False,True,0
118,1.0,485698.5581,5456640.0603,5802.982130483549,18.0,0.0,0.0,False,False,False,False,False,False,False,False,False,False,False,False,False,False,False,False,False,False,False,False,True,0
119,6.0,485698.5581,5456890.0603,5705.885711851526,8.333333333333334,0.3333333333333333,0.0,False,False,False,False,False,False,False,False,False,False,False,False,False,False,False,False,False,False,False,False,True,2
120,0.0,485698.5581,5457140.0603,5618.243667438374,0.0,0.0,0.0,False,False,False,False,False,False,False,False,False,False,False,False,False,False,False,False,False,False,False,False,True,0
121,2.0,485698.5581,5457390.0603,5540.504675272046,10.0,0.0,0.0,False,False,False,False,False,False,False,False,False,False,False,False,False,False,False,False,False,False,False,False,True,0
122,0.0,485698.5581,5457640.0603,5473.090736203028,0.0,0.0,0.0,False,False,False,False,False,False,False,False,False,False,False,False,False,False,False,False,False,False,False,False,True,0
123,0.0,485698.5581,5457890.0603,5416.387389830183,0.0,0.0,0.0,False,False,False,False,False,False,False,False,False,False,False,False,False,False,False,False,False,False,False,False,True,0
124,0.0,485691.2638485069,5458115.606672078,5381.8984647280395,0.0,0.0,0.0,False,False,False,False,False,False,False,False,False,False,False,False,False,False,False,False,False,False,False,False,True,0
125,0.0,485960.5051743423,5451965.3859679075,8653.456111770798,0.0,0.0,0.0,False,True,False,False,False,False,False,False,False,False,False,False,False,False,False,False,False,False,False,False,False,0
126,0.0,485948.5581,5452140.0603,8519.145377132103,0.0,0.0,0.0,False,True,False,False,False,False,False,False,False,False,False,False,False,False,False,False,False,False,False,False,False,0
127,0.0,485948.5581,5452390.0603,8319.156694443933,0.0,0.0,0.0,False,True,False,False,False,False,False,False,False,False,False,False,False,False,False,False,False,False,False,False,False,0
128,0.0,485948.5581,5452640.0603,8121.9393162416145,0.0,0.0,0.0,False,True,False,False,False,False,False,False,False,False,False,False,False,False,False,False,False,False,False,False,False,0
129,0.0,485948.5581,5452890.0603,7927.700070430977,0.0,0.0,0.0,False,True,False,False,False,False,False,False,False,False,False,False,False,False,False,False,False,False,False,False,False,0
130,0.0,485948.5581,5453140.0603,7736.663270216129,0.0,0.0,0.0,False,True,False,False,False,False,False,False,False,False,False,False,False,False,False,False,False,False,False,False,False,0
131,1.0,485948.5581,5453390.0603,7549.072042755409,12.0,0.0,0.0,False,True,False,False,False,False,False,False,False,False,False,False,False,False,False,False,False,False,False,False,False,0
132,0.0,485948.5581,5453640.0603,7365.189668753367,0.0,0.0,0.0,False,True,False,False,False,False,False,False,False,False,False,False,False,False,False,False,False,False,False,False,False,0
133,1.0,485948.5581,5453890.0603,7185.300898828896,19.0,0.0,0.0,False,True,False,False,False,False,False,False,False,False,False,False,False,False,False,False,False,False,False,False,False,0
134,0.0,485948.5581,5454140.0603,7009.7132007459,0.0,0.0,0.0,False,True,False,False,False,False,False,False,False,False,False,False,False,False,False,False,False,False,False,False,False,0
135,1.0,485948.5581,5454390.0603,6838.757877473901,12.0,0.0,0.0,False,True,False,False,False,False,False,False,False,False,False,False,False,False,False,False,False,False,False,False,False,0
136,0.0,485948.5581,5454640.0603,6672.790979546066,0.0,0.0,0.0,False,True,False,False,False,False,False,False,False,False,False,False,False,False,False,False,False,False,False,False,False,0
137,0.0,485948.5581,5454890.0603,6512.193916546969,0.0,0.0,0.0,False,True,False,False,False,False,False,False,False,False,False,False,False,False,False,False,False,False,False,False,False,0
138,0.0,485948.5581,5455140.0603,6357.373652437881,0.0,0.0,0.0,False,True,False,False,False,False,False,False,False,False,False,False,False,False,False,False,False,False,False,False,False,0
139,0.0,485948.5581,5455390.0603,6208.762349028297,0.0,0.0,0.0,False,True,False,False,False,False,False,False,False,False,False,False,False,False,False,False,False,False,False,False,False,0
140,0.0,485948.5581,5455640.0603,6066.816303194895,0.0,0.0,0.0,False,True,False,False,False,False,False,False,False,False,False,False,False,False,False,False,False,False,False,False,False,0
141,1.0,485948.5581,5455890.0603,5932.014009315165,3.0,1.0,0.0,False,True,False,False,False,False,False,False,False,False,False,False,False,False,False,False,False,False,False,False,False,0
142,6.0,485948.5581,5456140.0603,5804.853172709141,13.833333333333334,0.0,0.16666666666666666,False,True,False,False,False,False,False,False,False,False,False,False,False,False,False,False,False,False,False,False,False,2
143,0.0,485948.5581,5456390.0603,5685.846507487816,0.0,0.0,0.0,False,False,False,False,False,False,False,False,False,False,False,False,False,False,False,False,False,False,False,False,True,0
144,0.0,485948.5581,5456640.0603,5575.516178499655,0.0,0.0,0.0,False,False,False,False,False,False,False,False,False,False,False,False,False,False,False,False,False,False,False,False,True,0
145,1.0,485948.5581,5456890.0603,5474.386797323642,13.0,0.0,1.0,False,False,False,False,False,False,False,False,False,False,False,False,False,False,False,False,False,False,False,False,True,0
146,0.0,485948.5581,5457140.0603,5382.976960447761,0.0,0.0,0.0,False,False,False,False,False,False,False,False,False,False,False,False,False,False,False,False,False,False,False,False,True,0
147,1.0,485948.5581,5457390.0603,5301.78942496884,10.0,0.0,0.0,False,False,False,False,False,False,False,False,False,False,False,False,False,False,False,False,False,False,False,False,True,0
148,0.0,485948.5581,5457640.0603,5231.300149743984,0.0,0.0,0.0,False,False,False,False,False,False,False,False,False,False,False,False,False,False,False,False,False,False,False,False,True,0
149,0.0,485948.5581,5457890.0603,5171.946578099142,0.0,0.0,0.0,False,False,False,False,False,False,False,False,False,False,False,False,False,False,False,False,False,False,False,False,True,0
150,0.0,485937.33403218177,5458081.306736739,5145.345859479751,0.0,0.0,0.0,False,False,False,False,False,False,False,False,False,False,False,False,False,False,False,False,False,False,False,False,True,0
151,0.0,486318.08503907744,5451759.08170902,8622.715662595023,0.0,0.0,0.0,False,True,False,False,False,False,False,False,False,False,False,False,False,False,False,False,False,False,False,False,False,0
152,0.0,486214.54812375,5451921.90632682,8544.001387301689,0.0,0.0,0.0,False,True,False,False,False,False,False,False,False,False,False,False,False,False,False,False,False,False,False,False,False,0
153,0.0,486198.5581,5452140.0603,8373.327714040059,0.0,0.0,0.0,False,True,False,False,False,False,False,False,False,False,False,False,False,False,False,False,False,False,False,False,False,0
154,0.0,486198.5581,5452390.0603,8169.770324599787,0.0,0.0,0.0,False,True,False,False,False,False,False,False,False,False,False,False,False,False,False,False,False,False,False,False,False,0
155,0.0,486198.5581,5452640.0603,7968.856712647763,0.0,0.0,0.0,False,True,False,False,False,False,False,False,False,False,False,False,False,False,False,False,False,False,False,False,False,0
156,0.0,486198.5581,5452890.0603,7770.791945272459,0.0,0.0,0.0,False,True,False,False,False,False,False,False,False,False,False,False,False,False,False,False,False,False,False,False,False,0
157,0.0,486198.5581,5453140.0603,7575.799469805898,0.0,0.0,0.0,False,True,False,False,False,False,False,False,False,False,False,False,False,False,False,False,False,False,False,False,False,0
158,0.0,486198.5581,5453390.0603,7384.122680231642,0.0,0.0,0.0,False,True,False,False,False,False,False,False,False,False,False,False,False,False,False,False,False,False,False,False,False,0
159,2.0,486198.5581,5453640.0603,7196.026535992717,17.0,0.5,1.0,False,True,False,False,False,False,False,False,False,False,False,False,False,False,False,False,False,False,False,False,False,0
160,0.0,486198.5581,5453890.0603,7011.799202537915,0.0,0.0,0.0,False,True,False,False,False,False,False,False,False,False,False,False,False,False,False,False,False,False,False,False,False,0
161,1.0,486198.5581,5454140.0603,6831.753669938002,12.0,0.0,0.0,False,True,False,False,False,False,False,False,False,False,False,False,False,False,False,False,False,False,False,False,False,0
162,0.0,486198.5581,5454390.0603,6656.229289673798,0.0,0.0,0.0,False,True,False,False,False,False,False,False,False,False,False,False,False,False,False,False,False,False,False,False,False,0
163,0.0,486198.5581,5454640.0603,6485.593149952544,0.0,0.0,0.0,False,True,False,False,False,False,False,False,False,False,False,False,False,False,False,False,False,False,False,False,False,0
164,1.0,486198.5581,5454890.0603,6320.2411865933855,16.0,0.0,1.0,False,True,False,False,False,False,False,False,False,False,False,False,False,False,False,False,False,False,False,False,False,0
165,2.0,486198.5581,5455140.0603,6160.598900002448,9.0,0.0,0.5,False,True,False,False,False,False,False,False,False,False,False,False,False,False,False,False,False,False,False,False,False,0
166,0.0,486198.5581,5455390.0603,6007.121520055291,0.0,0.0,0.0,False,True,False,False,False,False,False,False,False,False,False,False,False,False,False,False,False,False,False,False,False,0
167,1.0,486198.5581,5455640.0603,5860.293431792591,6.0,0.0,1.0,False,True,False,False,False,False,False,False,False,False,False,False,False,False,False,False,False,False,False,False,False,0
168,3.0,486198.5581,5455890.0603,5720.626648953014,14.666666666666666,0.3333333333333333,0.0,False,True,False,False,False,False,False,False,False,False,False,False,False,False,False,False,False,False,False,False,False,1
169,5.0,486198.5581,5456140.0603,5588.658104295824,16.2,0.6,0.0,False,True,False,False,False,False,False,False,False,False,False,False,False,False,False,False,False,False,False,False,False,2
170,0.0,486198.5581,5456390.0603,5464.945521842958,0.0,0.0,0.0,False,False,False,False,False,False,False,False,False,False,False,False,False,False,False,False,False,False,False,False,True,0
171,1.0,486198.5581,5456640.0603,5350.061654477583,2.0,1.0,0.0,False,False,False,False,False,False,False,False,False,False,False,False,False,False,False,False,False,False,False,False,True,0
172,3.0,486198.5581,5456890.0603,5244.586719343233,15.666666666666666,1.0,0.3333333333333333,False,False,False,False,False,False,False,False,False,False,False,False,False,False,False,False,False,False,False,False,True,1
173,0.0,486198.5581,5457140.0603,5149.098950953596,0.0,0.0,0.0,False,False,False,False,False,False,False,False,False,False,False,False,False,False,False,False,False,False,False,False,True,0
174,1.0,486198.5581,5457390.0603,5064.163322476026,0.0,1.0,0.0,False,False,False,False,False,False,False,False,False,False,False,False,False,False,False,False,False,False,False,False,True,0
175,2.0,486198.5581,5457640.0603,4990.318657832528,13.0,0.0,0.0,False,False,False,False,False,False,False,False,False,False,False,False,False,False,False,False,False,False,False,False,True,0
176,0.0,486198.5581,5457890.0603,4928.063560538911,0.0,0.0,0.0,False,False,False,False,False,False,False,False,False,False,False,False,False,False,False,False,False,False,False,False,True,0
177,0.0,486181.0133298199,5458048.705885183,4911.984631516969,0.0,0.0,0.0,False,False,False,False,False,False,False,False,False,False,False,False,False,False,False,False,False,False,False,False,True,0
178,0.0,486480.3040493475,5451685.109938356,8598.561978626492,0.0,0.0,0.0,False,True,False,False,False,False,False,False,False,False,False,False,False,False,False,False,False,False,False,False,False,0
179,0.0,486448.5581,5451890.0603,8441.97049904294,0.0,0.0,0.0,False,True,False,False,False,False,False,False,False,False,False,False,False,False,False,False,False,False,False,False,False,0
180,0.0,486448.5581,5452140.0603,8232.52063809811,0.0,0.0,0.0,False,True,False,False,False,False,False,False,False,False,False,False,False,False,False,False,False,False,False,False,False,0
181,0.0,486448.5581,5452390.0603,8025.392588946121,0.0,0.0,0.0,False,True,False,False,False,False,False,False,False,False,False,False,False,False,False,False,False,False,False,False,False,0
182,0.0,486448.5581,5452640.0603,7820.77082880654,0.0,0.0,0.0,False,True,False,False,False,False,False,False,False,False,False,False,False,False,False,False,False,False,False,False,False,0
183,0.0,486448.5581,5452890.0603,7618.857296649631,0.0,0.0,0.0,False,True,False,False,False,False,False,False,False,False,False,False,False,False,False,False,False,False,False,False,False,0
184,0.0,486448.5581,5453140.0603,7419.8730889895505,0.0,0.0,0.0,False,True,False,False,False,False,False,False,False,False,False,False,False,False,False,False,False,False,False,False,False,0
185,1.0,486448.5581,5453390.0603,7224.060271530917,3.0,1.0,0.0,False,True,False,False,False,False,False,False,False,False,False,False,False,False,False,False,False,False,False,False,False,0
186,6.0,486448.5581,5453640.0603,7031.683792429189,12.5,0.16666666666666666,0.0,False,True,False,False,False,False,False,False,False,False,False,False,False,False,False,False,False,False,False,False,False,2
187,1.0,486448.5581,5453890.0603,6843.0334725698485,21.0,1.0,0.0,False,True,False,False,False,False,False,False,False,False,False,False,False,False,False,False,False,False,False,False,False,0
188,4.0,486448.5581,5454140.0603,6658.426034485279,15.25,0.5,0.25,False,True,False,False,False,False,False,False,False,False,False,False,False,False,False,False,False,False,False,False,False,1
189,0.0,486448.5581,5454390.0603,6478.207113601059,0.0,0.0,0.0,False,True,False,False,False,False,False,False,False,False,False,False,False,False,False,False,False,False,False,False,False,0
190,8.0,486448.5581,5454640.0603,6302.753172758027,13.375,0.0,0.25,False,True,False,False,False,False,False,False,False,False,False,False,False,False,False,False,False,False,False,False,False,2
191,4.0,486448.5581,5454890.0603,6132.473212881682,13.5,0.0,0.5,False,True,False,False,False,False,False,False,False,False,False,False,False,False,False,False,False,False,False,False,False,1
192,9.0,486448.5581,5455140.0603,5967.810139130717,15.333333333333334,0.0,0.4444444444444444,False,True,False,False,False,False,False,False,False,False,False,False,False,False,False,False,False,False,False,False,False,2
193,1.0,486448.5581,5455390.0603,5809.241603403269,22.0,1.0,0.0,False,True,False,False,False,False,False,False,False,False,False,False,False,False,False,False,False,False,False,False,False,0
194,0.0,486448.5581,5455640.0603,5657.280102373525,0.0,0.0,0.0,False,True,False,False,False,False,False,False,False,False,False,False,False,False,False,False,False,False,False,False,False,0
195,8.0,486448.5581,5455890.0603,5512.472068565192,9.75,0.375,0.125,False,True,False,False,False,False,False,False,False,False,False,False,False,False,False,False,False,False,False,False,False,2
196,4.0,486448.5581,5456140.0603,5375.3956558295695,13.75,0.5,0.25,False,True,False,False,False,False,False,False,False,False,False,False,False,False,False,False,False,False,False,False,False,1
197,0.0,486448.51575318305,5456390.005197882,5246.721044243472,0.0,0.0,0.0,False,False,False,False,False,False,False,False,False,False,False,False,False,False,False,False,False,False,False,False,True,0
198,2.0,486448.53746955935,5456640.109113703,5126.8797685566,2.0,1.0,0.5,False,False,False,False,False,False,False,False,False,False,False,False,False,False,False,False,False,False,False,False,True,0
199,9.0,486448.5581,5456890.0603,5016.718938381084,15.333333333333334,0.2222222222222222,0.2222222222222222,False,False,False,False,False,False,False,False,False,False,False,False,False,False,False,False,False,False,False,False,True,2
200,22.0,486448.5581,5457140.0603,4916.807811650912,15.454545454545455,0.18181818181818182,0.3181818181818182,False,False,False,False,False,False,False,False,False,False,False,False,False,False,False,False,False,False,False,False,True,2
201,6.0,486448.5581,5457390.0603,4827.787195673754,14.5,0.16666666666666666,0.5,False,False,False,False,False,False,False,False,False,False,False,False,False,False,False,False,False,False,False,False,True,2
202,3.0,486448.5581,5457640.0603,4750.269398330104,11.333333333333334,0.3333333333333333,0.3333333333333333,False,False,False,False,False,False,False,False,False,False,False,False,False,False,False,False,False,False,False,False,True,1
203,0.0,486448.5581,5457890.0603,4684.8254510399265,0.0,0.0,0.0,False,False,False,False,False,False,False,False,False,False,False,False,False,False,False,False,False,False,False,False,True,0
204,0.0,486432.62411216984,5458031.38266262,4668.955134396207,0.0,0.0,0.0,False,False,False,False,False,False,False,False,False,False,False,False,False,False,False,False,False,False,False,False,True,0
205,0.0,486753.48143752484,5451491.82846017,8625.86574049005,0.0,0.0,0.0,False,True,False,False,False,False,False,False,False,False,False,False,False,False,False,False,False,False,False,False,False,0
206,1.0,486699.7088631262,5451641.302311448,8523.082513584539,23.0,1.0,0.0,False,True,False,False,False,False,False,False,False,False,False,False,False,False,False,False,False,False,False,False,False,0
207,0.0,486698.5581,5451890.0603,8309.852282484408,0.0,0.0,0.0,False,True,False,False,False,False,False,False,False,False,False,False,False,False,False,False,False,False,False,False,False,0
208,0.0,486698.5581,5452140.0603,8096.985556780457,0.0,0.0,0.0,False,True,False,False,False,False,False,False,False,False,False,False,False,False,False,False,False,False,False,False,False,0
209,0.0,486698.5581,5452390.0603,7886.2985777049635,0.0,0.0,0.0,False,True,False,False,False,False,False,False,False,False,False,False,False,False,False,False,False,False,False,False,False,0
210,1.0,486698.5581,5452640.0603,7677.970787044669,19.0,0.0,1.0,False,True,False,False,False,False,False,False,False,False,False,False,False,False,False,False,False,False,False,False,False,0
211,0.0,486698.5581,5452890.0603,7472.199512640929,0.0,0.0,0.0,False,True,False,False,False,False,False,False,False,False,False,False,False,False,False,False,False,False,False,False,False,0
212,1.0,486698.5581,5453140.0603,7269.20186173911,23.0,1.0,0.0,False,True,False,False,False,False,False,False,False,False,False,False,False,False,False,False,False,False,False,False,False,0
213,1.0,486698.5581,5453390.0603,7069.216778166543,1.0,1.0,0.0,False,True,False,False,False,False,False,False,False,False,False,False,False,False,False,False,False,False,False,False,False,0
214,3.0,486698.5581,5453640.0603,6872.507257668875,13.666666666666666,0.0,0.0,False,True,False,False,False,False,False,False,False,False,False,False,False,False,False,False,False,False,False,False,False,1
215,0.0,486698.5581,5453890.0603,6679.362705880807,0.0,0.0,0.0,False,True,False,False,False,False,False,False,False,False,False,False,False,False,False,False,False,False,False,False,False,0
216,1.0,486698.5581,5454140.0603,6490.101409586092,13.0,0.0,1.0,False,True,False,False,False,False,False,False,False,False,False,False,False,False,False,False,False,False,False,False,False,0
217,0.0,486698.5581,5454390.0603,6305.073073066749,0.0,0.0,0.0,False,True,False,False,False,False,False,False,False,False,False,False,False,False,False,False,False,False,False,False,False,0
218,0.0,486698.5581,5454640.0603,6124.661346287759,0.0,0.0,0.0,False,True,False,False,False,False,False,False,False,False,False,False,False,False,False,False,False,False,False,False,False,0
219,1.0,486698.5581,5454890.0603,5949.286239265295,21.0,1.0,0.0,False,True,False,False,False,False,False,False,False,False,False,False,False,False,False,False,False,False,False,False,False,0
220,1.0,486698.5581,5455140.0603,5779.406276315189,1.0,1.0,0.0,False,True,False,False,False,False,False,False,False,False,False,False,False,False,False,False,False,False,False,False,False,0
221,1.0,486698.5581,5455390.0603,5615.520194666867,9.0,0.0,0.0,False,True,False,False,False,False,False,False,False,False,False,False,False,False,False,False,False,False,False,False,False,0
222,0.0,486698.5581,5455640.0603,5458.1679350045115,0.0,0.0,0.0,False,True,False,False,False,False,False,False,False,False,False,False,False,False,False,False,False,False,False,False,False,0
223,2.0,486698.5581,5455890.0603,5307.930609636058,22.0,1.0,0.0,False,True,False,False,False,False,False,False,False,False,False,False,False,False,False,False,False,False,False,False,False,0
224,2.0,486698.52109913237,5456140.063987751,5165.457843092965,13.0,0.0,0.5,False,False,False,False,False,False,False,False,True,False,False,False,False,False,False,False,False,False,False,False,False,0
225,1.0,486698.5647549022,5456390.060904313,5031.314664276682,13.0,0.0,0.0,False,False,False,False,False,False,False,False,True,False,False,False,False,False,False,False,False,False,False,False,False,0
226,3.0,486698.5581,5456640.0603,4906.293693483039,15.333333333333334,0.3333333333333333,0.0,False,False,False,False,False,False,False,False,True,False,False,False,False,False,False,False,False,False,False,False,False,1
227,3.0,486698.5581,5456890.0603,4791.05916856716,13.0,0.6666666666666666,0.3333333333333333,False,False,False,False,False,False,False,False,True,False,False,False,False,False,False,False,False,False,False,False,False,1
228,2.0,486698.5581,5457140.0603,4686.339521066677,11.0,1.0,0.0,False,False,False,False,False,False,False,False,True,False,False,False,False,False,False,False,False,False,False,False,False,0
229,1.0,486698.5581,5457390.0603,4592.854042609176,12.0,0.0,1.0,False,False,False,False,False,False,False,False,True,False,False,False,False,False,False,False,False,False,False,False,False,0
230,2.0,486698.5581,5457640.0603,4511.301187762956,19.5,0.5,0.0,False,False,False,False,False,False,False,False,True,False,False,False,False,False,False,False,False,False,False,False,False,0
231,0.0,486698.53626246954,5457890.037544676,4442.365016240579,0.0,0.0,0.0,False,False,False,False,False,False,False,False,True,False,False,False,False,False,False,False,False,False,False,False,False,0
232,0.0,486651.4059025806,5458021.624476424,4457.296185945323,0.0,0.0,0.0,False,False,False,False,False,False,False,False,True,False,False,False,False,False,False,False,False,False,False,False,False,0
233,0.0,486954.6901846973,5451474.84164355,8543.567158478201,0.0,0.0,0.0,False,True,False,False,False,False,False,False,False,False,False,False,False,False,False,False,False,False,False,False,False,0
234,0.0,486948.4579694959,5451640.033375411,8401.434492989925,0.0,0.0,0.0,False,True,False,False,False,False,False,False,False,False,False,False,False,False,False,False,False,False,False,False,False,0
235,0.0,486948.43528865214,5451890.085216045,8183.279589830459,0.0,0.0,0.0,False,True,False,False,False,False,False,False,False,False,False,False,False,False,False,False,False,False,False,False,False,0
236,0.0,486948.4265891047,5452140.085186282,7967.036987195371,0.0,0.0,0.0,False,True,False,False,False,False,False,False,False,False,False,False,False,False,False,False,False,False,False,False,False,0
237,0.0,486948.42745220807,5452390.085156589,7752.819767489034,0.0,0.0,0.0,False,True,False,False,False,False,False,False,False,False,False,False,False,False,False,False,False,False,False,False,False,0
238,0.0,486948.4378437754,5452640.085126967,7540.800560814198,0.0,0.0,0.0,False,True,False,False,False,False,False,False,False,False,False,False,False,False,False,False,False,False,False,False,False,0
239,2.0,486948.4577297818,5452890.085097417,7331.170089703811,16.0,0.0,0.0,False,True,False,False,False,False,False,False,False,False,False,False,False,False,False,False,False,False,False,False,False,0
240,1.0,486948.4870763648,5453140.085067937,7124.13924494715,18.0,0.0,0.0,False,True,False,False,False,False,False,False,False,False,False,False,False,False,False,False,False,False,False,False,False,0
241,0.0,486948.5258498224,5453390.085038526,6919.941377246447,0.0,0.0,0.0,False,True,False,False,False,False,False,False,False,False,False,False,False,False,False,False,False,False,False,False,False,0
242,0.0,486948.557129064,5453640.062829654,6718.862686981908,0.0,0.0,0.0,False,True,False,False,False,False,False,False,False,False,False,False,False,False,False,False,False,False,False,False,False,0
243,0.0,486948.5581,5453890.0603,6521.170539612607,0.0,0.0,0.0,False,True,False,False,False,False,False,False,False,False,False,False,False,False,False,False,False,False,False,False,False,0
244,0.0,486948.5581,5454140.0603,6327.179099465368,0.0,0.0,0.0,False,True,False,False,False,False,False,False,False,False,False,False,False,False,False,False,False,False,False,False,False,0
245,0.0,486948.5581,5454390.0603,6137.240870840202,0.0,0.0,0.0,False,True,False,False,False,False,False,False,False,False,False,False,False,False,False,False,False,False,False,False,False,0
246,3.0,486948.5581,5454640.0603,5951.74391726588,20.0,0.6666666666666666,0.3333333333333333,False,True,False,False,False,False,False,False,False,False,False,False,False,False,False,False,False,False,False,False,False,1
247,0.0,486948.5581,5454890.0603,5771.116513007808,0.0,0.0,0.0,False,True,False,False,False,False,False,False,False,False,False,False,False,False,False,False,False,False,False,False,False,0
248,1.0,486948.5581,5455140.0603,5595.830229439723,17.0,0.0,0.0,False,True,False,False,False,False,False,False,False,False,False,False,False,False,False,False,False,False,False,False,False,0
249,2.0,486948.5581,5455390.0603,5426.402685639117,19.5,0.5,0.5,False,True,False,False,False,False,False,False,False,False,False,False,False,False,False,False,False,False,False,False,False,0
250,1.0,486948.5581,5455640.0603,5263.399686202011,0.0,1.0,0.0,False,True,False,False,False,False,False,False,False,False,False,False,False,False,False,False,False,False,False,False,False,0
251,0.0,486948.5581,5455890.0603,5107.4363830312595,0.0,0.0,0.0,False,True,False,False,False,False,False,False,False,False,False,False,False,False,False,False,False,False,False,False,False,0
252,0.0,486948.5208826035,5456140.08849916,4959.1911468846965,0.0,0.0,0.0,False,True,False,False,False,False,False,False,False,False,False,False,False,False,False,False,False,False,False,False,False,0
253,2.0,486948.5581,5456390.0603,4819.332599718704,20.0,0.5,0.5,False,False,False,False,False,False,False,False,True,False,False,False,False,False,False,False,False,False,False,False,False,0
254,3.0,486948.5581,5456640.0603,4688.656188793485,10.0,1.0,0.6666666666666666,False,False,False,False,False,False,False,False,True,False,False,False,False,False,False,False,False,False,False,False,False,1
255,2.0,486948.5581,5456890.0603,4567.934654382816,13.0,0.0,1.0,False,False,False,False,False,False,False,False,True,False,False,False,False,False,False,False,False,False,False,False,False,0
256,2.0,486948.5581,5457140.0603,4457.976800826969,9.5,0.5,0.0,False,False,False,False,False,False,False,False,True,False,False,False,False,False,False,False,False,False,False,False,False,0
257,1.0,486948.5581,5457390.0603,4359.597149589796,18.0,0.0,0.0,False,False,False,False,False,False,False,False,True,False,False,False,False,False,False,False,False,False,False,False,False,0
258,3.0,486948.5581,5457640.0603,4273.5953782162715,19.0,0.6666666666666666,0.3333333333333333,False,False,False,False,False,False,False,False,True,False,False,False,False,False,False,False,False,False,False,False,False,1
259,0.0,486946.7134082347,5457884.1742177,4204.069382328232,0.0,0.0,0.0,False,False,False,False,False,False,False,False,True,False,False,False,False,False,False,False,False,False,False,False,False,0
260,0.0,487202.0127501064,5451464.7913071,8438.250837460846,0.0,0.0,0.0,False,False,False,False,False,False,True,False,False,False,False,False,False,False,False,False,False,False,False,False,False,0
261,0.0,487198.5581,5451640.0603,8283.699228407037,0.0,0.0,0.0,False,False,False,False,False,False,True,False,False,False,False,False,False,False,False,False,False,False,False,False,False,0
262,0.0,487198.5581,5451890.0603,8062.394374918121,0.0,0.0,0.0,False,False,False,False,False,False,True,False,False,False,False,False,False,False,False,False,False,False,False,False,False,0
263,0.0,487198.5581,5452140.0603,7842.814112721999,0.0,0.0,0.0,False,False,False,False,False,False,True,False,False,False,False,False,False,False,False,False,False,False,False,False,False,0
264,0.0,487198.5581,5452390.0603,7625.107432470139,0.0,0.0,0.0,False,False,False,False,False,False,True,False,False,False,False,False,False,False,False,False,False,False,False,False,False,0
265,1.0,487198.5581,5452640.0603,7409.439486675856,14.0,0.0,1.0,False,False,False,False,False,False,True,False,False,False,False,False,False,False,False,False,False,False,False,False,False,0
266,1.0,487198.5581,5452890.0603,7195.993583704156,0.0,1.0,1.0,False,False,False,False,False,False,True,False,False,False,False,False,False,False,False,False,False,False,False,False,False,0
267,0.0,487198.5581,5453140.0603,6984.973429205825,0.0,0.0,0.0,False,False,False,False,False,False,True,False,False,False,False,False,False,False,False,False,False,False,False,False,False,0
268,0.0,487198.5581,5453390.0603,6776.605636800136,0.0,0.0,0.0,False,False,False,False,False,False,True,False,False,False,False,False,False,False,False,False,False,False,False,False,False,0
269,1.0,487198.5581,5453640.0603,6571.142526738511,12.0,0.0,1.0,False,True,False,False,False,False,False,False,False,False,False,False,False,False,False,False,False,False,False,False,False,0
270,2.0,487198.5581,5453890.0603,6368.865225196039,7.0,0.0,1.0,False,True,False,False,False,False,False,False,False,False,False,False,False,False,False,False,False,False,False,False,False,0
271,0.0,487198.5581,5454140.0603,6170.087066380133,0.0,0.0,0.0,False,True,False,False,False,False,False,False,False,False,False,False,False,False,False,False,False,False,False,False,False,0
272,1.0,487198.5581,5454390.0603,5975.157283010331,23.0,1.0,0.0,False,True,False,False,False,False,False,False,False,False,False,False,False,False,False,False,False,False,False,False,False,0
273,0.0,487198.5581,5454640.0603,5784.464945585842,0.0,0.0,0.0,False,True,False,False,False,False,False,False,False,False,False,False,False,False,False,False,False,False,False,False,False,0
274,3.0,487198.5581,5454890.0603,5598.443074347672,16.0,1.0,0.6666666666666666,False,True,False,False,False,False,False,False,False,False,False,False,False,False,False,False,False,False,False,False,False,1
275,1.0,487198.5581,5455140.0603,5417.5727966231725,12.0,0.0,1.0,False,True,False,False,False,False,False,False,False,False,False,False,False,False,False,False,False,False,False,False,False,0
276,1.0,487198.5581,5455390.0603,5242.387352791801,17.0,0.0,0.0,False,True,False,False,False,False,False,False,False,False,False,False,False,False,False,False,False,False,False,False,False,0
277,1.0,487198.5581,5455640.0603,5073.4756633605175,22.0,1.0,1.0,False,True,False,False,False,False,False,False,False,False,False,False,False,False,False,False,False,False,False,False,False,0
278,0.0,487198.5581,5455890.0603,4911.4850561425355,0.0,0.0,0.0,False,False,False,False,False,False,False,False,False,False,False,False,False,False,False,False,False,False,False,False,False,0
279,0.0,487198.57587706635,5456140.107230947,4757.080198283551,0.0,0.0,0.0,False,False,False,False,False,False,False,False,False,False,False,False,False,False,False,False,False,False,False,False,False,0
280,1.0,487198.5581,5456390.0603,4611.154492826223,0.0,1.0,0.0,False,False,False,False,False,False,False,False,True,False,False,False,False,False,False,False,False,False,False,False,False,0
281,1.0,487198.5581,5456640.0603,4474.4022960292095,17.0,0.0,0.0,False,False,False,False,False,False,False,False,True,False,False,False,False,False,False,False,False,False,False,False,False,0
282,4.0,487198.5581,5456890.0603,4347.735739061364,10.0,0.25,0.25,False,False,False,False,False,False,False,False,True,False,False,False,False,False,False,False,False,False,False,False,False,1
283,2.0,487198.5581,5457140.0603,4232.060515483146,15.5,0.0,0.0,False,False,False,False,False,False,False,False,True,False,False,False,False,False,False,False,False,False,False,False,False,0
284,3.0,487198.5581,5457390.0603,4128.30066210196,16.0,1.0,0.0,False,False,False,False,False,False,False,False,True,False,False,False,False,False,False,False,False,False,False,False,False,1
285,1.0,487198.5581,5457640.0603,4037.3749524550585,18.0,0.0,0.0,False,False,False,False,False,False,False,False,True,False,False,False,False,False,False,False,False,False,False,False,False,0
286,0.0,487196.5342017499,5457873.641693281,3966.7411200597912,0.0,0.0,0.0,False,False,False,False,False,False,False,False,True,False,False,False,False,False,False,False,False,False,False,False,False,0
287,0.0,487451.7032548168,5451457.95371681,8335.038807927634,0.0,0.0,0.0,False,False,False,False,False,False,True,False,False,False,False,False,False,False,False,False,False,False,False,False,False,0
288,0.0,487448.5581,5451640.0603,8171.991920989115,0.0,0.0,0.0,False,False,False,False,False,False,True,False,False,False,False,False,False,False,False,False,False,False,False,False,False,0
289,0.0,487448.5581,5451890.0603,7947.577121784435,0.0,0.0,0.0,False,False,False,False,False,False,True,False,False,False,False,False,False,False,False,False,False,False,False,False,False,0
290,0.0,487448.5581,5452140.0603,7724.7337984367705,0.0,0.0,0.0,False,False,False,False,False,False,True,False,False,False,False,False,False,False,False,False,False,False,False,False,False,0
291,0.0,487448.5581,5452390.0603,7503.601962171992,0.0,0.0,0.0,False,False,False,False,False,False,True,False,False,False,False,False,False,False,False,False,False,False,False,False,False,0
292,0.0,487448.5581,5452640.0603,7284.337482346035,0.0,0.0,0.0,False,False,False,False,False,False,True,False,False,False,False,False,False,False,False,False,False,False,False,False,False,0
293,0.0,487448.5581,5452890.0603,7067.114171053938,0.0,0.0,0.0,False,False,False,False,False,False,True,False,False,False,False,False,False,False,False,False,False,False,False,False,False,0
294,2.0,487448.5581,5453140.0603,6852.1261559249915,15.0,0.5,0.0,False,False,False,False,False,False,True,False,False,False,False,False,False,False,False,False,False,False,False,False,False,0
295,0.0,487448.5581,5453390.0603,6639.590575232135,0.0,0.0,0.0,False,False,False,False,False,False,True,False,False,False,False,False,False,False,False,False,False,False,False,False,False,0
296,6.0,487448.5581,5453640.0603,6429.750629434348,9.666666666666666,0.5,0.3333333333333333,False,True,False,False,False,False,False,False,False,False,False,False,False,False,False,False,False,False,False,False,False,2
297,1.0,487448.5581,5453890.0603,6222.879020735611,6.0,0.0,0.0,False,True,False,False,False,False,False,False,False,False,False,False,False,False,False,False,False,False,False,False,False,0
298,0.0,487448.5581,5454140.0603,6019.281805723288,0.0,0.0,0.0,False,True,False,False,False,False,False,False,False,False,False,False,False,False,False,False,False,False,False,False,False,0
299,2.0,487448.5581,5454390.0603,5819.302673577945,18.0,0.5,0.0,False,True,False,False,False,False,False,False,False,False,False,False,False,False,False,False,False,False,False,False,False,0
300,0.0,487448.5581,5454640.0603,5623.327640882347,0.0,0.0,0.0,False,True,False,False,False,False,False,False,False,False,False,False,False,False,False,False,False,False,False,False,False,0
301,1.0,487448.5581,5454890.0603,5431.790119906275,20.0,1.0,1.0,False,True,False,False,False,False,False,False,False,False,False,False,False,False,False,False,False,False,False,False,False,0
302,0.0,487448.46757135127,5455140.060689916,5245.237274830953,0.0,0.0,0.0,False,True,False,False,False,False,False,False,False,False,False,False,False,False,False,False,False,False,False,False,False,0
303,2.0,487448.55770241545,5455390.059825862,5064.031047883631,10.5,0.0,0.5,False,True,False,False,False,False,False,False,False,False,False,False,False,False,False,False,False,False,False,False,False,0
304,0.0,487448.5581,5455640.0603,4888.960457675174,0.0,0.0,0.0,False,False,False,False,False,False,False,False,False,False,False,False,False,False,False,False,False,False,False,False,False,0
305,0.0,487448.5581,5455890.0603,4720.642382844888,0.0,0.0,0.0,False,False,False,False,False,False,False,False,False,False,False,False,False,False,False,False,False,False,False,False,False,0
306,1.0,487448.57586191036,5456140.104596584,4559.782355232004,21.0,1.0,0.0,False,False,False,False,False,False,False,False,False,False,False,False,False,False,False,False,False,False,False,False,False,0
307,2.0,487448.5581,5456390.0603,4407.326265062693,17.0,0.5,0.0,False,False,False,False,False,False,False,False,True,False,False,False,False,False,False,False,False,False,False,False,False,0
308,4.0,487448.5581,5456640.0603,4264.042091339094,13.75,0.5,0.75,False,False,False,False,False,False,False,False,True,False,False,False,False,False,False,False,False,False,False,False,False,1
309,46.0,487448.5581,5456890.0603,4130.93029555226,14.369565217391305,0.13043478260869565,0.21739130434782608,False,False,False,False,False,False,False,False,True,False,False,False,False,False,False,False,False,False,False,False,False,2
310,2.0,487448.5581,5457140.0603,4009.0042724735886,19.0,0.5,0.0,False,False,False,False,False,False,False,False,True,False,False,False,False,False,False,False,False,False,False,False,False,0
311,6.0,487448.5581,5457390.0603,3899.3134532519302,11.833333333333334,0.16666666666666666,0.3333333333333333,False,False,False,False,False,False,False,False,True,False,False,False,False,False,False,False,False,False,False,False,False,2
312,1.0,487448.5581,5457640.0603,3802.9167170359515,15.0,0.0,0.0,False,False,False,False,False,False,False,False,True,False,False,False,False,False,False,False,False,False,False,False,False,0
313,0.0,487452.9776739981,5457876.488056875,3720.705103538951,0.0,0.0,0.0,False,False,False,False,False,False,False,False,True,False,False,False,False,False,False,False,False,False,False,False,False,0
314,0.0,487710.45171250874,5451429.765738277,8254.0641330865,0.0,0.0,0.0,False,False,False,False,False,False,True,False,False,False,False,False,False,False,False,False,False,False,False,False,False,0
315,0.0,487698.5581,5451640.0603,8066.48814582352,0.0,0.0,0.0,False,False,False,False,False,False,True,False,False,False,False,False,False,False,False,False,False,False,False,False,False,0
316,0.0,487698.5581,5451890.0603,7839.05358807499,0.0,0.0,0.0,False,False,False,False,False,False,True,False,False,False,False,False,False,False,False,False,False,False,False,False,False,0
317,0.0,487698.5581,5452140.0603,7613.034303529138,0.0,0.0,0.0,False,False,False,False,False,False,True,False,False,False,False,False,False,False,False,False,False,False,False,False,False,0
318,0.0,487698.5581,5452390.0603,7388.56017480479,0.0,0.0,0.0,False,False,False,False,False,False,True,False,False,False,False,False,False,False,False,False,False,False,False,False,False,0
319,0.0,487698.5581,5452640.0603,7165.776413391042,0.0,0.0,0.0,False,False,False,False,False,False,True,False,False,False,False,False,False,False,False,False,False,False,False,False,False,0
320,0.0,487698.5581,5452890.0603,6944.845697113176,0.0,0.0,0.0,False,False,False,False,False,False,True,False,False,False,False,False,False,False,False,False,False,False,False,False,False,0
321,1.0,487698.5581,5453140.0603,6725.95063219404,23.0,1.0,0.0,False,False,False,False,False,False,True,False,False,False,False,False,False,False,False,False,False,False,False,False,False,0
322,0.0,487698.5581,5453390.0603,6509.296586937133,0.0,0.0,0.0,False,False,False,False,False,False,True,False,False,False,False,False,False,False,False,False,False,False,False,False,False,0
323,0.0,487698.5697232504,5453640.05306228,6295.11501462968,0.0,0.0,0.0,False,False,False,False,False,False,False,False,False,False,False,False,False,False,False,False,False,False,False,False,False,0
324,3.0,487698.6033769517,5453890.052350442,6083.648957977339,16.333333333333332,0.3333333333333333,0.6666666666666666,False,False,False,False,False,False,False,False,False,False,False,False,False,False,False,False,False,False,False,False,False,1
325,0.0,487698.63639464363,5454140.052347406,5875.210025243978,0.0,0.0,0.0,False,False,False,False,False,False,False,False,False,False,False,False,False,False,False,False,False,False,False,False,False,0
326,1.0,487698.6681759063,5454390.05234437,5670.133084895378,5.0,1.0,1.0,False,False,False,False,False,False,False,False,False,False,False,False,False,False,False,False,False,False,False,False,False,0
327,1.0,487698.6987193228,5454640.05234133,5468.79636959945,15.0,0.0,0.0,False,False,False,False,False,False,False,False,False,False,False,False,False,False,False,False,False,False,False,False,False,0
328,1.0,487698.72802347393,5454890.052338289,5271.628443374899,22.0,1.0,0.0,False,False,False,False,False,False,False,False,False,False,False,False,False,False,False,False,False,False,False,False,False,0
329,1.0,487698.5665496041,5455140.072469704,5079.222712830278,6.0,0.0,0.0,False,False,False,False,False,False,False,False,False,False,False,False,False,False,False,False,False,False,False,False,False,0
330,0.0,487698.5581,5455390.0603,4891.950864094146,0.0,0.0,0.0,False,False,False,False,False,False,False,False,False,False,False,False,False,False,False,False,False,False,False,False,False,0
331,1.0,487698.5581,5455640.0603,4710.489720476148,21.0,1.0,0.0,False,False,False,False,False,False,False,False,False,False,False,False,False,False,False,False,False,False,False,False,False,0
332,1.0,487698.5581,5455890.0603,4535.553280109437,5.0,1.0,0.0,False,False,False,False,False,False,False,False,False,False,False,False,False,False,False,False,False,False,False,False,False,0
333,0.0,487698.5758467799,5456140.091033754,4367.892024155309,0.0,0.0,0.0,False,False,False,False,False,False,False,False,False,False,False,False,False,False,False,False,False,False,False,False,False,0
334,1.0,487698.5581,5456390.0603,4208.4799936213885,19.0,0.0,0.0,False,False,False,False,False,False,False,False,True,False,False,False,False,False,False,False,False,False,False,False,False,0
335,1.0,487698.5581,5456640.0603,4058.1811204912337,23.0,1.0,0.0,False,False,False,False,False,False,False,False,True,False,False,False,False,False,False,False,False,False,False,False,False,0
336,3.0,487698.5581,5456890.0603,3918.0816934708614,9.0,1.0,0.3333333333333333,False,False,False,False,False,False,False,False,True,False,False,False,False,False,False,False,False,False,False,False,False,1
337,2.0,487698.5581,5457140.0603,3789.31317084132,0.5,1.0,1.0,False,False,False,False,False,False,False,False,True,False,False,False,False,False,False,False,False,False,False,False,False,0
338,8.0,487698.5581,5457390.0603,3673.0674451623545,16.0,0.375,0.5,False,False,False,False,False,False,False,False,True,False,False,False,False,False,False,False,False,False,False,False,False,2
339,0.0,487698.5581,5457640.0603,3570.5678269305445,0.0,0.0,0.0,False,False,False,False,False,False,False,False,True,False,False,False,False,False,False,False,False,False,False,False,False,0
340,0.0,487698.5999570311,5457890.017106744,3483.0021916494848,0.0,0.0,0.0,False,False,False,False,False,False,False,False,True,False,False,False,False,False,False,False,False,False,False,False,False,0
341,0.0,487745.0608610727,5458031.29242863,3396.0305000028666,0.0,0.0,0.0,False,False,False,False,False,False,False,False,True,False,False,False,False,False,False,False,False,False,False,False,False,0
342,0.0,488000.7762773153,5451227.662646179,8330.940575968278,0.0,0.0,0.0,False,False,False,False,False,False,True,False,False,False,False,False,False,False,False,False,False,False,False,False,False,0
343,0.0,487949.67006448325,5451391.222775811,8197.438841665236,0.0,0.0,0.0,False,False,False,False,False,False,True,False,False,False,False,False,False,False,False,False,False,False,False,False,False,0
344,0.0,487948.5581,5451640.0603,7967.4343459304,0.0,0.0,0.0,False,False,False,False,False,False,True,False,False,False,False,False,False,False,False,False,False,False,False,False,False,0
345,0.0,487948.5581,5451890.0603,7737.088613083825,0.0,0.0,0.0,False,False,False,False,False,False,True,False,False,False,False,False,False,False,False,False,False,False,False,False,False,0
346,0.0,487948.5581,5452140.0603,7508.000423329197,0.0,0.0,0.0,False,False,False,False,False,False,True,False,False,False,False,False,False,False,False,False,False,False,False,False,False,0
347,1.0,487948.5581,5452390.0603,7280.28849062394,14.0,0.0,1.0,False,False,False,False,False,False,True,False,False,False,False,False,False,False,False,False,False,False,False,False,False,0
348,0.0,487948.5581,5452640.0603,7054.086096491267,0.0,0.0,0.0,False,False,False,False,False,False,True,False,False,False,False,False,False,False,False,False,False,False,False,False,False,0
349,1.0,487948.5581,5452890.0603,6829.543235584018,6.0,0.0,1.0,False,False,False,False,False,False,True,False,False,False,False,False,False,False,False,False,False,False,False,False,False,0
350,1.0,487948.5581,5453140.0603,6606.829115143771,16.0,0.0,0.0,False,False,False,False,False,False,True,False,False,False,False,False,False,False,False,False,False,False,False,False,False,0
351,1.0,487948.5581,5453390.0603,6386.135067997812,14.0,0.0,1.0,False,False,False,False,False,False,True,False,False,False,False,False,False,False,False,False,False,False,False,False,False,0
352,2.0,487948.5581,5453640.0603,6167.677946902823,14.5,0.0,0.0,False,False,False,False,False,False,False,False,False,False,False,False,False,False,False,False,False,False,False,False,False,0
353,0.0,487948.5581,5453890.0603,5951.704075868644,0.0,0.0,0.0,False,False,False,False,False,False,False,False,False,False,False,False,False,False,False,False,False,False,False,False,False,0
354,0.0,487948.5581,5454140.0603,5738.493840435087,0.0,0.0,0.0,False,False,False,False,False,False,False,False,False,False,False,False,False,False,False,False,False,False,False,False,False,0
355,2.0,487948.5581,5454390.0603,5528.367001810882,18.5,0.5,0.5,False,False,False,False,False,False,False,False,False,False,False,False,False,False,False,False,False,False,False,False,False,0
356,0.0,487948.5581,5454640.0603,5321.688816222858,0.0,0.0,0.0,False,False,False,False,False,False,False,False,False,False,False,False,False,False,False,False,False,False,False,False,False,0
357,5.0,487948.5581,5454890.0603,5118.877025941476,13.4,0.0,0.0,False,False,False,False,False,False,False,False,False,False,False,False,False,False,False,False,False,False,False,False,False,2
358,2.0,487948.5581,5455140.0603,4920.409754960603,7.5,0.0,0.0,False,False,False,False,False,False,False,False,False,False,False,False,False,False,False,False,False,False,False,False,False,0
359,2.0,487948.5581,5455390.0603,4726.834279590461,9.0,0.0,0.0,False,False,False,False,False,False,False,False,False,False,False,False,False,False,False,False,False,False,False,False,False,0
360,1.0,487948.5581,5455640.0603,4538.776537428504,3.0,1.0,0.0,False,False,False,False,False,False,False,False,False,False,False,False,False,False,False,False,False,False,False,False,False,0
361,0.0,487948.5581,5455890.0603,4356.951067743529,0.0,0.0,0.0,False,False,False,False,False,False,False,False,False,False,False,False,False,False,False,False,False,False,False,False,False,0
362,2.0,487948.57236236887,5456140.067909702,4182.155208599623,0.0,1.0,0.0,False,False,False,False,False,False,False,False,True,False,False,False,False,False,False,False,False,False,False,False,False,0
363,4.0,487948.5581,5456390.0603,4015.3558879271827,14.75,0.25,0.25,False,False,False,False,False,False,False,False,True,False,False,False,False,False,False,False,False,False,False,False,False,1
364,7.0,487948.5581,5456640.0603,3857.539767353215,12.0,0.0,0.0,False,False,False,False,False,False,False,False,True,False,False,False,False,False,False,False,False,False,False,False,False,2
365,30.0,487948.5581,5456890.0603,3709.871049876465,11.5,0.03333333333333333,0.5,False,False,False,False,False,False,False,False,True,False,False,False,False,False,False,False,False,False,False,False,False,2
366,1.0,487948.5581,5457140.0603,3573.6078907333285,15.0,0.0,0.0,False,False,False,False,False,False,False,False,True,False,False,False,False,False,False,False,False,False,False,False,False,0
367,6.0,487948.5581,5457390.0603,3450.1019559878973,13.5,0.16666666666666666,0.16666666666666666,False,False,False,False,False,False,False,False,True,False,False,False,False,False,False,False,False,False,False,False,False,2
368,1.0,487948.5581,5457640.0603,3340.768423089443,13.0,0.0,0.0,False,False,False,False,False,False,False,False,True,False,False,False,False,False,False,False,False,False,False,False,False,0
369,0.0,487948.5581,5457890.0603,3247.0392370144727,0.0,0.0,0.0,False,False,False,False,False,False,False,False,True,False,False,False,False,False,False,False,False,False,False,False,False,0
370,0.0,487961.06332722184,5458052.6846432965,3183.1654820637623,0.0,0.0,0.0,False,False,False,False,False,False,False,False,True,False,False,False,False,False,False,False,False,False,False,False,False,0
371,0.0,488215.2857508781,5451179.847358515,8301.169844389062,0.0,0.0,0.0,False,False,False,False,False,False,True,False,False,False,False,False,False,False,False,False,False,False,False,False,False,0
372,0.0,488198.5581,5451390.0603,8109.208281744364,0.0,0.0,0.0,False,False,False,False,False,False,True,False,False,False,False,False,False,False,False,False,False,False,False,False,False,0
373,0.0,488198.5581,5451640.0603,7875.073911190383,0.0,0.0,0.0,False,False,False,False,False,False,True,False,False,False,False,False,False,False,False,False,False,False,False,False,False,0
374,0.0,488198.5581,5451890.0603,7641.944730022025,0.0,0.0,0.0,False,False,False,False,False,False,True,False,False,False,False,False,False,False,False,False,False,False,False,False,False,0
375,0.0,488198.5581,5452140.0603,7409.91561400745,0.0,0.0,0.0,False,False,False,False,False,False,True,False,False,False,False,False,False,False,False,False,False,False,False,False,False,0
376,0.0,488198.5581,5452390.0603,7179.0932266346435,0.0,0.0,0.0,False,False,False,False,False,False,True,False,False,False,False,False,False,False,False,False,False,False,False,False,False,0
377,1.0,488198.5581,5452640.0603,6949.5978089894825,5.0,1.0,0.0,False,False,False,False,False,False,True,False,False,False,False,False,False,False,False,False,False,False,False,False,False,0
378,1.0,488198.5581,5452890.0603,6721.565283229154,9.0,0.0,1.0,False,False,False,False,False,False,True,False,False,False,False,False,False,False,False,False,False,False,False,False,False,0
379,0.0,488198.5581,5453140.0603,6495.1497293527755,0.0,0.0,0.0,False,False,False,False,False,False,True,False,False,False,False,False,False,False,False,False,False,False,False,False,False,0
380,3.0,488198.5581,5453390.0603,6270.526306197226,14.666666666666666,0.3333333333333333,0.3333333333333333,False,False,False,False,False,False,True,False,False,False,False,False,False,False,False,False,False,False,False,False,False,1
381,0.0,488198.5581,5453640.0603,6047.894700365693,0.0,0.0,0.0,False,False,False,False,False,False,False,False,False,False,False,False,False,False,False,False,False,False,False,False,False,0
382,1.0,488198.5581,5453890.0603,5827.483200894829,10.0,0.0,0.0,False,False,False,False,False,False,False,False,False,False,False,False,False,False,False,False,False,False,False,False,False,0
383,1.0,488198.5581,5454140.0603,5609.553512242436,20.0,1.0,0.0,False,False,False,False,False,False,False,False,False,False,False,False,False,False,False,False,False,False,False,False,False,0
384,0.0,488198.5581,5454390.0603,5394.406432288121,0.0,0.0,0.0,False,False,False,False,False,False,False,False,False,False,False,False,False,False,False,False,False,False,False,False,False,0
385,1.0,488198.5581,5454640.0603,5182.3885329750665,1.0,1.0,0.0,False,False,False,False,False,False,False,False,False,False,False,False,False,False,False,False,False,False,False,False,False,0
386,1.0,488198.5581,5454890.0603,4973.89998459071,19.0,0.0,1.0,False,False,False,False,False,False,False,False,False,False,False,False,False,False,False,False,False,False,False,False,False,0
387,0.0,488198.5581,5455140.0603,4769.40365315324,0.0,0.0,0.0,False,False,False,False,False,False,False,False,False,False,False,False,False,False,False,False,False,False,False,False,False,0
388,0.0,488198.5581,5455390.0603,4569.435562157702,0.0,0.0,0.0,False,False,False,False,False,False,False,False,False,False,False,False,False,False,False,False,False,False,False,False,False,0
389,0.0,488198.5581,5455640.0603,4374.61672683579,0.0,0.0,0.0,False,False,False,False,False,False,False,False,False,False,False,False,False,False,False,False,False,False,False,False,False,0
390,1.0,488198.5581,5455890.0603,4185.666214201927,8.0,0.0,1.0,False,False,False,False,False,False,False,False,False,False,False,False,False,False,False,False,False,False,False,False,False,0
391,0.0,488198.5581,5456140.0603,4003.415018045406,0.0,0.0,0.0,False,False,False,False,False,False,False,False,True,False,False,False,False,False,False,False,False,False,False,False,False,0
392,0.0,488198.5581,5456390.0603,3828.8199169863688,0.0,0.0,0.0,False,False,False,False,False,False,False,False,True,False,False,False,False,False,False,False,False,False,False,False,False,0
393,5.0,488198.5581,5456640.0603,3662.9758539623913,15.2,0.2,0.4,False,False,False,False,False,False,False,False,True,False,False,False,False,False,False,False,False,False,False,False,False,2
394,4.0,488198.5581,5456890.0603,3507.1244997449858,11.0,0.5,0.5,False,False,False,False,False,False,False,False,True,False,False,False,False,False,False,False,False,False,False,False,False,1
395,0.0,488198.5581,5457140.0603,3362.6555587379926,0.0,0.0,0.0,False,False,False,False,False,False,False,False,True,False,False,False,False,False,False,False,False,False,False,False,False,0
396,6.0,488198.5581,5457390.0603,3231.0961849984487,15.833333333333334,0.6666666666666666,0.3333333333333333,False,False,False,False,False,False,False,False,True,False,False,False,False,False,False,False,False,False,False,False,False,2
397,2.0,488198.5581,5457640.0603,3114.082964005862,18.5,0.0,0.0,False,False,False,False,False,False,False,False,True,False,False,False,False,False,False,False,False,False,False,False,False,0
398,1.0,488198.5581,5457890.0603,3013.3109459051084,19.0,0.0,0.0,False,False,False,False,False,False,False,False,True,False,False,False,False,False,False,False,False,False,False,False,False,0
399,0.0,488198.0835934391,5458058.279834601,2955.938500590668,0.0,0.0,0.0,False,False,False,False,False,False,False,False,True,False,False,False,False,False,False,False,False,False,False,False,False,0
400,0.0,488565.8123414185,5450760.322806609,8591.714020408292,0.0,0.0,0.0,False,False,False,False,False,False,True,False,False,False,False,False,False,False,False,False,False,False,False,False,False,0
401,0.0,488499.9840357701,5450925.090193923,8453.06146894063,0.0,0.0,0.0,False,False,False,False,False,False,True,False,False,False,False,False,False,False,False,False,False,False,False,False,False,0
402,0.0,488448.7670569738,5451140.271239744,8263.420945007225,0.0,0.0,0.0,False,False,False,False,False,False,True,False,False,False,False,False,False,False,False,False,False,False,False,False,False,0
403,0.0,488448.5581,5451390.0603,8026.271737656993,0.0,0.0,0.0,False,False,False,False,False,False,True,False,False,False,False,False,False,False,False,False,False,False,False,False,False,0
404,1.0,488448.5581,5451640.0603,7789.6449313631365,0.0,1.0,1.0,False,False,False,False,False,False,True,False,False,False,False,False,False,False,False,False,False,False,False,False,False,0
405,0.0,488448.5581,5451890.0603,7553.879685745029,0.0,0.0,0.0,False,False,False,False,False,False,True,False,False,False,False,False,False,False,False,False,False,False,False,False,False,0
406,1.0,488448.5581,5452140.0603,7319.059260363412,15.0,0.0,0.0,False,False,False,False,False,False,True,False,False,False,False,False,False,False,False,False,False,False,False,False,False,0
407,3.0,488448.5581,5452390.0603,7085.277595600008,9.666666666666666,0.3333333333333333,0.0,False,False,False,False,False,False,True,False,False,False,False,False,False,False,False,False,False,False,False,False,False,1
408,1.0,488448.5581,5452640.0603,6852.641005970722,10.0,0.0,0.0,False,False,False,False,False,False,True,False,False,False,False,False,False,False,False,False,False,False,False,False,False,0
409,0.0,488448.5581,5452890.0603,6621.270188318208,0.0,0.0,0.0,False,False,False,False,False,False,True,False,False,False,False,False,False,False,False,False,False,False,False,False,False,0
410,1.0,488448.5581,5453140.0603,6391.3026103222055,16.0,0.0,0.0,False,False,False,False,False,False,True,False,False,False,False,False,False,False,False,False,False,False,False,False,False,0
411,3.0,488448.5581,5453390.0603,6162.895359059039,4.666666666666667,0.6666666666666666,0.3333333333333333,False,False,False,False,False,False,True,False,False,False,False,False,False,False,False,False,False,False,False,False,False,1
412,13.0,488448.5581,5453640.0603,5936.228546536214,12.23076923076923,0.07692307692307693,0.46153846153846156,False,False,False,False,False,False,False,False,False,False,False,False,False,False,False,False,False,False,False,False,False,2
413,0.0,488448.5581,5453890.0603,5711.509389531935,0.0,0.0,0.0,False,False,False,False,False,False,False,False,False,False,False,False,False,False,False,False,False,False,False,False,False,0
414,1.0,488448.5581,5454140.0603,5488.977104772023,23.0,1.0,0.0,False,False,False,False,False,False,False,False,False,False,False,False,False,False,False,False,False,False,False,False,False,0
415,1.0,488448.5581,5454390.0603,5268.908787093535,20.0,1.0,0.0,False,False,False,False,False,False,False,False,False,False,False,False,False,False,False,False,False,False,False,False,False,0
416,0.0,488448.5581,5454640.0603,5051.626466467159,0.0,0.0,0.0,False,False,False,False,False,False,False,False,False,False,False,False,False,False,False,False,False,False,False,False,False,0
417,1.0,488448.5581,5454890.0603,4837.505566581963,10.0,0.0,0.0,False,False,False,False,False,False,False,False,False,False,False,False,False,False,False,False,False,False,False,False,False,0
418,0.0,488448.5581,5455140.0603,4626.985007184645,0.0,0.0,0.0,False,False,False,False,False,False,False,False,False,False,False,False,False,False,False,False,False,False,False,False,False,0
419,1.0,488448.5581,5455390.0603,4420.579193579897,16.0,0.0,0.0,False,False,False,False,False,False,False,False,False,False,False,False,False,False,False,False,False,False,False,False,False,0
420,2.0,488448.5581,5455640.0603,4218.892100624464,6.0,0.0,1.0,False,False,False,False,False,False,False,False,False,False,False,False,False,False,False,False,False,False,False,False,False,0
421,1.0,488448.5581,5455890.0603,4022.6335536202528,17.0,0.0,0.0,False,False,False,False,False,False,False,False,False,False,False,False,False,False,False,False,False,False,False,False,False,0
422,3.0,488448.5581,5456140.0603,3832.6375848378243,14.0,0.0,0.0,False,False,False,False,False,False,False,False,True,False,False,False,False,False,False,False,False,False,False,False,False,1
423,1.0,488448.5581,5456390.0603,3649.882327789694,1.0,1.0,1.0,False,False,False,False,False,False,False,False,True,False,False,False,False,False,False,False,False,False,False,False,False,0
424,1.0,488448.5581,5456640.0603,3475.5102009218044,19.0,0.0,0.0,False,False,False,False,False,False,False,False,True,False,False,False,False,False,False,False,False,False,False,False,False,0
425,7.0,488448.5581,5456890.0603,3310.8460107216597,14.571428571428571,0.14285714285714285,0.2857142857142857,False,False,False,False,False,False,False,False,True,False,False,False,False,False,False,False,False,False,False,False,False,2
426,3.0,488448.5581,5457140.0603,3157.4089783731747,7.0,1.0,0.3333333333333333,False,False,False,False,False,False,False,False,True,False,False,False,False,False,False,False,False,False,False,False,False,1
427,11.0,488448.5581,5457390.0603,3016.9125951395313,13.818181818181818,0.09090909090909091,0.09090909090909091,False,False,False,False,False,False,False,False,True,False,False,False,False,False,False,False,False,False,False,False,False,2
428,1.0,488448.5581,5457640.0603,2891.243980834469,10.0,0.0,1.0,False,False,False,False,False,False,False,False,True,False,False,False,False,False,False,False,False,False,False,False,False,0
429,0.0,488448.5581,5457890.0603,2782.4129648043895,0.0,0.0,0.0,False,False,False,False,False,False,False,False,True,False,False,False,False,False,False,False,False,False,False,False,False,0
430,0.0,488476.26397436066,5458105.902364104,2677.4342400187143,0.0,0.0,0.0,False,False,False,False,False,False,False,False,True,False,False,False,False,False,False,False,False,False,False,False,False,0
431,0.0,488563.63957327337,5458275.255906165,2541.8705967198284,0.0,0.0,0.0,False,False,False,False,False,False,False,False,True,False,False,False,False,False,False,False,False,False,False,False,False,0
432,0.0,488748.3595664242,5450690.15604642,8609.494246177173,0.0,0.0,0.0,False,False,False,False,False,False,True,False,False,False,False,False,False,False,False,False,False,False,False,False,False,0
433,0.0,488698.5581,5450890.0603,8430.16943819704,0.0,0.0,0.0,False,False,False,False,False,False,True,False,False,False,False,False,False,False,False,False,False,False,False,False,False,0
434,0.0,488698.5581,5451140.0603,8189.95036045466,0.0,0.0,0.0,False,False,False,False,False,False,True,False,False,False,False,False,False,False,False,False,False,False,False,False,False,0
435,1.0,488698.5581,5451390.0603,7950.334399049603,0.0,1.0,0.0,False,False,False,False,False,False,True,False,False,False,False,False,False,False,False,False,False,False,False,False,False,0
436,0.0,488698.5581,5451640.0603,7711.3777761637,0.0,0.0,0.0,False,False,False,False,False,False,True,False,False,False,False,False,False,False,False,False,False,False,False,False,False,0
437,1.0,488698.5581,5451890.0603,7473.143739866872,21.0,1.0,0.0,False,False,False,False,False,False,True,False,False,False,False,False,False,False,False,False,False,False,False,False,False,0
438,3.0,488698.5581,5452140.0603,7235.703663550037,21.666666666666668,1.0,0.3333333333333333,False,False,False,False,False,False,True,False,False,False,False,False,False,False,False,False,False,False,False,False,False,1
439,0.0,488698.5581,5452390.0603,6999.138351019462,0.0,0.0,0.0,False,False,False,False,False,False,True,False,False,False,False,False,False,False,False,False,False,False,False,False,False,0
440,0.0,488698.5581,5452640.0603,6763.5395915682675,0.0,0.0,0.0,False,False,False,False,False,False,True,False,False,False,False,False,False,False,False,False,False,False,False,False,False,0
441,5.0,488698.5581,5452890.0603,6529.0120199545845,14.0,0.4,0.0,False,False,False,False,False,False,True,False,False,False,False,False,False,False,False,False,False,False,False,False,False,2
442,2.0,488698.5581,5453140.0603,6295.675349532523,7.5,0.5,0.0,False,False,False,False,False,False,True,False,False,False,False,False,False,False,False,False,False,False,False,False,False,0
443,22.0,488698.5581,5453390.0603,6063.667063478292,14.636363636363637,0.13636363636363635,0.36363636363636365,False,False,False,False,False,False,True,False,False,False,False,False,False,False,False,False,False,False,False,False,False,2
444,12.0,488698.5581,5453640.0603,5833.145669937573,13.0,0.16666666666666666,0.4166666666666667,False,False,False,False,False,False,False,False,False,False,False,False,False,False,False,False,False,False,False,False,False,2
445,5.0,488698.5581,5453890.0603,5604.294652916767,12.4,0.0,0.0,False,False,False,False,False,False,False,False,False,False,False,False,False,False,False,False,False,False,False,False,False,2
446,0.0,488698.5581,5454140.0603,5377.327282834054,0.0,0.0,0.0,False,False,False,False,False,False,False,False,False,False,False,False,False,False,False,False,False,False,False,False,False,0
447,0.0,488698.5581,5454390.0603,5152.492489728779,0.0,0.0,0.0,False,False,False,False,False,False,False,False,False,False,False,False,False,False,False,False,False,False,False,False,False,0
448,2.0,488698.5581,5454640.0603,4930.082048679462,13.5,0.0,0.5,False,False,False,False,False,False,False,False,False,False,False,False,False,False,False,False,False,False,False,False,False,0
449,1.0,488698.5581,5454890.0603,4710.439380430608,11.0,0.0,0.0,False,False,False,False,False,False,False,False,False,False,False,False,False,False,False,False,False,False,False,False,False,0
450,3.0,488698.5581,5455140.0603,4493.970327751564,12.666666666666666,0.0,0.3333333333333333,False,False,False,False,False,False,False,False,False,False,False,False,False,False,False,False,False,False,False,False,False,1
451,2.0,488698.5581,5455390.0603,4281.156322386687,11.5,1.0,0.5,False,False,False,False,False,False,False,False,False,False,False,False,False,False,False,False,False,False,False,False,False,0
452,1.0,488698.5581,5455640.0603,4072.570393094699,19.0,0.0,0.0,False,False,False,False,False,False,False,False,False,False,False,False,False,False,False,False,False,False,False,False,False,0
453,0.0,488698.5581,5455890.0603,3868.896452053417,0.0,0.0,0.0,False,False,False,False,False,False,False,False,False,False,False,False,False,False,False,False,False,False,False,False,False,0
454,0.0,488698.5538633042,5456140.063416093,3670.952408310903,0.0,0.0,0.0,False,False,False,False,False,False,False,False,True,False,False,False,False,False,False,False,False,False,False,False,False,0
455,0.0,488698.5581,5456390.0603,3479.7155137613663,0.0,0.0,0.0,False,False,False,False,False,False,False,False,True,False,False,False,False,False,False,False,False,False,False,False,False,0
456,2.0,488698.5581,5456640.0603,3296.3540778732395,11.0,0.0,0.5,False,False,False,False,False,False,False,False,True,False,False,False,False,False,False,False,False,False,False,False,False,0
457,43.0,488698.5581,5456890.0603,3122.255652042533,14.279069767441861,0.3023255813953488,0.23255813953488372,False,False,False,False,False,False,False,False,True,False,False,False,False,False,False,False,False,False,False,False,False,2
458,4.0,488698.5581,5457140.0603,2959.0556782040358,9.25,0.25,0.5,False,False,False,False,False,False,False,False,True,False,False,False,False,False,False,False,False,False,False,False,False,1
459,19.0,488698.5581,5457390.0603,2808.6545990405357,15.210526315789474,0.15789473684210525,0.3684210526315789,False,False,False,False,False,False,False,False,True,False,False,False,False,False,False,False,False,False,False,False,False,2
460,3.0,488698.5581,5457640.0603,2673.213572970098,13.0,0.0,0.0,False,False,False,False,False,False,False,False,True,False,False,False,False,False,False,False,False,False,False,False,False,1
461,2.0,488698.5581,5457890.0603,2555.1127091992566,8.5,0.5,0.5,False,False,False,False,False,False,False,False,True,False,False,False,False,False,False,False,False,False,False,False,False,0
462,0.0,488698.5581,5458140.0603,2456.85390422621,0.0,0.0,0.0,False,False,False,False,False,False,False,False,True,False,False,False,False,False,False,False,False,False,False,False,False,0
463,0.0,488730.82263834885,5458358.986656297,2357.9787966466897,0.0,0.0,0.0,False,False,False,False,False,False,False,False,True,False,False,False,False,False,False,False,False,False,False,False,False,0
464,0.0,488811.3748768161,5458527.58386815,2239.0303551904112,0.0,0.0,0.0,False,False,False,False,False,False,False,False,True,False,False,False,False,False,False,False,False,False,False,False,False,0
465,0.0,489052.1010135584,5450255.465121412,8958.86157411907,0.0,0.0,0.0,False,False,False,False,False,False,True,False,False,False,False,False,False,False,False,False,False,False,False,False,False,0
466,0.0,488984.90529607947,5450406.167397659,8826.922762935166,0.0,0.0,0.0,False,False,False,False,False,False,True,False,False,False,False,False,False,False,False,False,False,False,False,False,False,0
467,0.0,488948.6819653885,5450640.183439226,8607.812649501357,0.0,0.0,0.0,False,False,False,False,False,False,True,False,False,False,False,False,False,False,False,False,False,False,False,False,False,0
468,2.0,488948.5581,5450890.0603,8365.377206480973,12.0,0.0,0.5,False,False,False,False,False,False,True,False,False,False,False,False,False,False,False,False,False,False,False,False,False,0
469,1.0,488948.5581,5451140.0603,8123.242330295916,0.0,1.0,0.0,False,False,False,False,False,False,True,False,False,False,False,False,False,False,False,False,False,False,False,False,False,0
470,2.0,488948.5581,5451390.0603,7881.59857558804,17.0,0.0,0.5,False,False,False,False,False,False,True,False,False,False,False,False,False,False,False,False,False,False,False,False,False,0
471,1.0,488948.5581,5451640.0603,7640.492540190811,20.0,1.0,1.0,False,False,False,False,False,False,True,False,False,False,False,False,False,False,False,False,False,False,False,False,False,0
472,0.0,488948.5581,5451890.0603,7399.976784200842,0.0,0.0,0.0,False,False,False,False,False,False,True,False,False,False,False,False,False,False,False,False,False,False,False,False,False,0
473,0.0,488948.5581,5452140.0603,7160.110792209255,0.0,0.0,0.0,False,False,False,False,False,False,True,False,False,False,False,False,False,False,False,False,False,False,False,False,False,0
474,1.0,488948.5581,5452390.0603,6920.962122906862,18.0,0.0,0.0,False,False,False,False,False,False,True,False,False,False,False,False,False,False,False,False,False,False,False,False,False,0
475,2.0,488948.5581,5452640.0603,6682.607788633974,11.5,1.0,0.5,False,False,False,False,False,False,True,False,False,False,False,False,False,False,False,False,False,False,False,False,False,0
476,7.0,488948.5581,5452890.0603,6445.135918404782,18.285714285714285,0.7142857142857143,0.0,False,False,False,False,False,False,True,False,False,False,False,False,False,False,False,False,False,False,False,False,False,2
477,0.0,488948.5581,5453140.0603,6208.647771996046,0.0,0.0,0.0,False,False,False,False,False,False,True,False,False,False,False,False,False,False,False,False,False,False,False,False,False,0
478,0.0,488948.5581,5453390.0603,5973.260190776178,0.0,0.0,0.0,False,False,False,False,False,False,True,False,False,False,False,False,False,False,False,False,False,False,False,False,False,0
479,4.0,488948.5581,5453640.0603,5739.108594260216,12.25,0.5,0.0,False,False,False,False,False,False,False,False,False,False,False,False,False,False,True,False,False,False,False,False,False,1
480,0.0,488948.5581,5453890.0603,5506.350661437345,0.0,0.0,0.0,False,False,False,False,False,False,False,False,False,False,False,False,False,False,True,False,False,False,False,False,False,0
481,0.0,488948.5581,5454140.0603,5275.170874645814,0.0,0.0,0.0,False,False,False,False,False,False,False,False,False,False,False,False,False,False,True,False,False,False,False,False,False,0
482,2.0,488948.5581,5454390.0603,5045.786153486044,15.0,0.5,0.5,False,False,False,False,False,False,False,False,False,False,False,False,False,False,False,False,False,False,False,False,False,0
483,2.0,488948.5581,5454640.0603,4818.452869616086,5.0,0.5,0.5,False,False,False,False,False,False,False,False,False,False,False,False,False,False,False,False,False,False,False,False,False,0
484,0.0,488948.5581,5454890.0603,4593.475612944027,0.0,0.0,0.0,False,False,False,False,False,False,False,False,False,False,False,False,False,False,False,False,False,False,False,False,False,0
485,7.0,488948.5581,5455140.0603,4371.21817766072,11.428571428571429,0.14285714285714285,0.0,False,False,False,False,False,False,False,False,False,False,False,False,False,False,False,False,False,False,False,False,False,2
486,3.0,488948.5581,5455390.0603,4152.117352232655,17.666666666666668,0.3333333333333333,0.3333333333333333,False,False,False,False,False,False,False,False,False,False,False,False,False,False,True,False,False,False,False,False,False,1
487,0.0,488948.5581,5455640.0603,3936.700224389904,0.0,0.0,0.0,False,False,False,False,False,False,False,False,False,False,False,False,False,False,True,False,False,False,False,False,False,0
488,0.0,488948.5581,5455890.0603,3725.605830829602,0.0,0.0,0.0,False,False,False,False,False,False,False,False,False,False,False,False,False,False,True,False,False,False,False,False,False,0
489,2.0,488948.5587428462,5456140.100131484,3519.5793057540395,4.5,0.5,0.5,False,False,False,False,False,False,False,False,False,False,False,False,False,False,True,False,False,False,False,False,False,0
490,5.0,488948.5581,5456390.0603,3319.6685236197213,11.6,0.6,0.4,False,False,False,False,False,False,False,False,True,False,False,False,False,False,False,False,False,False,False,False,False,2
491,5.0,488948.5581,5456640.0603,3126.936081328102,14.0,0.2,0.0,False,False,False,False,False,False,False,False,True,False,False,False,False,False,False,False,False,False,False,False,False,2
492,16.0,488948.5581,5456890.0603,2942.8318685768563,13.6875,0.25,0.1875,False,False,False,False,False,False,False,False,True,False,False,False,False,False,False,False,False,False,False,False,False,2
493,6.0,488948.5581,5457140.0603,2769.0773836625726,12.333333333333334,0.6666666666666666,0.16666666666666666,False,False,False,False,False,False,False,False,True,False,False,False,False,False,False,False,False,False,False,False,False,2
494,52.0,488948.5581,5457390.0603,2607.742262324167,14.134615384615385,0.019230769230769232,0.3076923076923077,False,False,False,False,False,False,False,False,True,False,False,False,False,False,False,False,False,False,False,False,False,2
495,2.0,488948.5581,5457640.0603,2461.2699682707644,14.5,0.5,0.0,False,False,False,False,False,False,False,False,True,False,False,False,False,False,False,False,False,False,False,False,False,0
496,4.0,488948.5581,5457890.0603,2332.4622197822573,18.5,0.75,0.25,False,False,False,False,False,False,False,False,True,False,False,False,False,False,False,False,False,False,False,False,False,1
497,0.0,488948.5581,5458140.0603,2224.389839194466,0.0,0.0,0.0,False,False,False,False,False,False,False,False,True,False,False,False,False,False,False,False,False,False,False,False,False,0
498,0.0,488948.5581,5458390.0603,2140.1963243383975,0.0,0.0,0.0,False,False,False,False,False,False,False,False,True,False,False,False,False,False,False,False,False,False,False,False,False,0
499,0.0,488959.5009942537,5458568.21973728,2085.682235558891,0.0,0.0,0.0,False,False,False,False,False,False,False,False,True,False,False,False,False,False,False,False,False,False,False,False,False,0
500,0.0,489227.98205239914,5450213.3681640625,8963.534270974256,0.0,0.0,0.0,False,False,False,False,False,False,False,False,False,True,False,False,False,False,False,False,False,False,False,False,False,0
501,0.0,489198.5581,5450390.0603,8796.377354156164,0.0,0.0,0.0,False,False,False,False,False,False,False,False,False,True,False,False,False,False,False,False,False,False,False,False,False,0
502,0.0,489198.5581,5450640.0603,8551.82931931592,0.0,0.0,0.0,False,False,False,False,False,False,False,False,False,True,False,False,False,False,False,False,False,False,False,False,False,0
503,0.0,489198.5581,5450890.0603,8307.605843846433,0.0,0.0,0.0,False,False,False,False,False,False,False,False,False,True,False,False,False,False,False,False,False,False,False,False,False,0
504,1.0,489198.5581,5451140.0603,8063.736417239308,4.0,1.0,0.0,False,False,False,False,False,False,False,False,False,True,False,False,False,False,False,False,False,False,False,False,False,0
505,1.0,489198.5581,5451390.0603,7820.254161899818,22.0,1.0,1.0,False,False,False,False,False,False,False,False,False,True,False,False,False,False,False,False,False,False,False,False,False,0
506,4.0,489198.5581,5451640.0603,7577.196401487257,14.25,0.75,0.75,False,False,False,False,False,False,True,False,False,False,False,False,False,False,False,False,False,False,False,False,False,1
507,1.0,489198.5581,5451890.0603,7334.605337488272,8.0,0.0,0.0,False,False,False,False,False,False,True,False,False,False,False,False,False,False,False,False,False,False,False,False,False,0
508,2.0,489198.5581,5452140.0603,7092.5288583629645,12.5,0.0,0.0,False,False,False,False,False,False,True,False,False,False,False,False,False,False,False,False,False,False,False,False,False,0
509,2.0,489198.5581,5452390.0603,6851.021511914224,2.5,1.0,0.0,False,False,False,False,False,False,True,False,False,False,False,False,False,False,False,False,False,False,False,False,False,0
510,0.0,489198.5581,5452640.0603,6610.145679689023,0.0,0.0,0.0,False,False,False,False,False,False,True,False,False,False,False,False,False,False,False,False,False,False,False,False,False,0
511,2.0,489198.5581,5452890.0603,6369.973002824382,11.5,1.0,0.5,False,False,False,False,False,False,True,False,False,False,False,False,False,False,False,False,False,False,False,False,False,0
512,1.0,489198.5581,5453140.0603,6130.586122607811,8.0,0.0,0.0,False,False,False,False,False,False,True,False,False,False,False,False,False,False,False,False,False,False,False,False,False,0
513,1.0,489198.5581,5453390.0603,5892.080817225055,18.0,0.0,1.0,False,False,False,False,False,False,True,False,False,False,False,False,False,False,False,False,False,False,False,False,False,0
514,0.0,489198.5581,5453640.0603,5654.568640198073,0.0,0.0,0.0,False,False,False,False,False,False,False,False,False,False,False,False,False,False,True,False,False,False,False,False,False,0
515,2.0,489198.5581,5453890.0603,5418.180197881156,0.0,1.0,1.0,False,False,False,False,False,False,False,False,False,False,False,False,False,False,True,False,False,False,False,False,False,0
516,2.0,489198.5581,5454140.0603,5183.069245795535,21.0,1.0,0.0,False,False,False,False,False,False,False,False,False,False,False,False,False,False,True,False,False,False,False,False,False,0
517,2.0,489198.5581,5454390.0603,4949.4178401819645,10.0,0.0,0.5,False,False,False,False,False,False,False,False,False,False,False,False,False,False,False,False,False,False,False,False,False,0
518,1.0,489198.5581,5454640.0603,4717.4428567510495,19.0,0.0,0.0,False,False,False,False,False,False,False,False,False,False,False,False,False,False,False,False,False,False,False,False,False,0
519,0.0,489198.5581,5454890.0603,4487.404289420724,0.0,0.0,0.0,False,False,False,False,False,False,False,False,False,False,False,False,False,False,True,False,False,False,False,False,False,0
520,0.0,489198.5581,5455140.0603,4259.615875488249,0.0,0.0,0.0,False,False,False,False,False,False,False,False,False,False,False,False,False,False,True,False,False,False,False,False,False,0
521,0.0,489198.5581,5455390.0603,4034.458768746005,0.0,0.0,0.0,False,False,False,False,False,False,False,False,False,False,False,False,False,False,True,False,False,False,False,False,False,0
522,0.0,489198.5581,5455640.0603,3812.3992061051968,0.0,0.0,0.0,False,False,False,False,False,False,False,False,False,False,False,False,False,False,True,False,False,False,False,False,False,0
523,1.0,489198.5581,5455890.0603,3594.011387949618,18.0,0.0,0.0,False,False,False,False,False,False,False,False,False,False,False,False,False,False,True,False,False,False,False,False,False,0
524,0.0,489198.56496204954,5456140.080285691,3379.98653373803,0.0,0.0,0.0,False,False,False,False,False,False,False,False,False,False,False,False,False,False,True,False,False,False,False,False,False,0
525,1.0,489198.5581,5456390.0603,3171.2739012440334,14.0,0.0,0.0,False,False,False,False,False,False,False,False,True,False,False,False,False,False,False,False,False,False,False,False,False,0
526,0.0,489198.5581,5456640.0603,2968.92376236096,0.0,0.0,0.0,False,False,False,False,False,False,False,False,True,False,False,False,False,False,False,False,False,False,False,False,False,0
527,6.0,489198.5581,5456890.0603,2774.3537007223076,8.833333333333334,0.8333333333333334,0.5,False,False,False,False,False,False,False,False,True,False,False,False,False,False,False,False,False,False,False,False,False,2
528,11.0,489198.5581,5457140.0603,2589.318174097492,15.090909090909092,0.2727272727272727,0.45454545454545453,False,False,False,False,False,False,False,False,True,False,False,False,False,False,False,False,False,False,False,False,False,2
529,11.0,489198.5581,5457390.0603,2416.0088486409927,14.090909090909092,0.0,0.09090909090909091,False,False,False,False,False,False,False,False,True,False,False,False,False,False,False,False,False,False,False,False,False,2
530,10.0,489198.5581,5457640.0603,2257.1284648224128,10.7,0.3,0.2,False,False,False,False,False,False,False,False,True,False,False,False,False,False,False,False,False,False,False,False,False,2
531,4.0,489198.5581,5457890.0603,2115.9298326531502,12.75,0.0,0.25,False,False,False,False,False,False,False,False,True,False,False,False,False,False,False,False,False,False,False,False,False,1
532,3.0,489198.5581,5458140.0603,1996.1686318323893,9.666666666666666,0.3333333333333333,0.3333333333333333,False,False,False,False,False,False,False,False,True,False,False,False,False,False,False,False,False,False,False,False,False,1
533,0.0,489198.5581,5458390.0603,1901.8988818314183,0.0,0.0,0.0,False,False,False,False,False,False,False,False,True,False,False,False,False,False,False,False,False,False,False,False,False,0
534,0.0,489198.5478562114,5458571.614741739,1851.6867326456945,0.0,0.0,0.0,False,False,False,False,False,False,False,False,True,False,False,False,False,False,False,False,False,False,False,False,False,0
535,0.0,489320.60714890447,5459511.637733357,1755.6006147485512,0.0,0.0,0.0,False,False,False,False,False,False,False,False,False,False,False,False,False,False,False,False,False,False,False,True,False,0
536,0.0,489300.7825505309,5459580.601255654,1795.6719518463378,0.0,0.0,0.0,False,False,False,False,False,False,False,False,False,False,False,False,False,False,False,False,False,False,False,True,False,0
537,0.0,489458.6747425278,5450152.955130844,8980.305477330638,0.0,0.0,0.0,False,False,False,False,False,False,False,False,False,True,False,False,False,False,False,False,False,False,False,False,False,0
538,1.0,489448.5581,5450390.0603,8748.60180867271,10.0,0.0,0.0,False,False,False,False,False,False,False,False,False,True,False,False,False,False,False,False,False,False,False,False,False,0
539,0.0,489448.5581,5450640.0603,8502.67979855242,0.0,0.0,0.0,False,False,False,False,False,False,False,False,False,True,False,False,False,False,False,False,False,False,False,False,False,0
540,1.0,489448.5581,5450890.0603,8257.002719311133,17.0,0.0,0.0,False,False,False,False,False,False,False,False,False,True,False,False,False,False,False,False,False,False,False,False,False,0
541,2.0,489448.5581,5451140.0603,8011.593103541358,13.5,1.0,0.5,False,False,False,False,False,False,False,False,False,True,False,False,False,False,False,False,False,False,False,False,False,0
542,1.0,489448.5581,5451390.0603,7766.4763056814545,17.0,0.0,0.0,False,False,False,False,False,False,False,False,False,True,False,False,False,False,False,False,False,False,False,False,False,0
543,0.0,489448.5581,5451640.0603,7521.680952866284,0.0,0.0,0.0,False,False,False,False,False,False,False,False,False,True,False,False,False,False,False,False,False,False,False,False,False,0
544,2.0,489448.5581,5451890.0603,7277.239483946606,20.5,0.5,0.5,False,False,False,False,False,False,True,False,False,False,False,False,False,False,False,False,False,False,False,False,False,0
545,1.0,489448.5581,5452140.0603,7033.188797175252,3.0,1.0,1.0,False,False,False,False,False,False,True,False,False,False,False,False,False,False,False,False,False,False,False,False,False,0
546,1.0,489448.5581,5452390.0603,6789.571032599296,4.0,1.0,0.0,False,False,False,False,False,False,True,False,False,False,False,False,False,False,False,False,False,False,False,False,False,0
547,2.0,489448.5581,5452640.0603,6546.434522448955,14.5,0.0,0.5,False,False,False,False,False,False,True,False,False,False,False,False,False,False,False,False,False,False,False,False,False,0
548,1.0,489448.5581,5452890.0603,6303.834952369191,23.0,1.0,1.0,False,False,False,False,False,False,True,False,False,False,False,False,False,False,False,False,False,False,False,False,False,0
549,1.0,489448.5581,5453140.0603,6061.836789019603,19.0,0.0,0.0,False,False,False,False,False,False,True,False,False,False,False,False,False,False,False,False,False,False,False,False,False,0
550,0.0,489448.5581,5453390.0603,5820.515046515342,0.0,0.0,0.0,False,False,False,False,False,False,True,False,False,False,False,False,False,False,False,False,False,False,False,False,False,0
551,0.0,489448.5581,5453640.0603,5579.957486998579,0.0,0.0,0.0,False,False,False,False,False,False,False,False,False,False,False,False,False,False,True,False,False,False,False,False,False,0
552,0.0,489448.5581,5453890.0603,5340.267381574775,0.0,0.0,0.0,False,False,False,False,False,False,False,False,False,False,False,False,False,False,True,False,False,False,False,False,False,0
553,1.0,489448.5581,5454140.0603,5101.567000119817,18.0,0.0,0.0,False,False,False,False,False,False,False,False,False,False,False,False,False,False,True,False,False,False,False,False,False,0
554,0.0,489448.5581,5454390.0603,4864.002056610535,0.0,0.0,0.0,False,False,False,False,False,False,False,False,False,False,False,False,False,False,True,False,False,False,False,False,False,0
555,4.0,489448.5581,5454640.0603,4627.747417125476,14.0,0.5,0.5,False,False,False,False,False,False,False,False,False,False,False,False,False,False,True,False,False,False,False,False,False,1
556,3.0,489448.5581,5454890.0603,4393.014489699701,11.333333333333334,0.6666666666666666,0.6666666666666666,False,False,False,False,False,False,False,False,False,False,False,False,False,False,True,False,False,False,False,False,False,1
557,0.0,489448.5581,5455140.0603,4160.060871755549,0.0,0.0,0.0,False,False,False,False,False,False,False,False,False,False,False,False,False,False,True,False,False,False,False,False,False,0
558,0.0,489448.5581,5455390.0603,3929.2030498195863,0.0,0.0,0.0,False,False,False,False,False,False,False,False,False,False,False,False,False,False,True,False,False,False,False,False,False,0
559,0.0,489448.5581,5455640.0603,3700.833251676107,0.0,0.0,0.0,False,False,False,False,False,False,False,False,False,False,False,False,False,False,True,False,False,False,False,False,False,0
560,0.0,489448.5581,5455890.0603,3475.441972859215,0.0,0.0,0.0,False,False,False,False,False,False,False,False,False,False,False,False,False,False,True,False,False,False,False,False,False,0
561,1.0,489448.5589095116,5456140.060975583,3253.647288910946,17.0,0.0,1.0,False,False,True,False,False,False,False,False,False,False,False,False,False,False,False,False,False,False,False,False,False,0
562,1.0,489448.5581,5456390.0603,3036.240637155027,0.0,1.0,1.0,False,False,True,False,False,False,False,False,False,False,False,False,False,False,False,False,False,False,False,False,False,0
563,0.0,489448.5581,5456640.0603,2824.232171177074,0.0,0.0,0.0,False,False,True,False,False,False,False,False,False,False,False,False,False,False,False,False,False,False,False,False,False,0
564,52.0,489448.5581,5456890.0603,2618.9344219952463,16.23076923076923,0.4230769230769231,0.25,False,False,True,False,False,False,False,False,False,False,False,False,False,False,False,False,False,False,False,False,False,2
565,9.0,489448.5581,5457140.0603,2422.054428932509,13.0,0.3333333333333333,0.6666666666666666,False,False,True,False,False,False,False,False,False,False,False,False,False,False,False,False,False,False,False,False,False,2
566,3.0,489448.5581,5457390.0603,2235.8170333709304,13.666666666666666,0.0,0.3333333333333333,False,False,True,False,False,False,False,False,False,False,False,False,False,False,False,False,False,False,False,False,False,1
567,5.0,489448.56420042744,5457639.937825303,2063.182531730526,11.2,0.2,0.0,False,False,True,False,False,False,False,False,False,False,False,False,False,False,False,False,False,False,False,False,False,2
568,3.0,489448.4805815922,5457890.257152658,1907.548608272761,4.666666666666667,0.6666666666666666,0.0,False,False,False,False,False,False,False,False,True,False,False,False,False,False,False,False,False,False,False,False,False,1
569,0.0,489448.5581,5458140.0603,1773.828699934581,0.0,0.0,0.0,False,False,False,False,False,False,False,False,True,False,False,False,False,False,False,False,False,False,False,False,False,0
570,0.0,489448.5581,5458390.0603,1667.0328151274082,0.0,0.0,0.0,False,False,False,False,False,False,False,False,True,False,False,False,False,False,False,False,False,False,False,False,False,0
571,0.0,489425.54662700515,5458560.492166841,1634.646921858849,0.0,0.0,0.0,False,False,False,False,False,False,False,False,True,False,False,False,False,False,False,False,False,False,False,False,False,0
572,0.0,489533.8324519517,5458950.41706197,1467.0057077917986,0.0,0.0,0.0,False,False,False,False,False,False,False,False,False,False,False,False,False,False,False,False,False,False,False,True,False,0
573,0.0,489497.92104547087,5459142.4761437075,1508.8209427115935,0.0,0.0,0.0,False,False,False,False,False,False,False,False,False,False,False,False,False,False,False,False,False,False,False,True,False,0
574,0.0,489481.52117159683,5459402.721122534,1570.9749376879672,0.0,0.0,0.0,False,False,False,False,False,False,False,False,False,False,False,False,False,False,False,False,False,False,False,True,False,0
575,1.0,489458.4972229689,5459630.153848309,1665.3302027325751,21.0,1.0,0.0,False,False,False,False,False,False,False,False,False,False,False,False,False,False,False,False,False,False,False,True,False,0
576,0.0,489527.7194569938,5459811.25059611,1680.9930181303848,0.0,0.0,0.0,False,False,False,False,False,False,False,False,False,False,False,False,False,False,False,False,False,False,False,True,False,0
577,0.0,489698.5581,5450140.0603,8955.014377805957,0.0,0.0,0.0,False,False,False,False,False,False,False,False,False,True,False,False,False,False,False,False,False,False,False,False,False,0
578,3.0,489698.5581,5450390.0603,8707.744406946695,12.0,0.6666666666666666,0.6666666666666666,False,False,False,False,False,False,False,False,False,True,False,False,False,False,False,False,False,False,False,False,False,1
579,11.0,489698.5581,5450640.0603,8460.634893831044,16.727272727272727,0.45454545454545453,0.45454545454545453,False,False,False,False,False,False,False,False,False,True,False,False,False,False,False,False,False,False,False,False,False,2
580,30.0,489698.5581,5450890.0603,8213.70032060529,12.0,0.13333333333333333,0.1,False,False,False,False,False,False,False,False,False,True,False,False,False,False,False,False,False,False,False,False,False,2
581,9.0,489698.5581,5451140.0603,7966.95695398886,13.333333333333334,0.4444444444444444,0.2222222222222222,False,False,False,False,False,False,False,False,False,True,False,False,False,False,False,False,False,False,False,False,False,2
582,1.0,489698.5581,5451390.0603,7720.423126792434,3.0,1.0,0.0,False,False,False,False,False,False,False,False,False,True,False,False,False,False,False,False,False,False,False,False,False,0
583,4.0,489698.5581,5451640.0603,7474.119574017495,14.25,0.0,0.25,False,False,False,False,False,False,False,False,False,True,False,False,False,False,False,False,False,False,False,False,False,1
584,2.0,489698.5581,5451890.0603,7228.069836181127,15.5,0.0,0.5,False,False,False,False,False,False,True,False,False,False,False,False,False,False,False,False,False,False,False,False,False,0
585,5.0,489698.5581,5452140.0603,6982.300745936935,9.2,0.2,0.4,False,False,False,False,False,False,True,False,False,False,False,False,False,False,False,False,False,False,False,False,False,2
586,1.0,489698.5581,5452390.0603,6736.843018559322,8.0,0.0,0.0,False,False,False,False,False,False,True,False,False,False,False,False,False,False,False,False,False,False,False,False,False,0
587,3.0,489698.5581,5452640.0603,6491.731972802904,14.0,0.0,0.3333333333333333,False,False,False,False,False,False,True,False,False,False,False,False,False,False,False,False,False,False,False,False,False,1
588,1.0,489698.5581,5452890.0603,6247.008416571207,16.0,0.0,1.0,False,False,False,False,False,False,True,False,False,False,False,False,False,False,False,False,False,False,False,False,False,0
589,0.0,489698.5581,5453140.0603,6002.719742476031,0.0,0.0,0.0,False,False,False,False,False,False,True,False,False,False,False,False,False,False,False,False,False,False,False,False,False,0
590,3.0,489698.5581,5453390.0603,5758.921292804018,8.666666666666666,0.3333333333333333,0.0,False,False,False,False,False,False,True,False,False,False,False,False,False,False,False,False,False,False,False,False,False,1
591,1.0,489698.5581,5453640.0603,5515.678073157597,11.0,0.0,0.0,False,False,False,False,False,False,False,False,False,False,False,False,False,False,True,False,False,False,False,False,False,0
592,1.0,489698.5581,5453890.0603,5273.066921319272,17.0,0.0,0.0,False,False,False,False,False,False,False,False,False,False,False,False,False,False,True,False,False,False,False,False,False,0
593,0.0,489698.5581,5454140.0603,5031.179275946299,0.0,0.0,0.0,False,False,False,False,False,False,False,False,False,False,False,False,False,False,True,False,False,False,False,False,False,0
594,1.0,489698.5581,5454390.0603,4790.124743335138,19.0,0.0,0.0,False,False,False,False,False,False,False,False,False,False,False,False,False,False,True,False,False,False,False,False,False,0
595,0.0,489698.5581,5454640.0603,4550.035736860924,0.0,0.0,0.0,False,False,False,False,False,False,False,False,False,False,False,False,False,False,True,False,False,False,False,False,False,0
596,1.0,489698.5581,5454890.0603,4311.07357356744,21.0,1.0,0.0,False,False,False,False,False,False,False,False,False,False,False,False,False,False,True,False,False,False,False,False,False,0
597,0.0,489698.5581,5455140.0603,4073.436572074192,0.0,0.0,0.0,False,False,False,False,False,False,False,False,False,False,False,False,False,False,True,False,False,False,False,False,False,0
598,0.0,489698.5581,5455390.0603,3837.3709303000082,0.0,0.0,0.0,False,False,False,False,False,False,False,False,False,False,False,False,False,False,True,False,False,False,False,False,False,0
599,0.0,489698.5581,5455640.0603,3603.1855082290112,0.0,0.0,0.0,False,False,False,False,False,False,False,False,False,False,False,False,False,False,True,False,False,False,False,False,False,0
600,0.0,489698.5581,5455890.0603,3371.2721570219696,0.0,0.0,0.0,False,False,False,False,False,False,False,False,False,False,False,False,False,False,True,False,False,False,False,False,False,0
601,3.0,489698.5581,5456140.0603,3142.134005212313,18.0,0.3333333333333333,0.0,False,False,True,False,False,False,False,False,False,False,False,False,False,False,False,False,False,False,False,False,False,1
602,6.0,489698.5581,5456390.0603,2916.4252530643703,12.166666666666666,0.3333333333333333,0.5,False,False,True,False,False,False,False,False,False,False,False,False,False,False,False,False,False,False,False,False,False,2
603,3.0,489698.5581,5456640.0603,2695.0076821247803,18.333333333333332,0.3333333333333333,0.3333333333333333,False,False,True,False,False,False,False,False,False,False,False,False,False,False,False,False,False,False,False,False,False,1
604,7.0,489698.5581,5456890.0603,2479.031374692863,10.571428571428571,0.2857142857142857,0.5714285714285714,False,False,True,False,False,False,False,False,False,False,False,False,False,False,False,False,False,False,False,False,False,2
605,9.0,489698.5581,5457140.0603,2270.049934849803,13.0,0.3333333333333333,0.2222222222222222,False,False,True,False,False,False,False,False,False,False,False,False,False,False,False,False,False,False,False,False,False,2
606,7.0,489698.5581,5457390.0603,2070.182807558695,13.428571428571429,0.0,0.14285714285714285,False,False,True,False,False,False,False,False,False,False,False,False,False,False,False,False,False,False,False,False,False,2
607,3.0,489698.5581,5457640.0603,1882.3355191653814,10.333333333333334,0.3333333333333333,1.0,False,False,True,False,False,False,False,False,False,False,False,False,False,False,False,False,False,False,False,False,False,1
608,0.0,489698.5581,5457890.0603,1710.4727874805878,0.0,0.0,0.0,False,False,True,False,False,False,False,False,False,False,False,False,False,False,False,False,False,False,False,False,False,0
609,0.0,489698.5581,5458140.0603,1559.8869531833445,0.0,0.0,0.0,False,False,False,False,False,False,False,False,True,False,False,False,False,False,False,False,False,False,False,False,False,0
610,0.0,489700.80911656766,5458382.358633207,1438.5332146208636,0.0,0.0,0.0,False,False,False,False,False,False,False,False,True,False,False,False,False,False,False,False,False,False,False,False,False,0
611,0.0,489735.6285406959,5458648.558256016,1312.3057900189542,0.0,0.0,0.0,False,False,False,False,False,False,False,False,False,False,False,False,False,False,False,False,False,False,False,True,False,0
612,6.0,489700.3401454041,5458891.729245344,1304.1619124794183,14.333333333333334,0.0,0.3333333333333333,False,False,False,False,False,False,False,False,False,False,False,False,False,False,False,False,False,False,False,True,False,2
613,9.0,489698.5581,5459140.0603,1308.9568009341033,13.11111111111111,0.4444444444444444,0.5555555555555556,False,False,False,False,False,False,False,False,False,False,False,False,False,False,False,False,False,False,False,True,False,2
614,19.0,489698.5581,5459390.0603,1358.6383097468022,15.473684210526315,0.2631578947368421,0.2631578947368421,False,False,False,False,False,False,False,False,False,False,False,False,False,False,False,False,False,False,False,True,False,2
615,9.0,489698.5581,5459640.0603,1450.3200359615987,14.333333333333334,0.2222222222222222,0.2222222222222222,False,False,False,False,False,False,False,False,False,False,False,False,False,False,False,False,False,False,False,True,False,2
616,9.0,489708.1966266905,5459880.452696196,1563.3147173657148,9.88888888888889,0.2222222222222222,0.3333333333333333,False,False,False,False,False,False,False,False,False,False,False,False,False,False,False,False,False,False,False,True,False,2
617,0.0,489769.9812762734,5460030.941091202,1604.9254170357106,0.0,0.0,0.0,False,False,False,False,False,False,False,False,False,False,False,False,False,False,False,False,False,False,False,True,False,0
618,3.0,489948.5581,5450140.0603,8922.110824054555,13.333333333333334,0.6666666666666666,0.3333333333333333,False,False,False,False,False,False,False,False,False,True,False,False,False,False,False,False,False,False,False,False,False,1
619,7.0,489948.5581,5450390.0603,8673.90291084189,12.285714285714286,0.14285714285714285,0.14285714285714285,False,False,False,False,False,False,False,False,False,True,False,False,False,False,False,False,False,False,False,False,False,2
620,5.0,489948.5581,5450640.0603,8425.800962324676,10.0,0.4,0.2,False,False,False,False,False,False,False,False,False,True,False,False,False,False,False,False,False,False,False,False,False,2
621,3.0,489948.5581,5450890.0603,8177.814622911886,12.666666666666666,0.3333333333333333,0.6666666666666666,False,False,False,False,False,False,False,False,False,True,False,False,False,False,False,False,False,False,False,False,False,1
622,0.0,489948.5581,5451140.0603,7929.954738629437,0.0,0.0,0.0,False,False,False,False,False,False,False,False,False,True,False,False,False,False,False,False,False,False,False,False,False,0
623,0.0,489948.5581,5451390.0603,7682.233549346926,0.0,0.0,0.0,False,False,False,False,False,False,False,False,False,True,False,False,False,False,False,False,False,False,False,False,False,0
624,2.0,489948.5581,5451640.0603,7434.664918926171,10.5,0.5,0.5,False,False,False,False,False,False,False,False,False,True,False,False,False,False,False,False,False,False,False,False,False,0
625,0.0,489948.5581,5451890.0603,7187.264612264633,0.0,0.0,0.0,False,False,False,False,False,False,False,False,False,False,False,True,False,False,False,False,False,False,False,False,False,0
626,2.0,489948.5581,5452140.0603,6940.050630702307,14.0,0.5,0.0,False,False,False,False,False,False,False,False,False,False,False,True,False,False,False,False,False,False,False,False,False,0
627,0.0,489948.5581,5452390.0603,6693.043620559446,0.0,0.0,0.0,False,False,False,False,False,False,False,False,False,False,False,True,False,False,False,False,False,False,False,False,False,0
628,0.0,489948.5581,5452640.0603,6446.26737397011,0.0,0.0,0.0,False,False,False,False,False,False,False,False,False,False,False,True,False,False,False,False,False,False,False,False,False,0
629,1.0,489948.5581,5452890.0603,6199.749447091512,7.0,0.0,0.0,False,False,False,False,False,False,False,False,False,False,False,True,False,False,False,False,False,False,False,False,False,0
630,0.0,489948.5581,5453140.0603,5953.521928800759,0.0,0.0,0.0,False,False,False,False,False,False,False,False,False,False,False,True,False,False,False,False,False,False,False,False,False,0
631,2.0,489948.5581,5453390.0603,5707.622404006025,15.0,0.0,0.0,False,False,False,False,False,False,False,False,False,False,False,True,False,False,False,False,False,False,False,False,False,0
632,3.0,489948.5581,5453640.0603,5462.095170967961,13.333333333333334,0.6666666666666666,0.3333333333333333,False,False,False,False,False,False,False,False,False,False,False,False,False,False,True,False,False,False,False,False,False,1
633,3.0,489948.5581,5453890.0603,5216.992793431052,12.0,0.0,0.0,False,False,False,False,False,False,False,False,False,False,False,False,False,False,True,False,False,False,False,False,False,1
634,1.0,489948.5581,5454140.0603,4972.378098728166,14.0,0.0,0.0,False,False,False,False,False,False,False,False,False,False,False,False,False,False,True,False,False,False,False,False,False,0
635,3.0,489948.5581,5454390.0603,4728.326776642191,10.0,0.6666666666666666,0.0,False,False,False,False,False,False,False,False,False,False,False,False,False,False,True,False,False,False,False,False,False,1
636,2.0,489948.5581,5454640.0603,4484.930797315778,17.0,0.5,0.0,False,False,False,False,False,False,False,False,False,False,False,False,False,False,True,False,False,False,False,False,False,0
637,2.0,489948.5581,5454890.0603,4242.3029602695215,14.0,0.5,0.5,False,False,False,False,False,False,False,False,False,False,False,False,False,False,True,False,False,False,False,False,False,0
638,1.0,489948.5581,5455140.0603,4000.58302709887,20.0,1.0,0.0,False,False,False,False,False,False,False,False,False,False,False,False,False,False,True,False,False,False,False,False,False,0
639,2.0,489948.5581,5455390.0603,3759.946104229629,1.0,1.0,0.5,False,False,False,False,False,False,False,False,False,False,False,False,False,False,True,False,False,False,False,False,False,0
640,1.0,489948.5581,5455640.0603,3520.614272639303,4.0,1.0,0.0,False,False,False,False,False,False,False,False,False,False,False,False,False,False,True,False,False,False,False,False,False,0
641,1.0,489948.5581,5455890.0603,3282.8729805936105,12.0,0.0,0.0,False,False,False,False,False,False,False,False,False,False,False,False,False,False,True,False,False,False,False,False,False,0
642,6.0,489948.5548124398,5456140.075529161,3047.081384103124,12.0,0.3333333333333333,0.3333333333333333,False,False,True,False,False,False,False,False,False,False,False,False,False,False,False,False,False,False,False,False,False,2
643,17.0,489948.5581,5456390.0603,2813.7724333555457,11.882352941176471,0.29411764705882354,0.35294117647058826,False,False,True,False,False,False,False,False,False,False,False,False,False,False,False,False,False,False,False,False,False,2
644,30.0,489948.5581,5456640.0603,2583.572227887503,12.566666666666666,0.23333333333333334,0.4,False,False,True,False,False,False,False,False,False,False,False,False,False,False,False,False,False,False,False,False,False,2
645,14.0,489948.5581,5456890.0603,2357.4086634929463,10.071428571428571,0.21428571428571427,0.42857142857142855,False,False,True,False,False,False,False,False,False,False,False,False,False,False,False,False,False,False,False,False,False,2
646,5.0,489948.5581,5457140.0603,2136.5640071646826,15.0,0.4,0.2,False,False,True,False,False,False,False,False,False,False,False,False,False,False,False,False,False,False,False,False,False,2
647,0.0,489948.5581,5457390.0603,1922.8717863424,0.0,0.0,0.0,False,False,True,False,False,False,False,False,False,False,False,False,False,False,False,False,False,False,False,False,False,0
648,0.0,489948.5581,5457640.0603,1719.0014708288118,0.0,0.0,0.0,False,False,True,False,False,False,False,False,False,False,False,False,False,False,False,False,False,False,False,False,False,0
649,0.0,489948.5581,5457890.0603,1528.8872446036116,0.0,0.0,0.0,False,False,True,False,False,False,False,False,False,False,False,False,False,False,False,False,False,False,False,False,False,0
650,0.0,489948.5581,5458140.0603,1358.3174727255882,0.0,0.0,0.0,False,False,False,False,False,False,False,False,False,False,False,False,False,False,False,False,False,False,False,True,False,0
651,0.0,489948.5581,5458390.0603,1215.5478216473573,0.0,0.0,0.0,False,False,False,False,False,False,False,False,False,False,False,False,False,False,False,False,False,False,False,True,False,0
652,5.0,489948.5581,5458640.0603,1111.3445265585472,17.8,0.2,0.4,False,False,False,False,False,False,False,False,False,False,False,False,False,False,False,False,False,False,False,True,False,2
653,7.0,489948.5581,5458890.0603,1057.1739718285007,15.142857142857142,0.42857142857142855,0.2857142857142857,False,False,False,False,False,False,False,False,False,False,False,False,False,False,False,False,False,False,False,True,False,2
654,74.0,489948.5581,5459140.0603,1060.7294455758515,12.635135135135135,0.17567567567567569,0.33783783783783783,False,False,False,False,False,False,False,False,False,False,False,False,False,False,False,False,False,False,False,True,False,2
655,6.0,489948.5581,5459390.0603,1121.46203979968,10.833333333333334,0.3333333333333333,0.16666666666666666,False,False,False,False,False,False,False,False,False,False,False,False,False,False,False,False,False,False,False,True,False,2
656,48.0,489948.5581,5459640.0603,1230.9375519138512,14.270833333333334,0.375,0.2708333333333333,False,False,False,False,False,False,False,False,False,False,False,False,False,False,False,False,False,False,False,True,False,2
657,15.0,489948.5581,5459890.0603,1377.583901877367,12.133333333333333,0.13333333333333333,0.6,False,False,False,False,False,False,False,False,False,False,False,False,False,False,False,False,False,False,False,True,False,2
658,2.0,489980.0733776283,5460073.711316285,1480.9140102451745,9.0,0.0,0.0,False,False,False,False,False,False,False,False,False,False,False,False,False,False,False,False,False,False,False,True,False,0
659,4.0,490198.5581,5450140.0603,8896.113792365262,14.25,0.25,0.25,False,False,False,False,False,False,False,False,False,True,False,False,False,False,False,False,False,False,False,False,False,1
660,5.0,490198.5581,5450390.0603,8647.159693027037,13.8,0.4,0.6,False,False,False,False,False,False,False,False,False,True,False,False,False,False,False,False,False,False,False,False,False,2
661,4.0,490198.5581,5450640.0603,8398.267732497665,11.75,0.25,0.0,False,False,False,False,False,False,False,False,False,True,False,False,False,False,False,False,False,False,False,False,False,1
662,3.0,490198.5581,5450890.0603,8149.443604118717,7.666666666666667,0.6666666666666666,0.6666666666666666,False,False,False,False,False,False,False,False,False,True,False,False,False,False,False,False,False,False,False,False,False,1
663,2.0,490198.5581,5451140.0603,7900.693716801802,9.5,0.5,1.0,False,False,False,False,False,False,False,False,False,True,False,False,False,False,False,False,False,False,False,False,False,0
664,3.0,490198.5581,5451390.0603,7652.025310773056,8.333333333333334,0.3333333333333333,0.3333333333333333,False,False,False,False,False,False,False,False,False,True,False,False,False,False,False,False,False,False,False,False,False,1
665,0.0,490198.5581,5451640.0603,7403.446596465155,0.0,0.0,0.0,False,False,False,False,False,False,False,False,False,True,False,False,False,False,False,False,False,False,False,False,False,0
666,0.0,490198.5581,5451890.0603,7154.966922125601,0.0,0.0,0.0,False,False,False,False,False,False,False,False,False,False,False,True,False,False,False,False,False,False,False,False,False,0
667,2.0,490198.5581,5452140.0603,6906.59697729001,17.5,0.0,0.5,False,False,False,False,False,False,False,False,False,False,False,True,False,False,False,False,False,False,False,False,False,0
668,0.0,490198.5581,5452390.0603,6658.349041369903,0.0,0.0,0.0,False,False,False,False,False,False,False,False,False,False,False,True,False,False,False,False,False,False,False,False,False,0
669,0.0,490198.5581,5452640.0603,6410.237289423186,0.0,0.0,0.0,False,False,False,False,False,False,False,False,False,False,False,True,False,False,False,False,False,False,False,False,False,0
670,0.0,490198.5581,5452890.0603,6162.278170994192,0.0,0.0,0.0,False,False,False,False,False,False,False,False,False,False,False,True,False,False,False,False,False,False,False,False,False,0
671,2.0,490198.5581,5453140.0603,5914.49088313707,8.0,0.5,0.0,False,False,False,False,False,False,False,False,False,False,False,True,False,False,False,False,False,False,False,False,False,0
672,0.0,490198.5581,5453390.0603,5666.8979659697,0.0,0.0,0.0,False,False,False,False,False,False,False,False,False,False,False,True,False,False,False,False,False,False,False,False,False,0
673,0.0,490198.5581,5453640.0603,5419.52605923355,0.0,0.0,0.0,False,False,False,False,False,False,False,False,False,False,False,False,False,False,True,False,False,False,False,False,False,0
674,1.0,490198.5581,5453890.0603,5172.406872695877,19.0,0.0,0.0,False,False,False,False,False,False,False,False,False,False,False,False,False,False,True,False,False,False,False,False,False,0
675,0.0,490198.5581,5454140.0603,4925.578443869465,0.0,0.0,0.0,False,False,False,False,False,False,False,False,False,False,False,False,False,False,True,False,False,False,False,False,False,0
676,0.0,490198.5581,5454390.0603,4679.086786618896,0.0,0.0,0.0,False,False,False,False,False,False,False,False,False,False,False,False,False,False,True,False,False,False,False,False,False,0
677,0.0,490198.5581,5454640.0603,4432.988078791951,0.0,0.0,0.0,False,False,False,False,False,False,False,False,False,False,False,False,False,False,True,False,False,False,False,False,False,0
678,0.0,490198.5581,5454890.0603,4187.351604142117,0.0,0.0,0.0,False,False,False,False,False,False,False,False,False,False,False,False,False,False,True,False,False,False,False,False,False,0
679,2.0,490198.5581,5455140.0603,3942.2637667603585,6.0,0.5,0.0,False,False,False,False,False,False,False,False,False,False,False,False,False,False,True,False,False,False,False,False,False,0
680,0.0,490198.5581,5455390.0603,3697.833657252794,0.0,0.0,0.0,False,False,False,False,False,False,False,False,False,False,False,False,False,False,True,False,False,False,False,False,False,0
681,0.0,490198.5581,5455640.0603,3454.200907114637,0.0,0.0,0.0,False,False,False,False,False,False,False,False,False,False,False,False,False,False,True,False,False,False,False,False,False,0
682,3.0,490198.5581,5455890.0603,3211.546988090255,18.666666666666668,0.6666666666666666,0.3333333333333333,False,False,False,False,False,False,False,False,False,False,False,False,False,False,True,False,False,False,False,False,False,1
683,1.0,490198.5446058436,5456140.065010467,2970.1109227063753,2.0,1.0,1.0,False,False,True,False,False,False,False,False,False,False,False,False,False,False,False,False,False,False,False,False,False,0
684,7.0,490198.5581,5456390.0603,2730.218737887424,9.857142857142858,0.42857142857142855,0.7142857142857143,False,False,True,False,False,False,False,False,False,False,False,False,False,False,False,False,False,False,False,False,False,2
685,12.0,490198.5581,5456640.0603,2492.3130836055902,15.833333333333334,0.25,0.3333333333333333,False,False,True,False,False,False,False,False,False,False,False,False,False,False,False,False,False,False,False,False,False,2
686,4.0,490198.5581,5456890.0603,2257.023406327815,13.75,0.75,0.0,False,False,True,False,False,False,False,False,False,False,False,False,False,False,False,False,False,False,False,False,False,1
687,3.0,490198.5581,5457140.0603,2025.2616637638746,18.0,0.6666666666666666,0.0,False,False,True,False,False,False,False,False,False,False,False,False,False,False,False,False,False,False,False,False,False,1
688,9.0,490198.5581,5457390.0603,1798.3923255818302,13.11111111111111,0.0,0.4444444444444444,False,False,True,False,False,False,False,False,False,False,False,False,False,False,False,False,False,False,False,False,False,2
689,30.0,490198.5581,5457640.0603,1578.526245176693,13.966666666666667,0.03333333333333333,0.6333333333333333,False,False,True,False,False,False,False,False,False,False,False,False,False,False,False,False,False,False,False,False,False,2
690,13.0,490198.5581,5457890.0603,1369.041729353651,14.692307692307692,0.0,0.46153846153846156,True,False,False,False,False,False,False,False,False,False,False,False,False,False,False,False,False,False,False,False,False,2
691,13.0,490198.5581,5458140.0603,1175.5021934099661,14.846153846153847,0.0,0.3076923076923077,True,False,False,False,False,False,False,False,False,False,False,False,False,False,False,False,False,False,False,False,False,2
692,9.0,490198.5581,5458390.0603,1007.1422723288141,10.88888888888889,0.1111111111111111,0.2222222222222222,False,False,False,False,False,False,False,False,False,False,False,False,False,False,False,False,False,False,False,True,False,2
693,11.0,490198.5581,5458640.0603,878.5588806173739,10.363636363636363,0.45454545454545453,0.2727272727272727,False,False,False,False,False,False,False,False,False,False,False,False,False,False,False,False,False,False,False,True,False,2
694,29.0,490198.5581,5458890.0603,808.9473757369259,11.89655172413793,0.4482758620689655,0.3103448275862069,False,False,False,False,False,False,False,False,False,False,False,False,False,False,False,False,False,False,False,True,False,2
695,12.0,490198.5581,5459140.0603,813.588352123889,13.416666666666666,0.4166666666666667,0.25,False,False,False,False,False,False,False,False,False,False,False,False,False,False,False,False,False,False,False,True,False,2
696,7.0,490198.5581,5459390.0603,891.3227006599075,7.714285714285714,0.5714285714285714,0.2857142857142857,False,False,False,False,False,False,False,False,False,False,False,False,False,False,False,False,False,False,False,True,False,2
697,8.0,490198.5581,5459640.0603,1025.6638370887788,15.125,0.0,0.25,False,False,False,False,False,False,False,False,False,False,False,False,False,False,False,False,False,False,False,True,False,2
698,62.0,490198.5581,5459890.0603,1197.7130109970765,15.225806451612904,0.24193548387096775,0.3225806451612903,False,False,False,False,False,False,False,False,False,False,False,False,False,False,False,False,False,False,False,True,False,2
699,3.0,490201.0413354994,5460137.591546556,1390.1257045232433,16.666666666666668,0.3333333333333333,0.3333333333333333,True,False,False,False,False,False,False,False,False,False,False,False,False,False,False,False,False,False,False,False,False,1
700,0.0,490226.75834423985,5460293.915247763,1507.3550764817132,0.0,0.0,0.0,True,False,False,False,False,False,False,False,False,False,False,False,False,False,False,False,False,False,False,False,False,0
701,6.0,490448.5581,5450140.0603,8877.08396134178,6.666666666666667,0.5,0.5,False,False,False,False,False,False,False,False,False,True,False,False,False,False,False,False,False,False,False,False,False,2
702,1.0,490448.5581,5450390.0603,8627.580762108893,0.0,1.0,1.0,False,False,False,False,False,False,False,False,False,True,False,False,False,False,False,False,False,False,False,False,False,0
703,2.0,490448.5581,5450640.0603,8378.107182216725,21.0,1.0,0.0,False,False,False,False,False,False,False,False,False,True,False,False,False,False,False,False,False,False,False,False,False,0
704,8.0,490448.5581,5450890.0603,8128.665948771144,13.0,0.5,0.5,False,False,False,False,False,False,False,False,False,True,False,False,False,False,False,False,False,False,False,False,False,2
705,3.0,490448.5581,5451140.0603,7879.260133839439,10.0,0.3333333333333333,0.3333333333333333,False,False,False,False,False,False,False,False,False,True,False,False,False,False,False,False,False,False,False,False,False,1
706,1.0,490448.5581,5451390.0603,7629.8932107016735,14.0,0.0,0.0,False,False,False,False,False,False,False,False,False,True,False,False,False,False,False,False,False,False,False,False,False,0
707,0.0,490448.5581,5451640.0603,7380.569121464246,0.0,0.0,0.0,False,False,False,False,False,False,False,False,False,True,False,False,False,False,False,False,False,False,False,False,False,0
708,3.0,490448.5581,5451890.0603,7131.29235880226,4.0,0.6666666666666666,0.3333333333333333,False,False,False,False,False,False,False,False,False,False,False,True,False,False,False,False,False,False,False,False,False,1
709,1.0,490448.5581,5452140.0603,6882.068065393681,22.0,1.0,1.0,False,False,False,False,False,False,False,False,False,False,False,True,False,False,False,False,False,False,False,False,False,0
710,0.0,490448.5581,5452390.0603,6632.9021556714915,0.0,0.0,0.0,False,False,False,False,False,False,False,False,False,False,False,True,False,False,False,False,False,False,False,False,False,0
711,0.0,490448.5581,5452640.0603,6383.801465953615,0.0,0.0,0.0,False,False,False,False,False,False,False,False,False,False,False,True,False,False,False,False,False,False,False,False,False,0
712,1.0,490448.5581,5452890.0603,6134.7739409624155,12.0,0.0,1.0,False,False,False,False,False,False,False,False,False,False,False,True,False,False,False,False,False,False,False,False,False,0
713,0.0,490448.5581,5453140.0603,5885.828867433332,0.0,0.0,0.0,False,False,False,False,False,False,False,False,False,False,False,True,False,False,False,False,False,False,False,False,False,0
714,0.0,490448.5581,5453390.0603,5636.977169255836,0.0,0.0,0.0,False,False,False,False,False,False,False,False,False,False,False,True,False,False,False,False,False,False,False,False,False,0
715,1.0,490448.5581,5453640.0603,5388.231783870432,0.0,1.0,0.0,False,False,False,False,False,False,False,False,False,False,False,False,False,False,True,False,False,False,False,False,False,0
716,2.0,490448.5581,5453890.0603,5139.608147194837,3.0,1.0,0.0,False,False,False,False,False,False,False,False,False,False,False,False,False,False,True,False,False,False,False,False,False,0
717,0.0,490448.5581,5454140.0603,4891.1248253046615,0.0,0.0,0.0,False,False,False,False,False,False,False,False,False,False,False,False,False,False,True,False,False,False,False,False,False,0
718,0.0,490448.5581,5454390.0603,4642.804347235791,0.0,0.0,0.0,False,False,False,False,False,False,False,False,False,False,False,False,False,False,True,False,False,False,False,False,False,0
719,1.0,490448.5581,5454640.0603,4394.674317479234,6.0,0.0,0.0,False,False,False,False,False,False,False,False,False,False,False,False,False,False,True,False,False,False,False,False,False,0
720,1.0,490448.5581,5454890.0603,4146.7689237177865,17.0,0.0,1.0,False,False,False,False,False,False,False,False,False,False,False,False,False,False,True,False,False,False,False,False,False,0
721,0.0,490448.5581,5455140.0603,3899.131013022207,0.0,0.0,0.0,False,False,False,False,False,False,False,False,False,False,False,False,False,False,True,False,False,False,False,False,False,0
722,0.0,490448.5581,5455390.0603,3651.8150017096414,0.0,0.0,0.0,False,False,False,False,False,False,False,False,False,False,False,False,False,False,True,False,False,False,False,False,False,0
723,2.0,490448.5581,5455640.0603,3404.891034484304,14.0,0.0,0.0,False,False,False,False,False,False,False,False,False,False,False,False,False,False,True,False,False,False,False,False,False,0
724,0.0,490448.5581,5455890.0603,3158.4510613133775,0.0,0.0,0.0,False,False,False,False,False,False,False,False,False,False,False,False,False,False,True,False,False,False,False,False,False,0
725,4.0,490448.5670477607,5456140.068023136,2912.608661167035,20.0,0.5,0.25,False,False,True,False,False,False,False,False,False,False,False,False,False,False,False,False,False,False,False,False,False,1
726,2.0,490448.5581,5456390.0603,2667.5594476434094,4.5,1.0,1.0,False,False,True,False,False,False,False,False,False,False,False,False,False,False,False,False,False,False,False,False,False,0
727,13.0,490448.5581,5456640.0603,2423.5105852278875,9.461538461538462,0.38461538461538464,0.3076923076923077,False,False,True,False,False,False,False,False,False,False,False,False,False,False,False,False,False,False,False,False,False,2
728,6.0,490448.5581,5456890.0603,2180.8103325854872,12.166666666666666,0.3333333333333333,0.16666666666666666,False,False,True,False,False,False,False,False,False,False,False,False,False,False,False,False,False,False,False,False,False,2
729,3.0,490448.5581,5457140.0603,1939.9649112062903,15.666666666666666,0.3333333333333333,0.3333333333333333,False,False,True,False,False,False,False,False,False,False,False,False,False,False,False,False,False,False,False,False,False,1
730,3.0,490448.5581,5457390.0603,1701.76202998881,14.0,0.0,0.3333333333333333,False,False,True,False,False,False,False,False,False,False,False,False,False,False,False,False,False,False,False,False,False,1
731,0.0,490448.5581,5457640.0603,1467.4890652783895,0.0,0.0,0.0,True,False,False,False,False,False,False,False,False,False,False,False,False,False,False,False,False,False,False,False,False,0
732,8.0,490448.5581,5457890.0603,1239.3765798624918,11.0,0.25,0.25,True,False,False,False,False,False,False,False,False,False,False,False,False,False,False,False,False,False,False,False,False,2
733,56.0,490448.5581,5458140.0603,1021.5598155329199,13.392857142857142,0.23214285714285715,0.5178571428571429,True,False,False,False,False,False,False,False,False,False,False,False,False,False,False,False,False,False,False,False,False,2
734,17.0,490448.5581,5458390.0603,822.2618845061828,12.117647058823529,0.23529411764705882,0.11764705882352941,False,False,False,False,False,False,False,False,False,False,False,False,False,False,False,False,False,False,False,True,False,2
735,86.0,490448.5581,5458640.0603,658.5170891568913,10.895348837209303,0.627906976744186,0.3023255813953488,False,False,False,False,False,False,False,False,False,False,False,False,False,False,False,False,False,False,False,True,False,2
736,22.0,490448.5581,5458890.0603,562.2943239191296,14.181818181818182,0.18181818181818182,0.18181818181818182,False,False,False,False,False,False,False,False,False,False,False,False,False,False,False,False,False,False,False,True,False,2
737,8.0,490448.5581,5459140.0603,568.9508385719078,15.625,0.125,0.125,False,False,False,False,False,False,False,False,False,False,False,False,False,False,False,False,False,False,False,True,False,2
738,12.0,490448.5581,5459390.0603,675.4518537332494,14.166666666666666,0.3333333333333333,0.16666666666666666,False,False,False,False,False,False,False,False,False,False,False,False,False,False,False,False,False,False,False,True,False,2
739,25.0,490448.5581,5459640.0603,844.8463509489101,12.24,0.36,0.32,False,False,False,False,False,False,False,False,False,False,False,False,False,False,False,False,False,False,False,True,False,2
740,4.0,490448.5581,5459890.0603,1047.04131089069,13.5,0.5,0.25,True,False,False,False,False,False,False,False,False,False,False,False,False,False,False,False,False,False,False,False,False,1
741,2.0,490434.92115437076,5460118.288751062,1252.9500518893362,11.5,0.0,0.5,True,False,False,False,False,False,False,False,False,False,False,False,False,False,False,False,False,False,False,False,False,0
742,0.0,490335.4748515936,5460271.643598101,1434.806995193449,0.0,0.0,0.0,True,False,False,False,False,False,False,False,False,False,False,False,False,False,False,False,False,False,False,False,False,0
743,0.0,490698.5581,5450140.0603,8865.06619866493,0.0,0.0,0.0,False,False,False,False,False,False,False,False,False,True,False,False,False,False,False,False,False,False,False,False,False,0
744,4.0,490698.5581,5450390.0603,8615.214962884646,11.75,0.5,0.5,False,False,False,False,False,False,False,False,False,True,False,False,False,False,False,False,False,False,False,False,False,1
745,9.0,490698.5581,5450640.0603,8365.372616130824,13.555555555555555,0.5555555555555556,0.1111111111111111,False,False,False,False,False,False,False,False,False,True,False,False,False,False,False,False,False,False,False,False,False,2
746,2.0,490698.5581,5450890.0603,8115.539979367454,4.0,0.5,0.0,False,False,False,False,False,False,False,False,False,True,False,False,False,False,False,False,False,False,False,False,False,0
747,3.0,490698.5581,5451140.0603,7865.71797782704,12.0,0.3333333333333333,0.3333333333333333,False,False,False,False,False,False,False,False,False,True,False,False,False,False,False,False,False,False,False,False,False,1
748,1.0,490698.5581,5451390.0603,7615.907658100346,23.0,1.0,1.0,False,False,False,False,False,False,False,False,False,True,False,False,False,False,False,False,False,False,False,False,False,0
749,2.0,490698.5581,5451640.0603,7366.110208699807,16.0,0.0,1.0,False,False,False,False,False,False,False,False,False,True,False,False,False,False,False,False,False,False,False,False,False,0
750,3.0,490698.5581,5451890.0603,7116.326984948873,12.333333333333334,0.0,0.0,False,False,False,False,False,False,False,False,False,False,False,True,False,False,False,False,False,False,False,False,False,1
751,0.0,490698.5581,5452140.0603,6866.559539297065,0.0,0.0,0.0,False,False,False,False,False,False,False,False,False,False,False,True,False,False,False,False,False,False,False,False,False,0
752,0.0,490698.5581,5452390.0603,6616.809658491888,0.0,0.0,0.0,False,False,False,False,False,False,False,False,False,False,False,True,False,False,False,False,False,False,False,False,False,0
753,5.0,490698.5581,5452640.0603,6367.07940948686,13.0,0.0,0.0,False,False,False,False,False,False,False,False,False,False,False,True,False,False,False,False,False,False,False,False,False,2
754,0.0,490698.5581,5452890.0603,6117.371196577133,0.0,0.0,0.0,False,False,False,False,False,False,False,False,False,False,False,True,False,False,False,False,False,False,False,False,False,0
755,2.0,490698.5581,5453140.0603,5867.687833100152,16.0,0.0,0.5,False,False,False,False,False,False,False,False,False,False,False,True,False,False,False,False,False,False,False,False,False,0
756,6.0,490698.55480891356,5453390.057251076,5618.035853341603,15.333333333333334,0.3333333333333333,0.0,False,False,False,False,False,False,False,False,False,False,False,True,False,False,False,False,False,False,False,False,False,2
757,5.0,490698.5581,5453640.0603,5368.409523006936,9.8,0.6,0.8,False,False,False,False,False,False,False,False,False,False,False,False,False,False,False,True,False,False,False,False,False,2
758,7.0,490698.5581,5453890.0603,5118.823200376387,14.714285714285714,0.0,0.42857142857142855,False,False,False,False,False,False,False,False,False,False,False,False,False,False,False,True,False,False,False,False,False,2
759,0.0,490698.5581,5454140.0603,4869.279321081464,0.0,0.0,0.0,False,False,False,False,False,False,False,False,False,False,False,False,False,False,False,True,False,False,False,False,False,0
760,7.0,490698.5581,5454390.0603,4619.784763028639,7.0,0.2857142857142857,0.0,False,False,False,False,False,False,False,False,False,False,False,False,False,False,True,False,False,False,False,False,False,2
761,5.0,490698.5581,5454640.0603,4370.347973183781,10.6,0.4,0.2,False,False,False,False,False,False,False,False,False,False,False,False,False,False,True,False,False,False,False,False,False,2
762,1.0,490698.5581,5454890.0603,4120.979441432774,13.0,0.0,0.0,False,False,False,False,False,False,False,False,False,False,False,False,False,False,True,False,False,False,False,False,False,0
763,31.0,490698.5581,5455140.0603,3871.692356930183,13.129032258064516,0.12903225806451613,0.25806451612903225,False,False,False,False,False,False,False,False,False,False,False,False,False,False,True,False,False,False,False,False,False,2
764,4.0,490698.5581,5455390.0603,3622.503534396012,11.25,0.5,0.25,False,False,False,False,False,False,False,False,False,False,False,False,False,False,True,False,False,False,False,False,False,1
765,3.0,490698.5581,5455640.0603,3373.434749140941,17.0,0.0,0.3333333333333333,False,False,False,False,False,False,False,False,False,False,False,False,False,False,True,False,False,False,False,False,False,1
766,1.0,490698.5581,5455890.0603,3124.5147073924313,10.0,0.0,0.0,False,False,False,False,False,False,False,False,False,False,False,False,False,False,True,False,False,False,False,False,False,0
767,1.0,490698.5581,5456140.0603,2875.7820339364416,0.0,1.0,1.0,False,False,True,False,False,False,False,False,False,False,False,False,False,False,False,False,False,False,False,False,False,0
768,6.0,490698.5581,5456390.0603,2627.2899453070695,15.333333333333334,0.16666666666666666,0.16666666666666666,False,False,True,False,False,False,False,False,False,False,False,False,False,False,False,False,False,False,False,False,False,2
769,12.0,490698.5581,5456640.0603,2379.1138280274927,13.916666666666666,0.25,0.5,False,False,True,False,False,False,False,False,False,False,False,False,False,False,False,False,False,False,False,False,False,2
770,11.0,490698.5581,5456890.0603,2131.364060106024,15.909090909090908,0.09090909090909091,0.09090909090909091,False,False,True,False,False,False,False,False,False,False,False,False,False,False,False,False,False,False,False,False,False,2
771,4.0,490698.5581,5457140.0603,1884.2088277873133,7.25,0.5,0.25,False,False,True,False,False,False,False,False,False,False,False,False,False,False,False,False,False,False,False,False,False,1
772,0.0,490698.5581,5457390.0603,1637.9172923904453,0.0,0.0,0.0,False,False,True,False,False,False,False,False,False,False,False,False,False,False,False,False,False,False,False,False,False,0
773,3.0,490698.5581,5457640.0603,1392.9476683320352,10.666666666666666,0.3333333333333333,0.3333333333333333,True,False,False,False,False,False,False,False,False,False,False,False,False,False,False,False,False,False,False,False,False,1
774,7.0,490698.5581,5457890.0603,1150.1449285684214,11.142857142857142,0.14285714285714285,0.14285714285714285,True,False,False,False,False,False,False,False,False,False,False,False,False,False,False,False,False,False,False,False,False,2
775,47.0,490698.5581,5458140.0603,911.2428363019734,13.76595744680851,0.2978723404255319,0.2553191489361702,True,False,False,False,False,False,False,False,False,False,False,False,False,False,False,False,False,False,False,False,False,2
776,78.0,490698.5581,5458390.0603,680.3628860480788,9.602564102564102,0.3974358974358974,0.23076923076923078,True,False,False,False,False,False,False,False,False,False,False,False,False,False,False,False,False,False,False,False,False,2
777,72.0,490698.5581,5458640.0603,469.4931380879566,12.13888888888889,0.3333333333333333,0.2916666666666667,False,False,False,False,False,False,False,False,False,False,False,False,False,False,False,False,False,False,False,True,False,2
778,14.0,490698.5581,5458890.0603,320.8643899090128,11.285714285714286,0.42857142857142855,0.07142857142857142,False,False,False,False,False,False,False,False,False,False,False,False,False,False,False,False,False,False,False,True,False,2
779,36.0,490698.5581,5459140.0603,332.3914961482754,15.305555555555555,0.25,0.2222222222222222,False,False,False,False,False,False,False,False,False,False,False,False,False,False,False,False,False,False,False,True,False,2
780,63.0,490698.5581,5459390.0603,492.9647621399474,13.825396825396826,0.30158730158730157,0.31746031746031744,False,False,False,False,False,False,False,False,False,False,False,False,False,False,False,False,False,False,False,True,False,2
781,9.0,490698.5581,5459640.0603,707.4916301354391,9.11111111111111,0.3333333333333333,0.4444444444444444,True,False,False,False,False,False,False,False,False,False,False,False,False,False,False,False,False,False,False,False,False,2
782,7.0,490698.48463779397,5459889.985777779,939.6734530113782,13.857142857142858,0.42857142857142855,0.42857142857142855,True,False,False,False,False,False,False,False,False,False,False,False,False,False,False,False,False,False,False,False,False,2
783,0.0,490652.98728241184,5460058.940209865,1114.3483271563198,0.0,0.0,0.0,True,False,False,False,False,False,False,False,False,False,False,False,False,False,False,False,False,False,False,False,False,0
784,0.0,490948.5581,5450140.0603,8860.089037741747,0.0,0.0,0.0,False,False,False,False,False,False,False,False,False,True,False,False,False,False,False,False,False,False,False,False,False,0
785,3.0,490948.5581,5450390.0603,8610.093373867177,9.333333333333334,0.3333333333333333,0.6666666666666666,False,False,False,False,False,False,False,False,False,True,False,False,False,False,False,False,False,False,False,False,False,1
786,2.0,490948.5581,5450640.0603,8360.09796932497,4.5,0.5,0.5,False,False,False,False,False,False,False,False,False,True,False,False,False,False,False,False,False,False,False,False,False,0
787,3.0,490948.5581,5450890.0603,8110.102848097027,10.666666666666666,0.3333333333333333,0.6666666666666666,False,False,False,False,False,False,False,False,False,True,False,False,False,False,False,False,False,False,False,False,False,1
788,2.0,490948.5581,5451140.0603,7860.108037216251,20.0,1.0,0.5,False,False,False,False,False,False,False,False,False,True,False,False,False,False,False,False,False,False,False,False,False,0
789,0.0,490948.5581,5451390.0603,7610.113567267674,0.0,0.0,0.0,False,False,False,False,False,False,False,False,False,True,False,False,False,False,False,False,False,False,False,False,False,0
790,1.0,490948.5581,5451640.0603,7360.119472991693,0.0,1.0,1.0,False,False,False,False,False,False,False,False,False,True,False,False,False,False,False,False,False,False,False,False,False,0
791,1.0,490948.5581,5451890.0603,7110.125794014585,14.0,0.0,0.0,False,False,False,False,False,False,False,False,False,False,False,True,False,False,False,False,False,False,False,False,False,0
792,6.0,490948.5581,5452140.0603,6860.132575738718,12.166666666666666,0.3333333333333333,0.16666666666666666,False,False,False,False,False,False,False,False,False,False,False,True,False,False,False,False,False,False,False,False,False,2
793,2.0,490948.5581,5452390.0603,6610.139870434781,8.0,0.0,0.5,False,False,False,False,False,False,False,False,False,False,False,True,False,False,False,False,False,False,False,False,False,0
794,1.0,490948.5581,5452640.0603,6360.147738591577,1.0,1.0,0.0,False,False,False,False,False,False,False,False,False,False,False,True,False,False,False,False,False,False,False,False,False,0
795,2.0,490948.5581,5452890.0603,6110.156250597161,20.0,0.5,0.5,False,False,False,False,False,False,False,False,False,False,False,True,False,False,False,False,False,False,False,False,False,0
796,3.0,490948.5581,5453140.0603,5860.165488850256,12.333333333333334,0.3333333333333333,0.3333333333333333,False,False,False,False,False,False,False,False,False,False,False,True,False,False,False,False,False,False,False,False,False,1
797,1.0,490948.5527864647,5453390.043667112,5610.192231349637,16.0,0.0,0.0,False,False,False,False,False,False,False,False,False,False,False,True,False,False,False,False,False,False,False,False,False,0
798,0.0,490948.5581,5453640.0603,5360.186550551349,0.0,0.0,0.0,False,False,False,False,False,False,False,False,False,False,False,False,False,False,False,True,False,False,False,False,False,0
799,2.0,490948.5581,5453890.0603,5110.198626933357,9.5,0.5,0.0,False,False,False,False,False,False,False,False,False,False,False,False,False,False,False,True,False,False,False,False,False,0
800,3.0,490948.5581,5454140.0603,4860.211945657471,12.666666666666666,0.3333333333333333,0.3333333333333333,False,False,False,False,False,False,False,False,False,False,False,False,False,False,False,True,False,False,False,False,False,1
801,0.0,490948.5581,5454390.0603,4610.226708819381,0.0,0.0,0.0,False,False,False,False,False,False,False,False,False,False,False,False,False,False,False,True,False,False,False,False,False,0
802,0.0,490948.5581,5454640.0603,4360.2431648603715,0.0,0.0,0.0,False,False,False,False,False,False,False,False,False,False,False,False,False,False,False,True,False,False,False,False,False,0
803,0.0,490948.5581,5454890.0603,4110.261622659998,0.0,0.0,0.0,False,False,False,False,False,False,False,False,False,False,False,False,False,False,False,True,False,False,False,False,False,0
804,4.0,490948.5581,5455140.0603,3860.2824711038447,16.75,0.0,0.5,False,False,False,False,False,False,False,False,False,False,False,False,False,False,False,True,False,False,False,False,False,1
805,6.0,490948.5581,5455390.0603,3610.3062067796427,13.833333333333334,0.16666666666666666,0.0,False,False,False,False,False,False,False,False,False,False,False,False,False,False,False,True,False,False,False,False,False,2
806,3.0,490948.5581,5455640.0603,3360.333474033733,17.0,0.6666666666666666,0.0,False,False,False,False,False,False,False,False,False,False,False,False,False,False,False,True,False,False,False,False,False,1
807,2.0,490948.5581,5455890.0603,3110.3651243401673,6.5,0.5,0.0,False,False,False,False,False,False,False,False,False,False,False,False,False,False,False,True,False,False,False,False,False,0
808,1.0,490948.5581,5456140.0603,2860.4023067938588,8.0,0.0,0.0,False,False,True,False,False,False,False,False,False,False,False,False,False,False,False,False,False,False,False,False,False,0
809,24.0,490948.5581,5456390.0603,2610.4466105844103,11.708333333333334,0.2916666666666667,0.25,False,False,True,False,False,False,False,False,False,False,False,False,False,False,False,False,False,False,False,False,False,2
810,10.0,490948.5581,5456640.0603,2360.50029796898,8.8,0.4,0.4,False,False,True,False,False,False,False,False,False,False,False,False,False,False,False,False,False,False,False,False,False,2
811,5.0,490948.5581,5456890.0603,2110.566702739254,14.4,0.2,0.0,False,False,True,False,False,False,False,False,False,False,False,False,False,False,False,False,False,False,False,False,False,2
812,0.0,490948.5581,5457140.0603,1860.6509497247605,0.0,0.0,0.0,False,False,True,False,False,False,False,False,False,False,False,False,False,False,False,False,False,False,False,False,False,0
813,0.0,490948.5581,5457390.0603,1610.761343809709,0.0,0.0,0.0,False,False,True,False,False,False,False,False,False,False,False,False,False,False,False,False,False,False,False,False,False,0
814,0.0,490948.5581,5457640.0603,1360.9122883976268,0.0,0.0,0.0,True,False,False,False,False,False,False,False,False,False,False,False,False,False,False,False,False,False,False,False,False,0
815,12.0,490948.5581,5457890.0603,1111.1311383953162,13.916666666666666,0.4166666666666667,0.3333333333333333,True,False,False,False,False,False,False,False,False,False,False,False,False,False,False,False,False,False,False,False,False,2
816,39.0,490948.5581,5458140.0603,861.4769623801191,12.58974358974359,0.3076923076923077,0.23076923076923078,True,False,False,False,False,False,False,False,False,False,False,False,False,False,False,False,False,False,False,False,False,2
817,152.0,490948.5581,5458390.0603,612.1051435102331,12.276315789473685,0.3618421052631579,0.3157894736842105,True,False,False,False,False,False,False,False,False,False,False,False,False,False,False,False,False,False,False,False,False,2
818,47.0,490948.5581,5458640.0603,363.5971076778375,14.042553191489361,0.425531914893617,0.14893617021276595,True,False,False,False,False,False,False,False,False,False,False,False,False,False,False,False,False,False,False,False,False,2
819,135.0,490948.5581,5458890.0603,121.37959759240812,15.696296296296296,0.14814814814814814,0.34074074074074073,False,False,False,False,False,False,False,False,False,False,False,False,False,False,False,False,False,False,False,True,False,2
820,131.0,490948.5581,5459140.0603,149.20843378207843,14.511450381679388,0.25190839694656486,0.26717557251908397,False,False,False,False,False,False,False,False,False,False,False,False,False,False,False,False,False,False,False,True,False,2
821,26.0,490948.5581,5459390.0603,393.4378053920427,12.153846153846153,0.38461538461538464,0.34615384615384615,True,False,False,False,False,False,False,False,False,False,False,False,False,False,False,False,False,False,False,False,False,2
822,45.0,490948.5581,5459640.0603,642.1241754611898,10.577777777777778,0.6222222222222222,0.1111111111111111,True,False,False,False,False,False,False,False,False,False,False,False,False,False,False,False,False,False,False,False,False,2
823,0.0,490932.06689133367,5459856.852748352,859.5414705595208,0.0,0.0,0.0,True,False,False,False,False,False,False,False,False,False,False,False,False,False,False,False,False,False,False,False,False,0
824,1.0,491198.5581,5450140.0603,8862.164340989819,15.0,0.0,1.0,False,False,False,False,False,False,False,False,False,True,False,False,False,False,False,False,False,False,False,False,False,0
825,2.0,491198.5581,5450390.0603,8612.228919200388,19.5,0.5,0.5,False,False,False,False,False,False,False,False,False,True,False,False,False,False,False,False,False,False,False,False,False,0
826,5.0,491198.5581,5450640.0603,8362.29735818522,12.2,0.2,0.0,False,False,False,False,False,False,False,False,False,True,False,False,False,False,False,False,False,False,False,False,False,2
827,2.0,491198.5581,5450890.0603,8112.370014780608,15.5,0.5,0.0,False,False,False,False,False,False,False,False,False,True,False,False,False,False,False,False,False,False,False,False,False,0
828,0.0,491198.5581,5451140.0603,7862.447291188128,0.0,0.0,0.0,False,False,False,False,False,False,False,False,False,True,False,False,False,False,False,False,False,False,False,False,False,0
829,1.0,491198.5581,5451390.0603,7612.529642419236,13.0,0.0,0.0,False,False,False,False,False,False,False,False,False,True,False,False,False,False,False,False,False,False,False,False,False,0
830,0.0,491198.5581,5451640.0603,7362.617585255365,0.0,0.0,0.0,False,False,False,False,False,False,False,False,False,True,False,False,False,False,False,False,False,False,False,False,False,0
831,2.0,491198.5581,5451890.0603,7112.711709096015,12.0,0.0,0.0,False,False,False,False,False,False,False,False,False,False,False,True,False,False,False,False,False,False,False,False,False,0
832,3.0,491198.5581,5452140.0603,6862.81268917574,17.333333333333332,0.6666666666666666,0.6666666666666666,False,False,False,False,False,False,False,False,False,False,False,True,False,False,False,False,False,False,False,False,False,1
833,0.0,491198.5581,5452390.0603,6612.921302776222,0.0,0.0,0.0,False,False,False,False,False,False,False,False,False,False,False,True,False,False,False,False,False,False,False,False,False,0
834,0.0,491198.5581,5452640.0603,6363.038449256107,0.0,0.0,0.0,False,False,False,False,False,False,False,False,False,False,False,True,False,False,False,False,False,False,False,False,False,0
835,2.0,491198.5581,5452890.0603,6113.165174990086,4.5,0.5,0.5,False,False,False,False,False,False,False,False,False,False,False,True,False,False,False,False,False,False,False,False,False,0
836,0.0,491198.5581,5453140.0603,5863.302704680322,0.0,0.0,0.0,False,False,False,False,False,False,False,False,False,False,False,True,False,False,False,False,False,False,False,False,False,0
837,5.0,491198.55278510926,5453390.035315818,5613.477261577014,10.4,0.0,0.4,False,False,False,False,False,False,False,False,False,False,False,True,False,False,False,False,False,False,False,False,False,2
838,2.0,491198.5581,5453640.0603,5363.616215456842,3.0,1.0,0.5,False,False,False,False,False,False,False,False,False,False,False,False,False,False,False,True,False,False,False,False,False,0
839,0.0,491198.5581,5453890.0603,5113.795953761901,0.0,0.0,0.0,False,False,False,False,False,False,False,False,False,False,False,False,False,False,False,True,False,False,False,False,False,0
840,0.0,491198.5581,5454140.0603,4863.994161870632,0.0,0.0,0.0,False,False,False,False,False,False,False,False,False,False,False,False,False,False,False,True,False,False,False,False,False,0
841,0.0,491198.5581,5454390.0603,4614.213839508481,0.0,0.0,0.0,False,False,False,False,False,False,False,False,False,False,False,False,False,False,False,True,False,False,False,False,False,0
842,0.0,491198.5581,5454640.0603,4364.458672815175,0.0,0.0,0.0,False,False,False,False,False,False,False,False,False,False,False,False,False,False,False,True,False,False,False,False,False,0
843,1.0,491198.5581,5454890.0603,4114.7332424729075,5.0,1.0,0.0,False,False,False,False,False,False,False,False,False,False,False,False,False,False,False,True,False,False,False,False,False,0
844,3.0,491198.5581,5455140.0603,3865.0433123978855,17.333333333333332,0.3333333333333333,0.3333333333333333,False,False,False,False,False,False,False,False,False,False,False,False,False,False,False,True,False,False,False,False,False,1
845,0.0,491198.5581,5455390.0603,3615.3962378571487,0.0,0.0,0.0,False,False,False,False,False,False,False,False,False,False,False,False,False,False,False,True,False,False,False,False,False,0
846,0.0,491198.5581,5455640.0603,3365.8015548620256,0.0,0.0,0.0,False,False,False,False,False,False,False,False,False,False,False,False,False,False,False,True,False,False,False,False,False,0
847,0.0,491198.5581,5455890.0603,3116.2718521835727,0.0,0.0,0.0,False,False,False,False,False,False,False,False,False,False,False,False,False,False,False,True,False,False,False,False,False,0
848,6.0,491198.5581,5456140.0603,2866.82409762295,12.833333333333334,0.16666666666666666,0.16666666666666666,False,False,True,False,False,False,False,False,False,False,False,False,False,False,False,False,False,False,False,False,False,2
849,5.0,491198.5581,5456390.0603,2617.4817204159513,11.8,0.4,0.4,False,False,True,False,False,False,False,False,False,False,False,False,False,False,False,False,False,False,False,False,False,2
850,11.0,491198.5581,5456640.0603,2368.278004523889,10.909090909090908,0.18181818181818182,0.2727272727272727,False,False,True,False,False,False,False,False,False,False,False,False,False,False,False,False,False,False,False,False,False,2
851,25.0,491198.5581,5456890.0603,2119.2618660070443,11.08,0.48,0.28,False,False,True,False,False,False,False,False,False,False,False,False,False,False,False,False,False,False,False,False,False,2
852,2.0,491198.5581,5457140.0603,1870.5082215033606,17.0,0.5,0.0,False,False,True,False,False,False,False,False,False,False,False,False,False,False,False,False,False,False,False,False,False,0
853,2.0,491198.5581,5457390.0603,1622.1378352999695,12.0,1.0,0.5,False,False,True,False,False,False,False,False,False,False,False,False,False,False,False,False,False,False,False,False,False,0
854,3.0,491198.5581,5457640.0603,1374.3585073450367,15.333333333333334,1.0,1.0,True,False,False,False,False,False,False,False,False,False,False,False,False,False,False,False,False,False,False,False,False,1
855,29.0,491198.5581,5457890.0603,1127.5599570362913,16.20689655172414,0.27586206896551724,0.2413793103448276,True,False,False,False,False,False,False,False,False,False,False,False,False,False,False,False,False,False,False,False,False,2
856,35.0,491198.5581,5458140.0603,882.5653554902826,10.457142857142857,0.3142857142857143,0.3142857142857143,True,False,False,False,False,False,False,False,False,False,False,False,False,False,False,False,False,False,False,False,False,2
857,85.0,491198.5581,5458390.0603,641.4450535405936,14.282352941176471,0.36470588235294116,0.27058823529411763,True,False,False,False,False,False,False,False,False,False,False,False,False,False,False,False,False,False,False,False,False,2
858,181.0,491198.5581,5458640.0603,411.07408907847855,14.773480662983426,0.27071823204419887,0.35911602209944754,True,False,False,False,False,False,False,False,False,False,False,False,False,False,False,False,False,False,False,False,False,2
859,191.0,491198.5581,5458890.0603,226.96267691342302,14.785340314136125,0.17801047120418848,0.36649214659685864,True,False,False,False,False,False,False,False,False,False,False,False,False,False,False,False,False,False,False,False,False,2
860,51.0,491198.5581,5459140.0603,242.98602163851484,13.843137254901961,0.11764705882352941,0.1568627450980392,True,False,False,False,False,False,False,False,False,False,False,False,False,False,False,False,False,False,False,False,False,2
861,16.0,491198.5581,5459390.0603,437.68979507377003,11.5,0.625,0.25,True,False,False,False,False,False,False,False,False,False,False,False,False,False,False,False,False,False,False,False,False,2
862,11.0,491198.5581,5459640.0603,670.1511073718559,13.909090909090908,0.45454545454545453,0.2727272727272727,True,False,False,False,False,False,False,False,False,False,False,False,False,False,False,False,False,False,False,False,False,2
863,0.0,491185.6418551055,5459806.105287587,827.205314926818,0.0,0.0,0.0,True,False,False,False,False,False,False,False,False,False,False,False,False,False,False,False,False,False,False,False,False,0
864,0.0,491434.6748567135,5450166.751017063,8843.93746165235,0.0,0.0,0.0,False,False,False,False,False,False,False,False,False,True,False,False,False,False,False,False,False,False,False,False,False,0
865,2.0,491448.5581,5450390.0603,8621.616206182662,16.5,0.0,0.0,False,False,False,False,False,False,False,False,False,True,False,False,False,False,False,False,False,False,False,False,False,0
866,18.0,491448.5581,5450640.0603,8371.964892228796,12.222222222222221,0.2777777777777778,0.05555555555555555,False,False,False,False,False,False,False,False,False,True,False,False,False,False,False,False,False,False,False,False,False,2
867,52.0,491448.5581,5450890.0603,8122.335027977579,15.346153846153847,0.28846153846153844,0.28846153846153844,False,False,False,False,False,False,False,False,False,True,False,False,False,False,False,False,False,False,False,False,False,2
868,4.0,491448.5581,5451140.0603,7872.728653822101,7.25,0.5,0.0,False,False,False,False,False,False,False,False,False,True,False,False,False,False,False,False,False,False,False,False,False,1
869,2.0,491448.5581,5451390.0603,7623.148077186454,19.5,0.5,0.5,False,False,False,False,False,False,False,False,False,True,False,False,False,False,False,False,False,False,False,False,False,0
870,5.0,491448.5581,5451640.0603,7373.595917645037,10.8,0.2,0.6,False,False,False,False,False,False,False,False,False,True,False,False,False,False,False,False,False,False,False,False,False,2
871,4.0,491448.5581,5451890.0603,7124.075161500723,11.0,0.0,0.0,False,False,False,False,False,False,False,False,False,False,False,True,False,False,False,False,False,False,False,False,False,1
872,9.0,491448.5581,5452140.0603,6874.58922821659,10.222222222222221,0.4444444444444444,0.1111111111111111,False,False,False,False,False,False,False,False,False,False,False,True,False,False,False,False,False,False,False,False,False,2
873,5.0,491448.5581,5452390.0603,6625.1420518138,7.6,0.2,0.2,False,False,False,False,False,False,False,False,False,False,False,True,False,False,False,False,False,False,False,False,False,2
874,2.0,491448.5581,5452640.0603,6375.738181317641,13.5,0.0,0.5,False,False,False,False,False,False,False,False,False,False,False,True,False,False,False,False,False,False,False,False,False,0
875,3.0,491448.5581,5452890.0603,6126.382905655798,17.333333333333332,0.3333333333333333,0.3333333333333333,False,False,False,False,False,False,False,False,False,False,False,True,False,False,False,False,False,False,False,False,False,1
876,3.0,491448.5581,5453140.0603,5877.082410236527,12.333333333333334,0.0,0.0,False,False,False,False,False,False,False,False,False,False,False,True,False,False,False,False,False,False,False,False,False,1
877,3.0,491448.55324413383,5453390.034113721,5627.86969092544,18.666666666666668,0.3333333333333333,0.0,False,False,False,False,False,False,False,False,False,False,False,True,False,False,False,False,False,False,False,False,False,1
878,33.0,491448.5581,5453640.0603,5378.676227168874,17.575757575757574,0.45454545454545453,0.30303030303030304,False,False,False,False,False,False,False,False,False,False,False,False,False,False,False,True,False,False,False,False,False,2
879,4.0,491448.5581,5453890.0603,5129.589467658362,10.5,0.25,0.25,False,False,False,False,False,False,False,False,False,False,False,False,False,False,False,True,False,False,False,False,False,1
880,2.0,491448.5581,5454140.0603,4880.596096452932,10.5,1.0,0.0,False,False,False,False,False,False,False,False,False,False,False,False,False,True,False,False,False,False,False,False,False,0
881,7.0,491448.5819871473,5454390.014485553,4631.75908728045,12.714285714285714,0.0,0.5714285714285714,False,False,False,False,False,False,False,False,False,False,False,False,False,True,False,False,False,False,False,False,False,2
882,0.0,491448.5543213574,5454640.059957588,4382.953131466859,0.0,0.0,0.0,False,False,False,False,False,False,False,False,False,False,False,False,False,False,False,True,False,False,False,False,False,0
883,5.0,491448.5581,5454890.0603,4134.345015442183,8.4,0.8,0.2,False,False,False,False,False,False,False,False,False,False,False,False,False,False,False,True,False,False,False,False,False,2
884,6.0,491448.5581,5455140.0603,3885.9154464182093,9.833333333333334,0.5,0.0,False,False,False,False,False,False,False,False,False,False,False,False,False,False,False,True,False,False,False,False,False,2
885,4.0,491448.5581,5455390.0603,3637.7010606579033,9.25,0.25,0.25,False,False,False,False,False,False,False,False,False,False,False,False,False,False,False,True,False,False,False,False,False,1
886,0.0,491448.5581,5455640.0603,3389.749128875416,0.0,0.0,0.0,False,False,False,False,False,False,False,False,False,False,False,False,False,False,False,True,False,False,False,False,False,0
887,3.0,491448.5581,5455890.0603,3142.1217841948214,15.666666666666666,0.3333333333333333,0.0,False,False,False,False,False,False,False,False,False,False,False,False,False,False,False,True,False,False,False,False,False,1
888,4.0,491448.5581,5456140.0603,2894.9023224819957,6.75,0.5,0.25,False,False,True,False,False,False,False,False,False,False,False,False,False,False,False,False,False,False,False,False,False,1
889,25.0,491448.5581,5456390.0603,2648.2049782280183,13.88,0.28,0.28,False,False,True,False,False,False,False,False,False,False,False,False,False,False,False,False,False,False,False,False,False,2
890,12.0,491448.5581,5456640.0603,2402.1906162317064,12.833333333333334,0.3333333333333333,0.3333333333333333,False,False,True,False,False,False,False,False,False,False,False,False,False,False,False,False,False,False,False,False,False,2
891,8.0,491448.5581,5456890.0603,2157.092929549321,12.25,0.375,0.375,False,False,True,False,False,False,False,False,False,False,False,False,False,False,False,False,False,False,False,False,False,2
892,15.0,491448.5581,5457140.0603,1913.264241214913,11.466666666666667,0.4,0.13333333333333333,False,False,True,False,False,False,False,False,False,False,False,False,False,False,False,False,False,False,False,False,False,2
893,3.0,491448.5581,5457390.0603,1671.26006555284,17.333333333333332,0.3333333333333333,0.6666666666666666,False,False,True,False,False,False,False,False,False,False,False,False,False,False,False,False,False,False,False,False,False,1
894,0.0,491448.5581,5457640.0603,1432.005711130961,0.0,0.0,0.0,True,False,False,False,False,False,False,False,False,False,False,False,False,False,False,False,False,False,False,False,False,0
895,28.0,491448.5581,5457890.0603,1197.1509957861185,14.892857142857142,0.17857142857142858,0.2857142857142857,True,False,False,False,False,False,False,False,False,False,False,False,False,False,False,False,False,False,False,False,False,2
896,29.0,491448.5581,5458140.0603,969.8972402846091,13.827586206896552,0.5172413793103449,0.20689655172413793,True,False,False,False,False,False,False,False,False,False,False,False,False,False,False,False,False,False,False,False,False,2
897,110.0,491448.5581,5458390.0603,757.1200741703439,13.690909090909091,0.18181818181818182,0.2,True,False,False,False,False,False,False,False,False,False,False,False,False,False,False,False,False,False,False,False,False,2
898,76.0,491448.5581,5458640.0603,575.118211076395,15.236842105263158,0.34210526315789475,0.3026315789473684,True,False,False,False,False,False,False,False,False,False,False,False,False,False,False,False,False,False,False,False,False,2
899,638.0,491448.5581,5458890.0603,461.8345014306735,14.324451410658307,0.1677115987460815,0.274294670846395,True,False,False,False,False,False,False,False,False,False,False,False,False,False,False,False,False,False,False,False,False,2
900,102.0,491448.5581,5459140.0603,469.9162230778213,14.196078431372548,0.24509803921568626,0.3137254901960784,True,False,False,False,False,False,False,False,False,False,False,False,False,False,False,False,False,False,False,False,False,2
901,33.0,491448.5581,5459390.0603,594.4336857141684,12.242424242424242,0.24242424242424243,0.24242424242424243,True,False,False,False,False,False,False,False,False,False,False,False,False,False,False,False,False,False,False,False,False,2
902,24.0,491448.5581,5459640.0603,781.589122692823,13.708333333333334,0.25,0.2916666666666667,True,False,False,False,False,False,False,False,False,False,False,False,False,False,False,False,False,False,False,False,False,2
903,0.0,491414.65529082186,5459783.536239531,886.491990299275,0.0,0.0,0.0,True,False,False,False,False,False,False,False,False,False,False,False,False,False,False,False,False,False,False,False,False,0
904,0.0,491684.89924933505,5450214.649611799,8812.007059983687,0.0,0.0,0.0,False,False,False,False,False,False,False,False,False,True,False,False,False,False,False,False,False,False,False,False,False,0
905,0.0,491698.5581,5450390.0603,8638.231593139393,0.0,0.0,0.0,False,False,False,False,False,False,False,False,False,True,False,False,False,False,False,False,False,False,False,False,False,0
906,0.0,491698.5581,5450640.0603,8389.074752719249,0.0,0.0,0.0,False,False,False,False,False,False,False,False,False,True,False,False,False,False,False,False,False,False,False,False,False,0
907,4.0,491698.5581,5450890.0603,8139.969616448918,13.5,0.0,0.0,False,False,False,False,False,False,False,False,False,True,False,False,False,False,False,False,False,False,False,False,False,1
908,8.0,491698.5581,5451140.0603,7890.921081008956,12.625,0.5,0.25,False,False,False,False,False,False,False,False,False,True,False,False,False,False,False,False,False,False,False,False,False,2
909,3.0,491698.5581,5451390.0603,7641.93468021754,7.333333333333333,0.6666666666666666,0.6666666666666666,False,False,False,False,False,False,False,False,False,True,False,False,False,False,False,False,False,False,False,False,False,1
910,0.0,491698.5581,5451640.0603,7393.016691899969,0.0,0.0,0.0,False,False,False,False,False,False,False,False,False,True,False,False,False,False,False,False,False,False,False,False,False,0
911,0.0,491698.5581,5451890.0603,7144.174266961268,0.0,0.0,0.0,False,False,False,False,False,False,False,False,False,False,False,True,False,False,False,False,False,False,False,False,False,0
912,0.0,491698.5581,5452140.0603,6895.415586221876,0.0,0.0,0.0,False,False,False,False,False,False,False,False,False,False,False,True,False,False,False,False,False,False,False,False,False,0
913,2.0,491698.5581,5452390.0603,6646.750052221882,17.0,0.0,0.5,False,False,False,False,False,False,False,False,False,False,False,True,False,False,False,False,False,False,False,False,False,0
914,4.0,491698.5581,5452640.0603,6398.188525411828,19.25,0.5,0.25,False,False,False,False,False,False,False,False,False,False,False,True,False,False,False,False,False,False,False,False,False,1
915,3.0,491698.5581,5452890.0603,6149.743617152799,14.0,0.0,0.3333333333333333,False,False,False,False,False,False,False,False,False,False,False,True,False,False,False,False,False,False,False,False,False,1
916,1.0,491698.5581,5453140.0603,5901.430056072138,11.0,0.0,0.0,False,False,False,False,False,False,False,False,False,False,False,True,False,False,False,False,False,False,False,False,False,0
917,6.0,491698.56408885214,5453390.045899805,5653.280179907245,12.666666666666666,0.0,0.3333333333333333,False,False,False,False,False,False,False,False,False,False,False,True,False,False,False,False,False,False,False,False,False,2
918,0.0,491698.5581,5453640.0603,5405.269374111858,0.0,0.0,0.0,False,False,False,False,False,False,False,False,False,False,False,False,False,True,False,False,False,False,False,False,False,0
919,0.0,491698.5581,5453890.0603,5157.467126091218,0.0,0.0,0.0,False,False,False,False,False,False,False,False,False,False,False,False,False,True,False,False,False,False,False,False,False,0
920,0.0,491698.5581,5454140.0603,4909.887708157043,0.0,0.0,0.0,False,False,False,False,False,False,False,False,False,False,False,False,False,True,False,False,False,False,False,False,False,0
921,0.0,491698.5581,5454390.0603,4662.5666168658245,0.0,0.0,0.0,False,False,False,False,False,False,False,False,False,False,False,False,False,True,False,False,False,False,False,False,False,0
922,0.0,491698.5581,5454640.0603,4415.5472601605825,0.0,0.0,0.0,False,False,False,False,False,False,False,False,False,False,False,False,False,True,False,False,False,False,False,False,False,0
923,3.0,491698.5581,5454890.0603,4168.883274536675,21.0,0.6666666666666666,0.0,False,False,False,False,False,False,False,False,False,False,False,False,False,True,False,False,False,False,False,False,False,1
924,7.0,491698.5581,5455140.0603,3922.6417000169213,14.571428571428571,0.42857142857142855,0.42857142857142855,False,False,False,False,False,False,False,False,False,False,False,False,False,True,False,False,False,False,False,False,False,2
925,2.0,491698.5581,5455390.0603,3676.9074038805556,11.0,1.0,0.0,False,False,False,False,False,False,False,False,False,False,False,False,False,True,False,False,False,False,False,False,False,0
926,2.0,491698.5581,5455640.0603,3431.7893593155823,11.5,1.0,0.5,False,False,False,False,False,False,False,False,False,False,False,False,False,True,False,False,False,False,False,False,False,0
927,7.0,491698.5581,5455890.0603,3187.429741454964,13.142857142857142,0.5714285714285714,0.2857142857142857,False,False,False,False,False,False,False,False,False,False,False,False,False,True,False,False,False,False,False,False,False,2
928,2.0,491698.5581,5456140.0603,2944.017409376457,8.0,0.5,1.0,False,False,False,False,False,False,False,False,False,False,True,False,False,False,False,False,False,False,False,False,False,0
929,10.0,491698.5581,5456390.0603,2701.8084048858223,14.5,0.8,0.5,False,False,False,False,False,False,False,False,False,False,True,False,False,False,False,False,False,False,False,False,False,2
930,74.0,491698.5581,5456640.0603,2461.1580214833175,14.486486486486486,0.24324324324324326,0.35135135135135137,False,False,False,False,False,False,False,False,False,False,True,False,False,False,False,False,False,False,False,False,False,2
931,227.0,491698.5581,5456890.0603,2222.5725987494047,13.854625550660794,0.16740088105726872,0.29955947136563876,False,False,False,False,False,False,False,False,False,False,True,False,False,False,False,False,False,False,False,False,False,2
932,10.0,491698.5581,5457140.0603,1986.7961915384499,15.9,0.3,0.2,False,False,False,False,False,False,False,False,False,False,True,False,False,False,False,False,False,False,False,False,False,2
933,6.0,491698.5581,5457390.0603,1754.9613262723753,16.833333333333332,0.8333333333333334,0.3333333333333333,False,False,False,False,False,False,False,False,False,False,True,False,False,False,False,False,False,False,False,False,False,2
934,1.0,491698.5581,5457640.0603,1528.8621280912485,20.0,1.0,0.0,False,False,False,False,False,False,False,False,False,False,True,False,False,False,False,False,False,False,False,False,False,0
935,14.0,491698.5581,5457890.0603,1311.4684733960275,13.642857142857142,0.5,0.2857142857142857,True,False,False,False,False,False,False,False,False,False,False,False,False,False,False,False,False,False,False,False,False,2
936,24.0,491698.5581,5458140.0603,1107.9168320373658,12.75,0.3333333333333333,0.3333333333333333,True,False,False,False,False,False,False,False,False,False,False,False,False,False,False,False,False,False,False,False,False,2
937,41.0,491698.5581,5458390.0603,927.3671639171395,14.195121951219512,0.3902439024390244,0.43902439024390244,True,False,False,False,False,False,False,False,False,False,False,False,False,False,False,False,False,False,False,False,False,2
938,121.0,491698.5581,5458640.0603,785.8371375238795,14.49586776859504,0.21487603305785125,0.2892561983471074,True,False,False,False,False,False,False,False,False,False,False,False,False,False,False,False,False,False,False,False,False,2
939,147.0,491698.5581,5458890.0603,707.156387733103,13.319727891156463,0.36054421768707484,0.23809523809523808,True,False,False,False,False,False,False,False,False,False,False,False,False,False,False,False,False,False,False,False,False,2
940,97.0,491698.5581,5459140.0603,712.4607404704744,13.31958762886598,0.25773195876288657,0.31958762886597936,True,False,False,False,False,False,False,False,False,False,False,False,False,False,False,False,False,False,False,False,False,2
941,91.0,491698.5581,5459390.0603,800.0815312902446,12.923076923076923,0.27472527472527475,0.2967032967032967,True,False,False,False,False,False,False,False,False,False,False,False,False,False,False,False,False,False,False,False,False,2
942,0.0,491694.2708920821,5459630.8125479,938.0493282233368,0.0,0.0,0.0,True,False,False,False,False,False,False,False,False,False,False,False,False,False,False,False,False,False,False,False,False,0
943,0.0,491583.0999070031,5459766.940484643,963.4330327176086,0.0,0.0,0.0,True,False,False,False,False,False,False,False,False,False,False,False,False,False,False,False,False,False,False,False,False,0
944,0.0,491954.18379920686,5450223.232293314,8828.483340857012,0.0,0.0,0.0,False,False,False,False,False,False,False,False,False,True,False,False,False,False,False,False,False,False,False,False,False,0
945,0.0,491948.5581,5450390.0603,8662.033485660948,0.0,0.0,0.0,False,False,False,False,False,False,False,False,False,True,False,False,False,False,False,False,False,False,False,False,False,0
946,2.0,491948.5581,5450640.0603,8413.581535631038,4.0,1.0,0.0,False,False,False,False,False,False,False,False,False,True,False,False,False,False,False,False,False,False,False,False,False,0
947,1.0,491948.5581,5450890.0603,8165.224087966695,20.0,1.0,1.0,False,False,False,False,False,False,False,False,False,True,False,False,False,False,False,False,False,False,False,False,False,0
948,4.0,491948.5581,5451140.0603,7916.970036365653,9.0,0.25,0.25,False,False,False,False,False,False,False,False,False,True,False,False,False,False,False,False,False,False,False,False,False,1
949,1.0,491948.5581,5451390.0603,7668.829422194209,15.0,0.0,0.0,False,False,False,False,False,False,False,False,False,True,False,False,False,False,False,False,False,False,False,False,False,0
950,2.0,491948.5581,5451640.0603,7420.813624981534,15.0,0.0,0.0,False,False,False,False,False,False,False,False,False,True,False,False,False,False,False,False,False,False,False,False,False,0
951,0.0,491948.5581,5451890.0603,7172.935591981262,0.0,0.0,0.0,False,False,False,False,False,False,False,False,False,False,False,True,False,False,False,False,False,False,False,False,False,0
952,0.0,491948.5581,5452140.0603,6925.210116430518,0.0,0.0,0.0,False,False,False,False,False,False,False,False,False,False,False,True,False,False,False,False,False,False,False,False,False,0
953,0.0,491948.5581,5452390.0603,6677.654176933063,0.0,0.0,0.0,False,False,False,False,False,False,False,False,False,False,False,True,False,False,False,False,False,False,False,False,False,0
954,2.0,491948.5581,5452640.0603,6430.2873541321305,17.5,0.0,0.5,False,False,False,False,False,False,False,False,False,False,False,True,False,False,False,False,False,False,False,False,False,0
955,1.0,491948.5581,5452890.0603,6183.132345883566,21.0,1.0,1.0,False,False,False,False,False,False,False,False,False,False,False,True,False,False,False,False,False,False,False,False,False,0
956,0.0,491948.5581,5453140.0603,5936.2156090148555,0.0,0.0,0.0,False,False,False,False,False,False,False,False,False,False,False,True,False,False,False,False,False,False,False,False,False,0
957,2.0,491948.56408713094,5453390.057420632,5689.572002462232,10.0,0.0,0.5,False,False,False,False,False,False,False,False,False,False,False,True,False,False,False,False,False,False,False,False,False,0
958,3.0,491948.5581,5453640.0603,5443.226621840359,16.0,0.3333333333333333,0.6666666666666666,False,False,False,False,False,False,False,False,False,False,False,False,False,True,False,False,False,False,False,False,False,1
959,0.0,491948.5581,5453890.0603,5197.234476787787,0.0,0.0,0.0,False,False,False,False,False,False,False,False,False,False,False,False,False,True,False,False,False,False,False,False,False,0
960,0.0,491948.5581,5454140.0603,4951.643803497141,0.0,0.0,0.0,False,False,False,False,False,False,False,False,False,False,False,False,False,True,False,False,False,False,False,False,False,0
961,0.0,491948.5581,5454390.0603,4706.517449952951,0.0,0.0,0.0,False,False,False,False,False,False,False,False,False,False,False,False,False,True,False,False,False,False,False,False,False,0
962,0.0,491948.5581,5454640.0603,4461.931942187334,0.0,0.0,0.0,False,False,False,False,False,False,False,False,False,False,False,False,False,True,False,False,False,False,False,False,False,0
963,4.0,491948.5581,5454890.0603,4217.9813663305395,8.5,0.75,0.0,False,False,False,False,False,False,False,False,False,False,False,False,False,True,False,False,False,False,False,False,False,1
964,1.0,491948.5581,5455140.0603,3974.782630121005,17.0,0.0,1.0,False,False,False,False,False,False,False,False,False,False,False,False,False,True,False,False,False,False,False,False,False,0
965,0.0,491948.5581,5455390.0603,3732.48270012222,0.0,0.0,0.0,False,False,False,False,False,False,False,False,False,False,False,False,False,True,False,False,False,False,False,False,False,0
966,0.0,491948.5581,5455640.0603,3491.2687173449804,0.0,0.0,0.0,False,False,False,False,False,False,False,False,False,False,False,False,False,True,False,False,False,False,False,False,False,0
967,0.0,491948.5581,5455890.0603,3251.3823839578868,0.0,0.0,0.0,False,False,False,False,False,False,False,False,False,False,False,False,False,True,False,False,False,False,False,False,False,0
968,2.0,491948.5581,5456140.0603,3013.1408126258684,19.5,0.5,0.5,False,False,False,False,False,False,False,False,False,False,True,False,False,False,False,False,False,False,False,False,False,0
969,4.0,491948.5581,5456390.0603,2776.967357876517,11.25,0.5,0.0,False,False,False,False,False,False,False,False,False,False,True,False,False,False,False,False,False,False,False,False,False,1
970,8.0,491948.5581,5456640.0603,2543.4381959685375,13.125,0.375,0.25,False,False,False,False,False,False,False,False,False,False,True,False,False,False,False,False,False,False,False,False,False,2
971,6.0,491948.5581,5456890.0603,2313.3542760916876,12.5,0.6666666666666666,0.16666666666666666,False,False,False,False,False,False,False,False,False,False,True,False,False,False,False,False,False,False,False,False,False,2
972,6.0,491948.5581,5457140.0603,2087.8549175437697,12.333333333333334,0.5,0.0,False,False,False,False,False,False,False,False,False,False,True,False,False,False,False,False,False,False,False,False,False,2
973,11.0,491948.5581,5457390.0603,1868.6006279330281,15.0,0.5454545454545454,0.18181818181818182,False,False,False,False,False,False,False,False,False,False,True,False,False,False,False,False,False,False,False,False,False,2
974,1.0,491948.5581,5457640.0603,1658.070703170318,0.0,1.0,0.0,False,False,False,False,False,False,False,False,False,False,True,False,False,False,False,False,False,False,False,False,False,0
975,1.0,491948.5581,5457890.0603,1460.044042730122,5.0,1.0,0.0,True,False,False,False,False,False,False,False,False,False,False,False,False,False,False,False,False,False,False,False,False,0
976,11.0,491948.5581,5458140.0603,1280.3354078958077,17.272727272727273,0.5454545454545454,0.2727272727272727,True,False,False,False,False,False,False,False,False,False,False,False,False,False,False,False,False,False,False,False,False,2
977,13.0,491948.5581,5458390.0603,1127.73618666412,16.0,0.38461538461538464,0.23076923076923078,True,False,False,False,False,False,False,False,False,False,False,False,False,False,False,False,False,False,False,False,False,2
978,38.0,491948.5581,5458640.0603,1014.5536243647925,13.605263157894736,0.3684210526315789,0.34210526315789475,True,False,False,False,False,False,False,False,False,False,False,False,False,False,False,False,False,False,False,False,False,2
979,77.0,491948.5581,5458890.0603,954.9079571936462,13.064935064935066,0.37662337662337664,0.14285714285714285,True,False,False,False,False,False,False,False,False,False,False,False,False,False,False,False,False,False,False,False,False,2
980,138.0,491948.5581,5459140.0603,958.8427174003818,13.210144927536232,0.2898550724637681,0.34057971014492755,True,False,False,False,False,False,False,False,False,False,False,False,False,False,False,False,False,False,False,False,False,2
981,32.0,491948.5581,5459390.0603,1025.626397238173,11.71875,0.5625,0.40625,True,False,False,False,False,False,False,False,False,False,False,False,False,False,False,False,False,False,False,False,False,2
982,0.0,491936.2250820141,5459597.855186981,1110.832223511986,0.0,0.0,0.0,True,False,False,False,False,False,False,False,False,False,False,False,False,False,False,False,False,False,False,False,False,0
983,0.0,492202.9439351622,5450211.520510361,8870.425347803564,0.0,0.0,0.0,False,False,False,False,False,False,False,False,False,True,False,False,False,False,False,False,False,False,False,False,False,0
984,0.0,492198.5581,5450390.0603,8692.962852601611,0.0,0.0,0.0,False,False,False,False,False,False,False,False,False,True,False,False,False,False,False,False,False,False,False,False,False,0
985,1.0,492198.5581,5450640.0603,8445.420848407233,18.0,0.0,0.0,False,False,False,False,False,False,False,False,False,True,False,False,False,False,False,False,False,False,False,False,False,0
986,33.0,492198.5581,5450890.0603,8198.028022440003,14.696969696969697,0.06060606060606061,0.18181818181818182,False,False,False,False,False,False,False,False,False,True,False,False,False,False,False,False,False,False,False,False,False,2
987,4.0,492198.5581,5451140.0603,7950.798299964072,10.0,0.25,0.5,False,False,False,False,False,False,False,False,False,True,False,False,False,False,False,False,False,False,False,False,False,1
988,0.0,492198.5581,5451390.0603,7703.747384014586,0.0,0.0,0.0,False,False,False,False,False,False,False,False,False,True,False,False,False,False,False,False,False,False,False,False,False,0
989,1.0,492198.5581,5451640.0603,7456.893046484681,6.0,0.0,1.0,False,False,False,False,False,False,False,False,False,True,False,False,False,False,False,False,False,False,False,False,False,0
990,0.0,492198.5581,5451890.0603,7210.255477908643,0.0,0.0,0.0,False,False,False,False,False,False,False,False,False,False,False,True,False,False,False,False,False,False,False,False,False,0
991,1.0,492198.5581,5452140.0603,6963.857710113813,20.0,1.0,1.0,False,False,False,False,False,False,False,False,False,False,False,True,False,False,False,False,False,False,False,False,False,0
992,1.0,492198.5581,5452390.0603,6717.726129927567,21.0,1.0,0.0,False,False,False,False,False,False,False,False,False,False,False,True,False,False,False,False,False,False,False,False,False,0
993,13.0,492198.5581,5452640.0603,6471.89110745164,13.923076923076923,0.0,0.07692307692307693,False,False,False,False,False,False,False,False,False,False,False,True,False,False,False,False,False,False,False,False,False,2
994,0.0,492198.5581,5452890.0603,6226.387769542756,0.0,0.0,0.0,False,False,False,False,False,False,False,False,False,False,False,True,False,False,False,False,False,False,False,False,False,0
995,1.0,492198.5581,5453140.0603,5981.256958759724,15.0,0.0,0.0,False,False,False,False,False,False,False,False,False,False,False,True,False,False,False,False,False,False,False,False,False,0
996,2.0,492198.56403959455,5453390.060972127,5736.547014839187,15.5,0.0,1.0,False,False,False,False,False,False,False,False,False,False,False,False,False,True,False,False,False,False,False,False,False,0
997,0.0,492198.5581,5453640.0603,5492.312364269865,0.0,0.0,0.0,False,False,False,False,False,False,False,False,False,False,False,False,False,True,False,False,False,False,False,False,False,0
998,1.0,492198.5581,5453890.0603,5248.621271982923,16.0,0.0,1.0,False,False,False,False,False,False,False,False,False,False,False,False,False,True,False,False,False,False,False,False,False,0
999,0.0,492198.5581,5454140.0603,5005.552457692521,0.0,0.0,0.0,False,False,False,False,False,False,False,False,False,False,False,False,False,True,False,False,False,False,False,False,False,0
1000,13.0,492198.5581,5454390.0603,4763.201187931457,15.461538461538462,0.3076923076923077,0.46153846153846156,False,False,False,False,False,False,False,False,False,False,False,False,False,True,False,False,False,False,False,False,False,2
1001,1.0,492198.5581,5454640.0603,4521.682840128402,20.0,1.0,0.0,False,False,False,False,False,False,False,False,False,False,False,False,False,True,False,False,False,False,False,False,False,0
1002,0.0,492198.5581,5454890.0603,4281.138383270466,0.0,0.0,0.0,False,False,False,False,False,False,False,False,False,False,False,False,False,True,False,False,False,False,False,False,False,0
1003,1.0,492198.5581,5455140.0603,4041.741704601083,0.0,1.0,1.0,False,False,False,False,False,False,False,False,False,False,False,False,False,True,False,False,False,False,False,False,False,0
1004,1.0,492198.5581,5455390.0603,3803.7095258065738,15.0,0.0,0.0,False,False,False,False,False,False,False,False,False,False,False,False,False,True,False,False,False,False,False,False,False,0
1005,3.0,492198.5581,5455640.0603,3567.314999647729,12.333333333333334,0.3333333333333333,0.6666666666666666,False,False,False,False,False,False,False,False,False,False,False,False,False,True,False,False,False,False,False,False,False,1
1006,1.0,492198.5581,5455890.0603,3332.9066078592246,1.0,1.0,0.0,False,False,False,False,False,False,False,False,False,False,False,False,False,True,False,False,False,False,False,False,False,0
1007,1.0,492198.5581,5456140.0603,3100.934795624005,14.0,0.0,1.0,False,False,False,False,False,False,False,False,False,False,True,False,False,False,False,False,False,False,False,False,False,0
1008,2.0,492198.5581,5456390.0603,2871.9900342291744,18.0,0.0,0.5,False,False,False,False,False,False,False,False,False,False,True,False,False,False,False,False,False,False,False,False,False,0
1009,12.0,492198.5581,5456640.0603,2646.857930964883,12.666666666666666,0.08333333333333333,0.3333333333333333,False,False,False,False,False,False,False,False,False,False,True,False,False,False,False,False,False,False,False,False,False,2
1010,5.0,492198.5581,5456890.0603,2426.5998962976378,15.0,0.6,0.0,False,False,False,False,False,False,False,False,False,False,True,False,False,False,False,False,False,False,False,False,False,2
1011,4.0,492198.5581,5457140.0603,2212.671960935853,8.75,0.25,0.0,False,False,False,False,False,False,False,False,False,False,True,False,False,False,False,False,False,False,False,False,False,1
1012,13.0,492198.5581,5457390.0603,2007.0992393779932,12.923076923076923,0.3076923076923077,0.15384615384615385,False,False,False,False,False,False,False,False,False,False,True,False,False,False,False,False,False,False,False,False,False,2
1013,57.0,492198.5581,5457640.0603,1812.7265394183771,14.894736842105264,0.2631578947368421,0.3157894736842105,False,False,False,False,False,False,False,False,False,False,True,False,False,False,False,False,False,False,False,False,False,2
1014,0.0,492198.5581,5457890.0603,1633.5567503798977,0.0,0.0,0.0,True,False,False,False,False,False,False,False,False,False,False,False,False,False,False,False,False,False,False,False,False,0
1015,4.0,492198.5581,5458140.0603,1475.1399278413342,11.5,1.0,0.25,True,False,False,False,False,False,False,False,False,False,False,False,False,False,False,False,False,False,False,False,False,1
1016,40.0,492198.5581,5458390.0603,1344.830084699083,13.725,0.225,0.425,True,False,False,False,False,False,False,False,False,False,False,False,False,False,False,False,False,False,False,False,False,2
1017,154.0,492198.5581,5458640.0603,1251.4384150695346,13.974025974025974,0.2597402597402597,0.3116883116883117,True,False,False,False,False,False,False,False,False,False,False,False,False,False,False,False,False,False,False,False,False,2
1018,328.0,492198.5581,5458890.0603,1203.5897377062313,13.484756097560975,0.13414634146341464,0.3628048780487805,True,False,False,False,False,False,False,False,False,False,False,False,False,False,False,False,False,False,False,False,False,2
1019,45.0,492198.5581,5459140.0603,1206.7138876766774,12.444444444444445,0.26666666666666666,0.35555555555555557,True,False,False,False,False,False,False,False,False,False,False,False,False,False,False,False,False,False,False,False,False,2
1020,0.0,492198.5581,5459390.0603,1260.4318929286765,0.0,0.0,0.0,True,False,False,False,False,False,False,False,False,False,False,False,False,False,False,False,False,False,False,False,False,0
1021,0.0,492168.08470082283,5459553.564089819,1292.6155924455427,0.0,0.0,0.0,True,False,False,False,False,False,False,False,False,False,False,False,False,False,False,False,False,False,False,False,False,0
1022,0.0,492448.32910894696,5450206.570915428,8911.90508663664,0.0,0.0,0.0,False,False,False,False,False,False,False,False,False,False,False,False,False,False,False,False,False,True,False,False,False,0
1023,0.0,492448.5581,5450390.0603,8730.943947060452,0.0,0.0,0.0,False,False,False,False,False,False,False,False,False,False,False,False,False,False,False,False,False,True,False,False,False,0
1024,0.0,492448.5581,5450640.0603,8484.510142413148,0.0,0.0,0.0,False,False,False,False,False,False,False,False,False,False,False,False,False,False,False,False,False,True,False,False,False,0
1025,2.0,492448.5581,5450890.0603,8238.291237065583,11.0,0.0,1.0,False,False,False,False,False,False,False,False,False,False,False,False,False,False,False,False,False,True,False,False,False,0
1026,10.0,492448.5581,5451140.0603,7992.307092242614,11.9,0.1,0.1,False,False,False,False,False,False,False,False,False,False,False,False,False,False,False,False,False,True,False,False,False,2
1027,2.0,492448.5581,5451390.0603,7746.580071664631,9.5,0.5,0.0,False,False,False,False,False,False,False,False,False,False,False,False,False,False,False,False,False,True,False,False,False,0
1028,0.0,492448.5581,5451640.0603,7501.135444498493,0.0,0.0,0.0,False,False,False,False,False,False,False,False,False,False,False,False,False,False,False,False,False,True,False,False,False,0
1029,2.0,492448.5581,5451890.0603,7256.001867882313,11.5,1.0,0.0,False,False,False,False,False,False,False,False,False,False,False,False,False,False,False,False,False,True,False,False,False,0
1030,3.0,492448.5581,5452140.0603,7011.211967749343,15.0,0.3333333333333333,0.3333333333333333,False,False,False,False,False,False,False,False,False,False,False,False,False,False,False,False,False,True,False,False,False,1
1031,1.0,492448.5581,5452390.0603,6766.803041814622,2.0,1.0,1.0,False,False,False,False,False,False,False,False,False,False,False,False,False,False,False,False,False,True,False,False,False,0
1032,5.0,492448.5581,5452640.0603,6522.817915342388,16.0,0.0,0.2,False,False,False,False,False,False,False,False,False,False,False,False,False,False,False,False,False,True,False,False,False,2
1033,1.0,492448.5581,5452890.0603,6279.305989256426,15.0,0.0,0.0,False,False,False,False,False,False,False,False,False,False,False,False,False,False,False,False,False,True,False,False,False,0
1034,1.0,492448.5581,5453140.0603,6036.324532090006,2.0,1.0,0.0,False,False,False,False,False,False,False,False,False,False,False,False,False,False,False,False,False,True,False,False,False,0
1035,2.0,492448.5581,5453390.0603,5793.940283322881,8.0,0.5,0.5,False,False,False,False,False,False,False,False,False,False,False,False,False,True,False,False,False,False,False,False,False,0
1036,3.0,492448.5581,5453640.0603,5552.231457415265,20.333333333333332,0.6666666666666666,0.3333333333333333,False,False,False,False,False,False,False,False,False,False,False,False,False,True,False,False,False,False,False,False,False,1
1037,0.0,492448.5581,5453890.0603,5311.2902676008625,0.0,0.0,0.0,False,False,False,False,False,False,False,False,False,False,False,False,False,True,False,False,False,False,False,False,False,0
1038,1.0,492448.5581,5454140.0603,5071.226129518545,10.0,0.0,0.0,False,False,False,False,False,False,False,False,False,False,False,False,False,True,False,False,False,False,False,False,False,0
1039,2.0,492448.5581,5454390.0603,4832.169761785243,13.5,0.0,0.5,False,False,False,False,False,False,False,False,False,False,False,False,False,True,False,False,False,False,False,False,False,0
1040,1.0,492448.5581,5454640.0603,4594.278480535509,16.0,0.0,0.0,False,False,False,False,False,False,False,False,False,False,False,False,False,True,False,False,False,False,False,False,False,0
1041,5.0,492448.5581,5454890.0603,4357.743097833059,17.8,0.4,0.2,False,False,False,False,False,False,False,False,False,False,False,False,False,True,False,False,False,False,False,False,False,2
1042,2.0,492448.5581,5455140.0603,4122.79699436095,18.0,0.5,0.0,False,False,False,False,False,False,False,False,False,False,False,False,False,True,False,False,False,False,False,False,False,0
1043,2.0,492448.5581,5455390.0603,3889.7281661719862,17.0,0.0,0.0,False,False,False,False,False,False,False,False,False,False,False,False,False,True,False,False,False,False,False,False,False,0
1044,1.0,492448.5581,5455640.0603,3658.895373840538,21.0,1.0,0.0,False,False,False,False,False,False,False,False,False,False,False,False,False,True,False,False,False,False,False,False,False,0
1045,2.0,492448.5581,5455890.0603,3430.749991869372,16.5,0.0,0.0,False,False,False,False,False,False,False,False,False,False,False,False,False,True,False,False,False,False,False,False,False,0
1046,2.0,492448.5581,5456140.0603,3205.865820135288,14.0,0.0,1.0,False,False,False,False,False,False,False,False,False,False,True,False,False,False,False,False,False,False,False,False,False,0
1047,7.0,492448.5581,5456390.0603,2984.980034558306,13.142857142857142,0.14285714285714285,0.14285714285714285,False,False,False,False,False,False,False,False,False,False,True,False,False,False,False,False,False,False,False,False,False,2
1048,18.0,492448.5581,5456640.0603,2769.0496486541574,12.777777777777779,0.2222222222222222,0.1111111111111111,False,False,False,False,False,False,False,False,False,False,True,False,False,False,False,False,False,False,False,False,False,2
1049,12.0,492448.5581,5456890.0603,2559.32922983967,14.583333333333334,0.4166666666666667,0.16666666666666666,False,False,False,False,False,False,False,False,False,False,True,False,False,False,False,False,False,False,False,False,False,2
1050,10.0,492448.5581,5457140.0603,2357.476671509545,12.6,0.5,0.2,False,False,False,False,False,False,False,False,False,False,True,False,False,False,False,False,False,False,False,False,False,2
1051,46.0,492448.5581,5457390.0603,2165.693054592855,11.934782608695652,0.2391304347826087,0.2391304347826087,False,False,False,False,False,False,False,False,False,False,True,False,False,False,False,False,False,False,False,False,False,2
1052,7.0,492448.5581,5457640.0603,1986.896211862043,15.714285714285714,0.42857142857142855,0.0,False,False,False,False,False,False,False,False,False,False,True,False,False,False,False,False,False,False,False,False,False,2
1053,0.0,492448.5581,5457890.0603,1824.90731455374,0.0,0.0,0.0,True,False,False,False,False,False,False,False,False,False,False,False,False,False,False,False,False,False,False,False,False,0
1054,7.0,492448.5581,5458140.0603,1684.5821015052215,14.285714285714286,0.2857142857142857,0.5714285714285714,True,False,False,False,False,False,False,False,False,False,False,False,False,False,False,False,False,False,False,False,False,2
1055,11.0,492448.5581,5458390.0603,1571.7337582147156,13.0,0.5454545454545454,0.45454545454545453,True,False,False,False,False,False,False,False,False,False,False,False,False,False,False,False,False,False,False,False,False,2
1056,115.0,492448.5581,5458640.0603,1492.6075025644755,12.617391304347827,0.28695652173913044,0.2608695652173913,True,False,False,False,False,False,False,False,False,False,False,False,False,False,False,False,False,False,False,False,False,2
1057,121.0,492448.5581,5458890.0603,1452.7240986201634,12.099173553719009,0.33884297520661155,0.2892561983471074,True,False,False,False,False,False,False,False,False,False,False,False,False,False,False,False,False,False,False,False,False,2
1058,2.0,492448.5581,5459140.0603,1455.313525228077,11.0,0.5,0.0,True,False,False,False,False,False,False,False,False,False,False,False,False,False,False,False,False,False,False,False,False,0
1059,0.0,492449.004380589,5459388.085301919,1500.0746303206408,0.0,0.0,0.0,True,False,False,False,False,False,False,False,False,False,False,False,False,False,False,False,False,False,False,False,False,0
1060,0.0,492500.6740191194,5459525.06688847,1589.8797907476487,0.0,0.0,0.0,True,False,False,False,False,False,False,False,False,False,False,False,False,False,False,False,False,False,False,False,False,0
1061,0.0,492698.4478949324,5450206.973299499,8955.559379934324,0.0,0.0,0.0,False,False,False,False,False,False,False,False,False,False,False,False,False,False,False,False,False,True,False,False,False,0
1062,0.0,492698.5581,5450390.0603,8775.88521214308,0.0,0.0,0.0,False,False,False,False,False,False,False,False,False,False,False,False,False,False,False,False,False,True,False,False,False,0
1063,0.0,492698.5581,5450640.0603,8530.749756423029,0.0,0.0,0.0,False,False,False,False,False,False,False,False,False,False,False,False,False,False,False,False,False,True,False,False,False,0
1064,187.0,492698.5581,5450890.0603,8285.904993222623,15.037433155080214,0.22994652406417113,0.3315508021390374,False,False,False,False,False,False,False,False,False,False,False,False,False,False,False,False,False,True,False,False,False,2
1065,0.0,492698.5581,5451140.0603,8041.377475701013,0.0,0.0,0.0,False,False,False,False,False,False,False,False,False,False,False,False,False,False,False,False,False,True,False,False,False,0
1066,2.0,492698.5581,5451390.0603,7797.197051294241,15.5,0.5,0.0,False,False,False,False,False,False,False,False,False,False,False,False,False,False,False,False,False,True,False,False,False,0
1067,5.0,492698.5581,5451640.0603,7553.397381755551,16.6,0.4,0.4,False,False,False,False,False,False,False,False,False,False,False,False,False,False,False,False,False,True,False,False,False,2
1068,4.0,492698.5581,5451890.0603,7310.0165633678025,10.75,0.0,0.0,False,False,False,False,False,False,False,False,False,False,False,False,False,False,False,False,False,True,False,False,False,1
1069,2.0,492698.5581,5452140.0603,7067.097870180632,14.5,0.0,0.0,False,False,False,False,False,False,False,False,False,False,False,False,False,False,False,False,False,True,False,False,False,0
1070,1.0,492698.5581,5452390.0603,6824.690649158511,22.0,1.0,0.0,False,False,False,False,False,False,False,False,False,False,False,False,False,False,False,False,False,True,False,False,False,0
1071,3.0,492698.5581,5452640.0603,6582.851403967101,1.3333333333333333,1.0,0.3333333333333333,False,False,False,False,False,False,False,False,False,False,False,False,False,False,False,False,False,True,False,False,False,1
1072,3.0,492698.5581,5452890.0603,6341.645114377786,5.0,0.6666666666666666,0.6666666666666666,False,False,False,False,False,False,False,False,False,False,False,False,False,False,False,False,False,True,False,False,False,1
1073,2.0,492698.5581,5453140.0603,6101.146851757598,20.0,0.5,0.0,False,False,False,False,False,False,False,False,False,False,False,False,False,False,False,False,False,True,False,False,False,0
1074,6.0,492698.5581,5453390.0603,5861.443768962698,10.0,0.16666666666666666,0.0,False,False,False,False,False,False,False,False,False,False,False,False,False,True,False,False,False,False,False,False,False,2
1075,3.0,492698.5581,5453640.0603,5622.637566721836,9.0,0.3333333333333333,0.3333333333333333,False,False,False,False,False,False,False,False,False,False,False,False,False,True,False,False,False,False,False,False,False,1
1076,2.0,492698.5581,5453890.0603,5384.847570424966,6.5,0.5,0.0,False,False,False,False,False,False,False,False,False,False,False,False,False,True,False,False,False,False,False,False,False,0
1077,3.0,492698.5581,5454140.0603,5148.214594081298,13.666666666666666,0.0,0.0,False,False,False,False,False,False,False,False,False,False,False,False,False,True,False,False,False,False,False,False,False,1
1078,1.0,492698.5581,5454390.0603,4912.90582615947,4.0,1.0,1.0,False,False,False,False,False,False,False,False,False,False,False,False,False,True,False,False,False,False,False,False,False,0
1079,18.0,492698.5581,5454640.0603,4679.121050658091,16.0,0.2222222222222222,0.2777777777777778,False,False,False,False,False,False,False,False,False,False,False,False,False,True,False,False,False,False,False,False,False,2
1080,12.0,492698.5581,5454890.0603,4447.1006236324,14.416666666666666,0.08333333333333333,0.5,False,False,False,False,False,False,False,False,False,False,False,False,False,True,False,False,False,False,False,False,False,2
1081,8.0,492698.5581,5455140.0603,4217.135770485898,9.625,0.375,0.0,False,False,False,False,False,False,False,False,False,False,False,False,False,True,False,False,False,False,False,False,False,2
1082,8.0,492698.5581,5455390.0603,3989.581965157715,13.375,0.125,0.125,False,False,False,False,False,False,False,False,False,False,False,False,False,True,False,False,False,False,False,False,False,2
1083,7.0,492698.5581,5455640.0603,3764.8764132055785,12.857142857142858,0.14285714285714285,0.2857142857142857,False,False,False,False,False,False,False,False,False,False,False,False,False,True,False,False,False,False,False,False,False,2
1084,17.0,492698.5581,5455890.0603,3543.560999434285,10.705882352941176,0.23529411764705882,0.23529411764705882,False,False,False,False,False,False,False,False,False,False,False,False,False,True,False,False,False,False,False,False,False,2
1085,14.0,492698.5581,5456140.0603,3326.3124788136956,15.642857142857142,0.14285714285714285,0.2857142857142857,False,False,False,False,False,False,False,False,False,False,True,False,False,False,False,False,False,False,False,False,False,2
1086,15.0,492698.5581,5456390.0603,3113.9821542057234,14.533333333333333,0.5333333333333333,0.26666666666666666,False,False,False,False,False,False,False,False,False,False,True,False,False,False,False,False,False,False,False,False,False,2
1087,40.0,492698.5581,5456640.0603,2907.6476758217673,12.25,0.225,0.15,False,False,False,False,False,False,False,False,False,False,True,False,False,False,False,False,False,False,False,False,False,2
1088,20.0,492698.5581,5456890.0603,2708.6795965399324,14.6,0.3,0.3,False,False,False,False,False,False,False,False,False,False,True,False,False,False,False,False,False,False,False,False,False,2
1089,11.0,492698.5581,5457140.0603,2518.824191306677,12.363636363636363,0.45454545454545453,0.0,False,False,False,False,False,False,False,False,False,False,True,False,False,False,False,False,False,False,False,False,False,2
1090,26.0,492698.5581,5457390.0603,2340.3002919949704,13.23076923076923,0.3076923076923077,0.2692307692307692,False,False,False,False,False,False,False,False,False,False,False,False,False,False,False,False,True,False,False,False,False,2
1091,43.0,492698.5581,5457640.0603,2175.89880433621,10.837209302325581,0.37209302325581395,0.3488372093023256,False,False,False,False,False,False,False,False,False,False,True,False,False,False,False,False,False,False,False,False,False,2
1092,28.0,492698.5581,5457890.0603,2029.0553853238591,11.857142857142858,0.42857142857142855,0.21428571428571427,True,False,False,False,False,False,False,False,False,False,False,False,False,False,False,False,False,False,False,False,False,2
1093,51.0,492698.5581,5458140.0603,1903.8371534119615,13.666666666666666,0.27450980392156865,0.27450980392156865,True,False,False,False,False,False,False,False,False,False,False,False,False,False,False,False,False,False,False,False,False,2
1094,46.0,492698.5581,5458390.0603,1804.7509680595178,12.91304347826087,0.4782608695652174,0.34782608695652173,True,False,False,False,False,False,False,False,False,False,False,False,False,False,False,False,False,False,False,False,False,2
1095,161.0,492698.5581,5458640.0603,1736.2765352073882,13.08695652173913,0.2981366459627329,0.32298136645962733,True,False,False,False,False,False,False,False,False,False,False,False,False,False,False,False,False,False,False,False,False,2
1096,67.0,492698.5581,5458890.0603,1702.1123220022168,13.880597014925373,0.417910447761194,0.31343283582089554,True,False,False,False,False,False,False,False,False,False,False,False,False,False,False,False,False,False,False,False,False,2
1097,12.0,492698.5581,5459140.0603,1704.3228880443355,11.0,0.5,0.16666666666666666,True,False,False,False,False,False,False,False,False,False,False,False,False,False,False,False,False,False,False,False,False,2
1098,0.0,492698.5581,5459390.0603,1742.7698232158457,0.0,0.0,0.0,True,False,False,False,False,False,False,False,False,False,False,False,False,False,False,False,False,False,False,False,False,0
1099,0.0,492722.02394504845,5459556.90256109,1809.8361610567913,0.0,0.0,0.0,True,False,False,False,False,False,False,False,False,False,False,False,False,False,False,False,False,False,False,False,False,0
1100,0.0,492948.4473088648,5450207.280569188,9006.018093719118,0.0,0.0,0.0,False,False,False,False,False,False,False,False,False,False,False,False,False,False,False,False,False,True,False,False,False,0
1101,0.0,492948.5581,5450390.0603,8827.680346881143,0.0,0.0,0.0,False,False,False,False,False,False,False,False,False,False,False,False,False,False,False,False,False,True,False,False,False,0
1102,0.0,492948.5581,5450640.0603,8584.02414120042,0.0,0.0,0.0,False,False,False,False,False,False,False,False,False,False,False,False,False,False,False,False,False,True,False,False,False,0
1103,1.0,492948.5581,5450890.0603,8340.74340851651,16.0,0.0,0.0,False,False,False,False,False,False,False,False,False,False,False,False,False,False,False,False,False,True,False,False,False,0
1104,2.0,492948.5581,5451140.0603,8097.871989400154,12.5,0.0,0.5,False,False,False,False,False,False,False,False,False,False,False,False,False,False,False,False,False,True,False,False,False,0
1105,3.0,492948.5581,5451390.0603,7855.447848895161,11.666666666666666,0.3333333333333333,0.3333333333333333,False,False,False,False,False,False,False,False,False,False,False,False,False,False,False,False,False,True,False,False,False,1
1106,2.0,492948.5581,5451640.0603,7613.513712912824,18.0,0.0,0.5,False,False,False,False,False,False,False,False,False,False,False,False,False,False,False,False,False,True,False,False,False,0
1107,4.0,492948.5581,5451890.0603,7372.117823713321,9.75,0.75,0.25,False,False,False,False,False,False,False,False,False,False,False,False,False,False,False,False,False,True,False,False,False,1
1108,2.0,492948.5581,5452140.0603,7131.314840666596,16.0,0.0,0.0,False,False,False,False,False,False,False,False,False,False,False,False,False,False,False,False,False,True,False,False,False,0
1109,3.0,492948.5581,5452390.0603,6891.166919086465,19.333333333333332,0.6666666666666666,0.3333333333333333,False,False,False,False,False,False,False,False,False,False,False,False,False,False,False,False,False,True,False,False,False,1
1110,0.0,492948.5581,5452640.0603,6651.745008395289,0.0,0.0,0.0,False,False,False,False,False,False,False,False,False,False,False,False,False,False,False,False,False,True,False,False,False,0
1111,4.0,492948.5581,5452890.0603,6413.130421776221,18.0,0.5,0.25,False,False,False,False,False,False,False,False,False,False,False,False,False,False,False,False,False,True,False,False,False,1
1112,2.0,492948.5581,5453140.0603,6175.4167435657055,21.0,1.0,0.5,False,False,False,False,False,False,False,False,False,False,False,False,False,False,False,False,False,True,False,False,False,0
1113,0.0,492948.5581,5453390.0603,5938.712158937463,0.0,0.0,0.0,False,False,False,False,False,False,False,False,False,False,False,False,False,True,False,False,False,False,False,False,False,0
1114,1.0,492948.5581,5453640.0603,5703.142314260767,15.0,0.0,0.0,False,False,False,False,False,False,False,False,False,False,False,False,False,True,False,False,False,False,False,False,False,0
1115,0.0,492948.5581,5453890.0603,5468.853847627643,0.0,0.0,0.0,False,False,False,False,False,False,False,False,False,False,False,False,False,True,False,False,False,False,False,False,False,0
1116,2.0,492948.5581,5454140.0603,5236.018769705823,15.5,0.5,0.5,False,False,False,False,False,False,False,False,False,False,False,False,False,True,False,False,False,False,False,False,False,0
1117,0.0,492948.5581,5454390.0603,5004.839928180689,0.0,0.0,0.0,False,False,False,False,False,False,False,False,False,False,False,False,False,True,False,False,False,False,False,False,False,0
1118,1.0,492948.5581,5454640.0603,4775.557858168162,18.0,0.0,0.0,False,False,False,False,False,False,False,False,False,False,False,False,False,True,False,False,False,False,False,False,False,0
1119,1.0,492948.5581,5454890.0603,4548.459410252189,20.0,1.0,1.0,False,False,False,False,False,False,False,False,False,False,False,False,False,True,False,False,False,False,False,False,False,0
1120,3.0,492948.5581,5455140.0603,4323.888661461081,4.666666666666667,0.6666666666666666,0.3333333333333333,False,False,False,False,False,False,False,False,False,False,False,False,False,True,False,False,False,False,False,False,False,1
1121,3.0,492948.5581,5455390.0603,4102.260755572676,18.333333333333332,0.6666666666666666,0.3333333333333333,False,False,False,False,False,False,False,False,False,False,False,False,False,True,False,False,False,False,False,False,False,1
1122,4.0,492948.5581,5455640.0603,3884.0794864049467,20.75,0.75,0.0,False,False,False,False,False,False,False,False,False,False,False,False,False,True,False,False,False,False,False,False,False,1
1123,6.0,492948.5581,5455890.0603,3669.95961922086,13.333333333333334,0.5,0.0,False,False,False,False,False,False,False,False,False,False,False,False,False,True,False,False,False,False,False,False,False,2
1124,14.0,492948.5581,5456140.0603,3460.6551051371366,13.714285714285714,0.14285714285714285,0.2857142857142857,False,False,False,False,False,False,False,False,False,False,True,False,False,False,False,False,False,False,False,False,False,2
1125,15.0,492948.5581,5456390.0603,3257.094396346494,13.933333333333334,0.6,0.2,False,False,False,False,False,False,False,False,False,False,True,False,False,False,False,False,False,False,False,False,False,2
1126,119.0,492948.5581,5456640.0603,3060.4238361233133,14.714285714285714,0.08403361344537816,0.24369747899159663,False,False,False,False,False,False,False,False,False,False,True,False,False,False,False,False,False,False,False,False,False,2
1127,5.0,492948.5581,5456890.0603,2872.0592275772697,12.4,0.4,0.4,False,False,False,False,False,False,False,False,False,False,True,False,False,False,False,False,False,False,False,False,False,2
1128,10.0,492948.5215115187,5457140.079847314,2693.703594536176,8.3,0.6,0.1,False,False,False,False,False,False,False,False,False,False,True,False,False,False,False,False,False,False,False,False,False,2
1129,8.0,492948.5581,5457390.0603,2527.6044996620326,17.625,0.375,0.375,False,False,False,False,False,False,False,False,False,False,False,False,False,False,False,False,True,False,False,False,False,2
1130,7.0,492948.5581,5457640.0603,2376.197520559215,11.428571428571429,0.14285714285714285,0.42857142857142855,False,False,False,False,False,False,False,False,False,False,False,False,False,False,False,False,True,False,False,False,False,2
1131,2.0,492948.5581,5457890.0603,2242.5085967977398,18.0,0.0,0.0,False,False,False,False,False,False,False,False,False,False,False,False,False,False,False,False,True,False,False,False,False,0
1132,8.0,492948.5581,5458140.0603,2129.8767468357814,12.0,0.5,0.0,False,False,False,False,False,False,False,False,False,False,False,False,False,False,False,False,True,False,False,False,False,2
1133,22.0,492948.5581,5458390.0603,2041.7896822914397,11.272727272727273,0.45454545454545453,0.18181818181818182,False,False,False,False,False,False,False,False,False,False,False,False,False,False,False,False,True,False,False,False,False,2
1134,97.0,492948.5581,5458640.0603,1981.5234686250335,12.154639175257731,0.4639175257731959,0.3917525773195876,False,False,False,False,False,False,False,False,False,False,False,False,False,False,False,False,True,False,False,False,False,2
1135,90.0,492948.5581,5458890.0603,1951.6570925015978,13.144444444444444,0.4111111111111111,0.28888888888888886,False,False,False,False,False,False,False,False,False,False,False,False,False,False,False,False,True,False,False,False,False,2
1136,43.0,492948.5581,5459140.0603,1953.5853082759904,12.046511627906977,0.5581395348837209,0.2558139534883721,False,False,False,False,False,False,False,False,False,False,False,False,False,False,False,False,True,False,False,False,False,2
1137,0.0,492948.5581,5459390.0603,1987.215566241318,0.0,0.0,0.0,False,False,False,False,False,False,False,False,False,False,False,False,False,False,False,False,True,False,False,False,False,0
1138,0.0,492959.8190237391,5459598.334066786,2049.1203628108633,0.0,0.0,0.0,False,False,False,False,False,False,False,False,False,False,False,False,False,False,False,False,True,False,False,False,False,0
1139,0.0,493198.44671653036,5450207.587838871,9063.09437094115,0.0,0.0,0.0,False,False,False,False,False,False,False,False,False,False,False,False,False,False,False,False,False,True,False,False,False,0
1140,0.0,493198.5581,5450390.0603,8886.209504435037,0.0,0.0,0.0,False,False,False,False,False,False,False,False,False,False,False,False,False,False,False,False,False,True,False,False,False,0
1141,3.0,493198.5581,5450640.0603,8644.20323145584,13.333333333333334,0.0,0.3333333333333333,False,False,False,False,False,False,False,False,False,False,False,False,False,False,False,False,False,True,False,False,False,1
1142,3.0,493198.5581,5450890.0603,8402.665032994688,16.333333333333332,0.3333333333333333,0.3333333333333333,False,False,False,False,False,False,False,False,False,False,False,False,False,False,False,False,False,True,False,False,False,1
1143,4.0,493198.5581,5451140.0603,8161.636466218746,6.5,0.5,0.0,False,False,False,False,False,False,False,False,False,False,False,False,False,False,False,False,False,True,False,False,False,1
1144,4.0,493198.5581,5451390.0603,7921.164053137116,12.25,0.25,0.25,False,False,False,False,False,False,False,False,False,False,False,False,False,False,False,False,False,True,False,False,False,1
1145,2.0,493198.5581,5451640.0603,7681.300027125072,17.0,0.5,0.0,False,False,False,False,False,False,False,False,False,False,False,False,False,False,False,False,False,True,False,False,False,0
1146,2.0,493198.5581,5451890.0603,7442.103214596774,7.5,0.5,0.5,False,False,False,False,False,False,False,False,False,False,False,False,False,False,False,False,False,True,False,False,False,0
1147,1.0,493198.5581,5452140.0603,7203.6400803143715,23.0,1.0,1.0,False,False,False,False,False,False,False,False,False,False,False,False,False,False,False,False,False,True,False,False,False,0
1148,1.0,493198.5581,5452390.0603,6965.985971613182,10.0,0.0,0.0,False,False,False,False,False,False,False,False,False,False,False,False,False,False,False,False,False,True,False,False,False,0
1149,2.0,493198.5581,5452640.0603,6729.226605391712,17.0,0.5,0.5,False,False,False,False,False,False,False,False,False,False,False,False,False,False,False,False,False,True,False,False,False,0
1150,2.0,493198.5581,5452890.0603,6493.459852552541,19.0,0.5,0.0,False,False,False,False,False,False,False,False,False,False,False,False,False,False,False,False,False,True,False,False,False,0
1151,1.0,493198.5581,5453140.0603,6258.797888309837,17.0,0.0,1.0,False,False,False,False,False,False,False,False,False,False,False,False,False,False,False,False,False,True,False,False,False,0
1152,1.0,493198.5581,5453390.0603,6025.369794187878,9.0,0.0,0.0,False,False,False,False,False,False,False,False,False,False,False,False,False,True,False,False,False,False,False,False,False,0
1153,0.0,493198.5581,5453640.0603,5793.324719598555,0.0,0.0,0.0,False,False,False,False,False,False,False,False,False,False,False,False,False,True,False,False,False,False,False,False,False,0
1154,0.0,493198.5581,5453890.0603,5562.835738785721,0.0,0.0,0.0,False,False,False,False,False,False,False,False,False,False,False,False,False,True,False,False,False,False,False,False,False,0
1155,0.0,493198.5581,5454140.0603,5334.1045740322415,0.0,0.0,0.0,False,False,False,False,False,False,False,False,False,False,False,False,False,True,False,False,False,False,False,False,False,0
1156,5.0,493198.5581,5454390.0603,5107.367399816827,11.6,0.4,0.6,False,False,False,False,False,False,False,False,False,False,False,False,False,True,False,False,False,False,False,False,False,2
1157,4.0,493198.5581,5454640.0603,4882.901996427094,17.5,1.0,0.5,False,False,False,False,False,False,False,False,False,False,False,False,False,True,False,False,False,False,False,False,False,1
1158,2.0,493198.5581,5454890.0603,4661.036586073071,12.0,0.0,1.0,False,False,False,False,False,False,False,False,False,False,False,False,False,True,False,False,False,False,False,False,False,0
1159,1.0,493198.5581,5455140.0603,4442.160758765008,15.0,0.0,0.0,False,False,False,False,False,False,False,False,False,False,False,False,False,True,False,False,False,False,False,False,False,0
1160,0.0,493198.5581,5455390.0603,4226.738974281677,0.0,0.0,0.0,False,False,False,False,False,False,False,False,False,False,False,False,False,True,False,False,False,False,False,False,False,0
1161,5.0,493198.5581,5455640.0603,4015.327197964286,8.6,0.6,0.4,False,False,False,False,False,False,False,False,False,False,False,False,False,True,False,False,False,False,False,False,False,2
1162,1.0,493198.5581,5455890.0603,3808.5932648041758,16.0,0.0,0.0,False,False,False,False,False,False,False,False,False,False,False,False,False,True,False,False,False,False,False,False,False,0
1163,2.0,493198.5581,5456140.0603,3607.341515120482,14.0,0.0,0.0,False,False,False,False,False,False,False,False,False,False,True,False,False,False,False,False,False,False,False,False,False,0
1164,4.0,493198.5581,5456390.0603,3412.5420080508525,11.5,0.5,0.25,False,False,False,False,False,False,False,False,False,False,True,False,False,False,False,False,False,False,False,False,False,1
1165,7.0,493198.5581,5456640.0603,3225.364027007145,11.857142857142858,0.5714285714285714,0.5714285714285714,False,False,False,False,False,False,False,False,False,False,True,False,False,False,False,False,False,False,False,False,False,2
1166,2.0,493198.5581,5456890.0603,3047.212374730674,14.0,0.0,0.0,False,False,False,False,False,False,False,False,False,False,True,False,False,False,False,False,False,False,False,False,False,0
1167,2.0,493198.5581,5457140.0603,2879.7627344473644,6.5,0.5,0.5,False,False,False,False,False,False,False,False,False,False,False,False,False,False,False,False,True,False,False,False,False,0
1168,9.0,493198.5581,5457390.0603,2724.9887259788375,10.777777777777779,0.1111111111111111,0.2222222222222222,False,False,False,False,False,False,False,False,False,False,False,False,False,False,False,False,True,False,False,False,False,2
1169,3.0,493198.5581,5457640.0603,2585.168022916842,9.333333333333334,0.3333333333333333,0.6666666666666666,False,False,False,False,False,False,False,False,False,False,False,False,False,False,False,False,True,False,False,False,False,1
1170,1.0,493198.5581,5457890.0603,2462.848727939209,23.0,1.0,0.0,False,False,False,False,False,False,False,False,False,False,False,False,False,False,False,False,True,False,False,False,False,0
1171,8.0,493198.5581,5458140.0603,2360.752847443329,16.875,0.375,0.125,False,False,False,False,False,False,False,False,False,False,False,False,False,False,False,False,True,False,False,False,False,2
1172,23.0,493198.5581,5458390.0603,2281.5968435969994,10.043478260869565,0.5217391304347826,0.13043478260869565,False,False,False,False,False,False,False,False,False,False,False,False,False,False,False,False,True,False,False,False,False,2
1173,21.0,493198.5581,5458640.0603,2227.8272614167818,14.095238095238095,0.23809523809523808,0.14285714285714285,False,False,False,False,False,False,False,False,False,False,False,False,False,False,False,False,True,False,False,False,False,2
1174,35.0,493198.5581,5458890.0603,2201.305171190901,12.114285714285714,0.34285714285714286,0.4,False,False,False,False,False,False,False,False,False,False,False,False,False,False,False,False,True,False,False,False,False,2
1175,36.0,493198.5581,5459140.0603,2203.0148902610276,13.583333333333334,0.4166666666666667,0.08333333333333333,False,False,False,False,False,False,False,False,False,False,False,False,False,False,False,False,True,False,False,False,False,2
1176,0.0,493198.5581,5459390.0603,2232.8915685074844,0.0,0.0,0.0,False,False,False,False,False,False,False,False,False,False,False,False,False,False,False,False,True,False,False,False,False,0
1177,0.0,493200.86958945275,5459631.8189456,2289.7646450665297,0.0,0.0,0.0,False,False,False,False,False,False,False,False,False,False,False,False,False,False,False,False,True,False,False,False,False,0
1178,0.0,493427.3387398674,5450218.270077035,9111.023751366407,0.0,0.0,0.0,False,False,False,False,False,False,False,False,False,False,False,False,False,False,False,False,False,True,False,False,False,0
1179,0.0,493448.5581,5450390.0603,8951.34059271077,0.0,0.0,0.0,False,False,False,False,False,False,False,False,False,False,False,False,False,False,False,False,False,True,False,False,False,0
1180,0.0,493448.5581,5450640.0603,8711.14392928458,0.0,0.0,0.0,False,False,False,False,False,False,False,False,False,False,False,False,False,False,False,False,False,True,False,False,False,0
1181,7.0,493448.5581,5450890.0603,8471.514546213777,14.857142857142858,0.2857142857142857,0.2857142857142857,False,False,False,False,False,False,False,False,False,False,False,False,False,False,False,False,False,True,False,False,False,2
1182,4.0,493448.5581,5451140.0603,8232.501980364877,7.5,0.5,0.0,False,False,False,False,False,False,False,False,False,False,False,False,False,False,False,False,False,True,False,False,False,1
1183,1.0,493448.5581,5451390.0603,7994.161557456269,17.0,0.0,0.0,False,False,False,False,False,False,False,False,False,False,False,False,False,False,False,False,False,True,False,False,False,0
1184,4.0,493448.5581,5451640.0603,7756.555237778665,12.5,0.75,0.25,False,False,False,False,False,False,False,False,False,False,False,False,False,False,False,False,False,True,False,False,False,1
1185,7.0,493448.5581,5451890.0603,7519.75260940888,11.714285714285714,0.2857142857142857,0.2857142857142857,False,False,False,False,False,False,False,False,False,False,False,False,False,False,False,False,False,True,False,False,False,2
1186,4.0,493448.5581,5452140.0603,7283.832058519173,15.5,0.25,0.0,False,False,False,False,False,False,False,False,False,False,False,False,False,False,False,False,False,True,False,False,False,1
1187,12.0,493448.5581,5452390.0603,7048.882152987923,12.833333333333334,0.25,0.08333333333333333,False,False,False,False,False,False,False,False,False,False,False,False,False,False,False,False,False,True,False,False,False,2
1188,9.0,493448.5581,5452640.0603,6815.003283690454,17.0,0.4444444444444444,0.1111111111111111,False,False,False,False,False,False,False,False,False,False,False,False,False,False,False,False,False,True,False,False,False,2
1189,19.0,493448.5581,5452890.0603,6582.309617961743,14.210526315789474,0.10526315789473684,0.2631578947368421,False,False,False,False,False,False,False,False,False,False,False,False,False,False,False,False,False,True,False,False,False,2
1190,6.0,493448.5581,5453140.0603,6350.931432216197,15.833333333333334,0.16666666666666666,0.3333333333333333,False,False,False,False,False,False,False,False,False,False,False,False,False,False,False,False,False,True,False,False,False,2
1191,3.0,493448.5581,5453390.0603,6121.017906093045,13.0,0.3333333333333333,0.0,False,False,False,False,False,True,False,False,False,False,False,False,False,False,False,False,False,False,False,False,False,1
1192,2.0,493448.5581,5453640.0603,5892.740479328077,14.0,0.0,0.0,False,False,False,False,False,True,False,False,False,False,False,False,False,False,False,False,False,False,False,False,False,0
1193,0.0,493448.5581,5453890.0603,5666.296895390471,0.0,0.0,0.0,False,False,False,False,False,True,False,False,False,False,False,False,False,False,False,False,False,False,False,False,False,0
1194,5.0,493448.5581,5454140.0603,5441.916083211106,14.6,0.2,0.0,False,False,False,False,False,True,False,False,False,False,False,False,False,False,False,False,False,False,False,False,False,2
1195,7.0,493448.5581,5454390.0603,5219.864060175485,11.571428571428571,0.7142857142857143,0.5714285714285714,False,False,False,False,False,True,False,False,False,False,False,False,False,False,False,False,False,False,False,False,False,2
1196,16.0,493448.5581,5454640.0603,5000.451075324276,15.5,0.3125,0.375,False,False,False,False,False,True,False,False,False,False,False,False,False,False,False,False,False,False,False,False,False,2
1197,5.0,493448.5581,5454890.0603,4784.0402492779795,14.4,0.4,0.2,False,False,False,False,False,True,False,False,False,False,False,False,False,False,False,False,False,False,False,False,False,2
1198,8.0,493448.5581,5455140.0603,4571.058001897562,12.75,0.125,0.125,False,False,False,False,False,True,False,False,False,False,False,False,False,False,False,False,False,False,False,False,False,2
1199,5.0,493448.5581,5455390.0603,4362.006580315043,15.4,0.2,0.2,False,False,False,False,False,False,False,False,False,False,False,False,False,True,False,False,False,False,False,False,False,2
1200,9.0,493448.5581,5455640.0603,4157.47899053161,16.555555555555557,0.5555555555555556,0.2222222222222222,False,False,False,False,False,False,False,False,False,False,False,False,False,True,False,False,False,False,False,False,False,2
1201,5.0,493448.5581,5455890.0603,3958.176563357393,12.2,0.0,0.0,False,False,False,False,False,False,False,False,False,False,False,False,False,True,False,False,False,False,False,False,False,2
1202,7.0,493448.5581,5456140.0603,3764.9291967727295,10.0,0.5714285714285714,0.0,False,False,False,False,False,False,False,False,False,False,True,False,False,False,False,False,False,False,False,False,False,2
1203,2.0,493448.5581,5456390.0603,3578.717927793661,18.0,0.5,0.0,False,False,False,False,False,False,False,False,False,False,True,False,False,False,False,False,False,False,False,False,False,0
1204,14.0,493448.5581,5456640.0603,3400.6987747684684,15.142857142857142,0.21428571428571427,0.21428571428571427,False,False,False,False,False,False,False,False,False,False,True,False,False,False,False,False,False,False,False,False,False,2
1205,5.0,493448.5581,5456890.0603,3232.225596506495,12.4,0.2,0.0,False,False,False,False,False,False,False,False,False,False,True,False,False,False,False,False,False,False,False,False,False,2
1206,6.0,493448.4789225131,5457140.114342148,3074.7721369676874,7.833333333333333,0.3333333333333333,0.3333333333333333,False,False,False,False,False,False,False,False,False,False,False,False,False,False,False,False,True,False,False,False,False,2
1207,1.0,493448.5581,5457390.0603,2930.416797438852,22.0,1.0,0.0,False,False,False,False,False,False,False,False,False,False,False,False,False,False,False,False,True,False,False,False,False,0
1208,3.0,493448.5581,5457640.0603,2800.8699999664004,15.666666666666666,1.0,0.0,False,False,False,False,False,False,False,False,False,False,False,False,False,False,False,False,True,False,False,False,False,1
1209,1.0,493448.5581,5457890.0603,2688.382953879858,18.0,0.0,1.0,False,False,False,False,False,False,False,False,False,False,False,False,False,False,False,False,True,False,False,False,False,0
1210,6.0,493448.5581,5458140.0603,2595.1749568597097,6.666666666666667,0.6666666666666666,0.16666666666666666,False,False,False,False,False,False,False,False,False,False,False,False,False,False,False,False,True,False,False,False,False,2
1211,21.0,493448.5581,5458390.0603,2523.3832857320353,13.19047619047619,0.38095238095238093,0.38095238095238093,False,False,False,False,False,False,False,False,False,False,False,False,False,False,False,False,True,False,False,False,False,2
1212,43.0,493448.5581,5458640.0603,2474.872392005658,11.790697674418604,0.32558139534883723,0.13953488372093023,False,False,False,False,False,False,False,False,False,False,False,False,False,False,False,False,True,False,False,False,False,2
1213,61.0,493448.5581,5458890.0603,2451.0249910418734,10.40983606557377,0.36065573770491804,0.2459016393442623,False,False,False,False,False,False,False,False,False,False,False,False,False,False,False,False,True,False,False,False,False,2
1214,14.0,493448.5581,5459140.0603,2452.5606326270145,15.0,0.21428571428571427,0.07142857142857142,False,False,False,False,False,False,False,False,False,False,False,False,False,False,False,False,True,False,False,False,False,2
1215,0.0,493448.5581,5459390.0603,2479.4321540852507,0.0,0.0,0.0,False,False,False,False,False,False,False,False,False,False,False,False,False,False,False,False,True,False,False,False,False,0
1216,0.0,493447.9948509453,5459632.09092041,2528.283552515354,0.0,0.0,0.0,False,False,False,False,False,False,False,False,False,False,False,False,False,False,False,False,True,False,False,False,False,0
1217,0.0,493605.9015692499,5450252.924962346,9126.995381995173,0.0,0.0,0.0,False,False,False,False,False,False,False,False,False,False,False,False,False,False,False,False,False,True,False,False,False,0
1218,0.0,493692.9671658938,5450398.0579043375,9013.627459225956,0.0,0.0,0.0,False,False,False,False,False,False,False,False,False,False,False,False,False,False,False,False,False,True,False,False,False,0
1219,0.0,493698.5581,5450640.0603,8784.691662586207,0.0,0.0,0.0,False,False,False,False,False,False,False,False,False,False,False,False,False,False,False,False,False,True,False,False,False,0
1220,2.0,493698.5581,5450890.0603,8547.124531484938,10.0,0.5,0.0,False,False,False,False,False,False,False,False,False,False,False,False,False,False,False,False,False,True,False,False,False,0
1221,1.0,493698.5581,5451140.0603,8310.286872708524,22.0,1.0,0.0,False,False,False,False,False,False,False,False,False,False,False,False,False,False,False,False,False,True,False,False,False,0
1222,1.0,493698.5581,5451390.0603,8074.242878233949,20.0,1.0,0.0,False,False,False,False,False,False,False,False,False,False,False,False,False,False,False,False,False,True,False,False,False,0
1223,2.0,493698.5581,5451640.0603,7839.0642430529715,15.0,0.5,0.0,False,False,False,False,False,False,False,False,False,False,False,False,False,False,False,False,False,True,False,False,False,0
1224,3.0,493698.5581,5451890.0603,7604.831251034547,12.333333333333334,0.6666666666666666,0.3333333333333333,False,False,False,False,False,False,False,False,False,False,False,False,False,False,False,False,False,True,False,False,False,1
1225,3.0,493698.5581,5452140.0603,7371.634045902691,20.0,0.6666666666666666,0.0,False,False,False,False,False,False,False,False,False,False,False,False,False,False,False,False,False,True,False,False,False,1
1226,3.0,493698.5581,5452390.0603,7139.574122922996,8.333333333333334,0.3333333333333333,0.0,False,False,False,False,False,False,False,False,False,False,False,False,False,False,False,False,False,True,False,False,False,1
1227,2.0,493698.5581,5452640.0603,6908.766084237595,20.0,0.5,0.0,False,False,False,False,False,False,False,False,False,False,False,False,False,False,False,False,False,True,False,False,False,0
1228,1.0,493698.5581,5452890.0603,6679.339709635354,0.0,1.0,0.0,False,False,False,False,False,False,False,False,False,False,False,False,False,False,False,False,False,True,False,False,False,0
1229,1.0,493698.5581,5453140.0603,6451.442405130166,19.0,0.0,1.0,False,False,False,False,False,False,False,False,False,False,False,False,False,False,False,False,False,True,False,False,False,0
1230,2.0,493698.5581,5453390.0603,6225.242104264837,17.5,0.0,0.0,False,False,False,False,False,True,False,False,False,False,False,False,False,False,False,False,False,False,False,False,False,0
1231,3.0,493698.5581,5453640.0603,6000.930711707285,18.0,0.3333333333333333,0.3333333333333333,False,False,False,False,False,True,False,False,False,False,False,False,False,False,False,False,False,False,False,False,False,1
1232,3.0,493698.5581,5453890.0603,5778.728195434675,8.666666666666666,0.3333333333333333,0.0,False,False,False,False,False,True,False,False,False,False,False,False,False,False,False,False,False,False,False,False,False,1
1233,2.0,493698.5581,5454140.0603,5558.887452243633,14.5,0.0,0.5,False,False,False,False,False,True,False,False,False,False,False,False,False,False,False,False,False,False,False,False,False,0
1234,6.0,493698.5581,5454390.0603,5341.70009048727,16.166666666666668,0.6666666666666666,0.16666666666666666,False,False,False,False,False,True,False,False,False,False,False,False,False,False,False,False,False,False,False,False,False,2
1235,2.0,493698.5581,5454640.0603,5127.503291730949,16.5,0.0,0.0,False,False,False,False,False,True,False,False,False,False,False,False,False,False,False,False,False,False,False,False,False,0
1236,2.0,493698.5581,5454890.0603,4916.687925495346,20.5,1.0,0.5,False,False,False,False,False,True,False,False,False,False,False,False,False,False,False,False,False,False,False,False,False,0
1237,7.0,493698.5581,5455140.0603,4709.708091454473,12.428571428571429,0.2857142857142857,0.7142857142857143,False,False,False,False,False,True,False,False,False,False,False,False,False,False,False,False,False,False,False,False,False,2
1238,3.0,493698.5581,5455390.0603,4507.092239649833,11.333333333333334,0.3333333333333333,0.3333333333333333,False,False,False,False,False,True,False,False,False,False,False,False,False,False,False,False,False,False,False,False,False,1
1239,3.0,493698.5581,5455640.0603,4309.455952520196,14.0,1.0,0.3333333333333333,False,False,False,False,False,True,False,False,False,False,False,False,False,False,False,False,False,False,False,False,False,1
1240,4.0,493698.5581,5455890.0603,4117.5163335088,17.75,0.25,0.0,False,False,False,False,False,True,False,False,False,False,False,False,False,False,False,False,False,False,False,False,False,1
1241,5.0,493698.5581,5456140.0603,3932.1076926645537,19.2,0.6,0.4,False,False,False,False,False,False,False,False,False,False,True,False,False,False,False,False,False,False,False,False,False,2
1242,0.0,493698.5581,5456390.0603,3754.1977913679198,0.0,0.0,0.0,False,False,False,False,False,False,False,False,False,False,True,False,False,False,False,False,False,False,False,False,False,0
1243,9.0,493698.5581,5456640.0603,3584.903235334501,16.555555555555557,0.3333333333333333,0.2222222222222222,False,False,False,False,False,False,False,False,False,False,True,False,False,False,False,False,False,False,False,False,False,2
1244,4.0,493698.5581,5456890.0603,3425.5016211807256,13.25,0.0,0.0,False,False,False,False,False,False,False,False,False,False,True,False,False,False,False,False,False,False,False,False,False,1
1245,1.0,493698.5581,5457140.0603,3277.436728101976,15.0,0.0,0.0,False,False,False,False,False,False,False,False,False,False,False,False,False,False,False,False,True,False,False,False,False,0
1246,2.0,493698.5581,5457390.0603,3142.3115149061514,12.5,0.0,0.0,False,False,False,False,False,False,False,False,False,False,False,False,False,False,False,False,True,False,False,False,False,0
1247,4.0,493698.5581,5457640.0603,3021.862307702288,10.75,0.25,0.25,False,False,False,False,False,False,False,False,False,False,False,False,False,False,False,False,True,False,False,False,False,1
1248,1.0,493698.5581,5457890.0603,2917.907119274327,6.0,0.0,0.0,False,False,False,False,False,False,False,False,False,False,False,False,False,False,False,False,True,False,False,False,False,0
1249,2.0,493698.5581,5458140.0603,2832.262718518854,18.5,0.5,0.5,False,False,False,False,False,False,False,False,False,False,False,False,False,False,False,False,True,False,False,False,False,0
1250,12.0,493698.5581,5458390.0603,2766.630126473688,11.75,0.4166666666666667,0.4166666666666667,False,False,False,False,False,False,False,False,False,False,False,False,False,False,False,False,True,False,False,False,False,2
1251,6.0,493698.5581,5458640.0603,2722.4570532355183,9.5,0.5,0.5,False,False,False,False,False,False,False,False,False,False,False,False,False,False,False,False,True,False,False,False,False,2
1252,10.0,493698.5581,5458890.0603,2700.7966522327865,13.5,0.4,0.2,False,False,False,False,False,False,False,False,False,False,False,False,False,False,False,False,True,False,False,False,False,2
1253,0.0,493698.5581,5459140.0603,2702.1903535302304,0.0,0.0,0.0,False,False,False,False,False,False,False,False,False,False,False,False,False,False,False,False,True,False,False,False,False,0
1254,0.0,493698.5581,5459390.0603,2726.6028050876494,0.0,0.0,0.0,False,False,False,False,False,False,False,False,False,False,False,False,False,False,False,False,True,False,False,False,False,0
1255,0.0,493697.97919982654,5459628.927276652,2770.3142930025033,0.0,0.0,0.0,False,False,False,False,False,False,False,False,False,False,False,False,False,False,False,False,True,False,False,False,False,0
1256,0.0,493935.1493186019,5450439.6910467725,9049.52987161187,0.0,0.0,0.0,False,False,False,False,False,False,False,False,False,False,False,False,False,False,False,False,False,True,False,False,False,0
1257,1.0,493948.5581,5450640.0603,8864.681982830047,15.0,0.0,0.0,False,False,False,False,False,False,False,False,False,False,False,False,False,False,False,False,False,True,False,False,False,0
1258,4.0,493948.5581,5450890.0603,8629.317285087602,8.5,0.25,0.0,False,False,False,False,False,False,False,False,False,False,False,False,False,False,False,False,False,True,False,False,False,1
1259,2.0,493948.5581,5451140.0603,8394.798803825595,14.0,0.0,0.0,False,False,False,False,False,False,False,False,False,False,False,False,False,False,False,False,False,True,False,False,False,0
1260,3.0,493948.5581,5451390.0603,8161.199489456906,15.333333333333334,1.0,0.6666666666666666,False,False,False,False,False,False,False,False,False,False,False,False,False,False,False,False,False,True,False,False,False,1
1261,1.0,493948.5581,5451640.0603,7928.60058627698,19.0,0.0,0.0,False,False,False,False,False,False,False,False,False,False,False,False,False,False,False,False,False,True,False,False,False,0
1262,3.0,493948.5581,5451890.0603,7697.092789275161,8.666666666666666,1.0,0.0,False,False,False,False,False,False,False,False,False,False,False,False,False,False,False,False,False,True,False,False,False,1
1263,0.0,493948.5581,5452140.0603,7466.7775885392275,0.0,0.0,0.0,False,False,False,False,False,False,False,False,False,False,False,False,False,False,False,False,False,True,False,False,False,0
1264,3.0,493948.5581,5452390.0603,7237.7688348490165,11.666666666666666,0.6666666666666666,0.6666666666666666,False,False,False,False,False,False,False,False,False,False,False,False,False,False,False,False,False,True,False,False,False,1
1265,0.0,493948.5581,5452640.0603,7010.1945662521875,0.0,0.0,0.0,False,False,False,False,False,False,False,False,False,False,False,False,False,False,False,False,False,True,False,False,False,0
1266,0.0,493948.5581,5452890.0603,6784.199142618951,0.0,0.0,0.0,False,False,False,False,False,False,False,False,False,False,False,False,False,False,False,False,False,True,False,False,False,0
1267,1.0,493948.5581,5453140.0603,6559.945743427434,23.0,1.0,0.0,False,False,False,False,False,False,False,False,False,False,False,False,False,False,False,False,False,True,False,False,False,0
1268,2.0,493948.5581,5453390.0603,6337.619293292372,23.0,1.0,0.0,False,False,False,False,False,True,False,False,False,False,False,False,False,False,False,False,False,False,False,False,False,0
1269,3.0,493948.5581,5453640.0603,6117.429889807623,12.0,0.6666666666666666,0.0,False,False,False,False,False,True,False,False,False,False,False,False,False,False,False,False,False,False,False,False,False,1
1270,2.0,493948.5581,5453890.0603,5899.6168186342165,17.0,0.0,1.0,False,False,False,False,False,True,False,False,False,False,False,False,False,False,False,False,False,False,False,False,False,0
1271,0.0,493948.5581,5454140.0603,5684.4532504640865,0.0,0.0,0.0,False,False,False,False,False,True,False,False,False,False,False,False,False,False,False,False,False,False,False,False,False,0
1272,3.0,493948.5581,5454390.0603,5472.251721797136,15.0,0.0,0.3333333333333333,False,False,False,False,False,True,False,False,False,False,False,False,False,False,False,False,False,False,False,False,False,1
1273,2.0,493948.5581,5454640.0603,5263.3705034618015,11.0,1.0,0.0,False,False,False,False,False,True,False,False,False,False,False,False,False,False,False,False,False,False,False,False,False,0
1274,1.0,493948.5581,5454890.0603,5058.220952737409,18.0,0.0,0.0,False,False,False,False,False,True,False,False,False,False,False,False,False,False,False,False,False,False,False,False,False,0
1275,1.0,493948.5581,5455140.0603,4857.2759193514785,8.0,0.0,0.0,False,False,False,False,False,True,False,False,False,False,False,False,False,False,False,False,False,False,False,False,False,0
1276,8.0,493948.5581,5455390.0603,4661.079221243912,17.875,0.25,0.25,False,False,False,False,False,True,False,False,False,False,False,False,False,False,False,False,False,False,False,False,False,2
1277,10.0,493948.5581,5455640.0603,4470.2561063894045,10.3,0.5,0.3,False,False,False,False,False,True,False,False,False,False,False,False,False,False,False,False,False,False,False,False,False,2
1278,2.0,493948.5581,5455890.0603,4285.524449435771,10.0,0.0,0.0,False,False,False,False,False,True,False,False,False,False,False,False,False,False,False,False,False,False,False,False,False,0
1279,5.0,493948.5581,5456140.0603,4107.706167280197,5.2,0.8,0.2,False,False,False,False,False,False,False,False,False,False,True,False,False,False,False,False,False,False,False,False,False,2
1280,1.0,493948.5581,5456390.0603,3937.7379428692025,16.0,0.0,0.0,False,False,False,False,False,False,False,False,False,False,True,False,False,False,False,False,False,False,False,False,False,0
1281,3.0,493948.5581,5456640.0603,3776.6797927163198,14.666666666666666,0.3333333333333333,0.3333333333333333,False,False,False,False,False,False,False,False,False,False,True,False,False,False,False,False,False,False,False,False,False,1
1282,3.0,493948.5302503915,5456890.047316213,3625.7042026747345,11.0,0.0,0.3333333333333333,False,False,False,False,False,False,False,False,False,False,True,False,False,False,False,False,False,False,False,False,False,1
1283,0.0,493948.5581,5457140.0603,3486.1684636161513,0.0,0.0,0.0,False,False,False,False,False,False,False,False,False,False,False,False,False,False,False,False,True,False,False,False,False,0
1284,105.0,493948.5581,5457390.0603,3359.449464824825,12.485714285714286,0.0761904761904762,0.23809523809523808,False,False,False,False,False,False,False,False,False,False,False,False,False,False,False,False,True,False,False,False,False,2
1285,1.0,493948.5581,5457640.0603,3247.064960346776,13.0,0.0,0.0,False,False,False,False,False,False,False,False,False,False,False,False,False,False,False,False,True,False,False,False,False,0
1286,1.0,493948.5581,5457890.0603,3150.5493182478217,20.0,1.0,0.0,False,False,False,False,False,False,False,False,False,False,False,False,False,False,False,False,True,False,False,False,False,0
1287,4.0,493948.5581,5458140.0603,3071.3988924774685,16.75,0.0,0.25,False,False,False,False,False,False,False,False,False,False,False,False,False,False,False,False,True,False,False,False,False,1
1288,8.0,493948.5581,5458390.0603,3010.983445107566,13.125,0.375,0.375,False,False,False,False,False,False,False,False,False,False,False,False,False,False,False,False,True,False,False,False,False,2
1289,25.0,493948.5581,5458640.0603,2970.4463396452447,11.32,0.36,0.16,False,False,False,False,False,False,False,False,False,False,False,False,False,False,False,False,True,False,False,False,False,2
1290,9.0,493948.5581,5458890.0603,2950.606989538227,14.666666666666666,0.4444444444444444,0.1111111111111111,False,False,False,False,False,False,False,False,False,False,False,False,False,False,False,False,True,False,False,False,False,2
1291,0.0,493948.5581,5459140.0603,2951.8827477919654,0.0,0.0,0.0,False,False,False,False,False,False,False,False,False,False,False,False,False,False,False,False,True,False,False,False,False,0
1292,0.0,493948.5581,5459390.0603,2974.246443506632,0.0,0.0,0.0,False,False,False,False,False,False,False,False,False,False,False,False,False,False,False,False,True,False,False,False,False,0
1293,0.0,493947.96265404567,5459625.763644218,3013.646287817055,0.0,0.0,0.0,False,False,False,False,False,False,False,False,False,False,False,False,False,False,False,False,True,False,False,False,False,0
1294,0.0,494148.19533873204,5450480.669875936,9082.407150838615,0.0,0.0,0.0,False,False,False,False,False,False,False,False,False,False,False,False,False,False,False,False,False,True,False,False,False,0
1295,0.0,494198.3383323784,5450640.291123906,8950.648053711166,0.0,0.0,0.0,False,False,False,False,False,False,False,False,False,False,False,False,False,False,False,False,False,True,False,False,False,0
1296,0.0,494198.5581,5450890.0603,8717.90662124295,0.0,0.0,0.0,False,False,False,False,False,False,False,False,False,False,False,False,False,False,False,False,False,True,False,False,False,0
1297,3.0,494198.5581,5451140.0603,8485.836788833007,14.666666666666666,0.3333333333333333,0.3333333333333333,False,False,False,False,False,False,False,False,False,False,False,False,False,False,False,False,False,True,False,False,False,1
1298,5.0,494198.5581,5451390.0603,8254.814120058165,17.2,0.0,0.0,False,False,False,False,False,False,False,False,False,False,False,False,False,False,False,False,False,True,False,False,False,2
1299,0.0,494198.5581,5451640.0603,8024.929053064063,0.0,0.0,0.0,False,False,False,False,False,False,False,False,False,False,False,False,False,False,False,False,False,True,False,False,False,0
1300,5.0,494198.5581,5451890.0603,7796.282220181084,15.8,0.8,0.6,False,False,False,False,False,False,False,False,False,False,False,False,False,False,False,False,False,True,False,False,False,2
1301,1.0,494198.5581,5452140.0603,7568.985837396692,10.0,0.0,1.0,False,False,False,False,False,False,False,False,False,False,False,False,False,False,False,False,False,True,False,False,False,0
1302,1.0,494198.5581,5452390.0603,7343.165309096051,16.0,0.0,0.0,False,False,False,False,False,False,False,False,False,False,False,False,False,False,False,False,False,True,False,False,False,0
1303,0.0,494198.5581,5452640.0603,7118.961083382301,0.0,0.0,0.0,False,False,False,False,False,False,False,False,False,False,False,False,False,False,False,False,False,True,False,False,False,0
1304,0.0,494198.5581,5452890.0603,6896.530798648819,0.0,0.0,0.0,False,False,False,False,False,False,False,False,False,False,False,False,False,False,False,False,False,True,False,False,False,0
1305,1.0,494198.5581,5453140.0603,6676.051767827427,17.0,0.0,1.0,False,False,False,False,False,False,False,False,False,False,False,False,False,False,False,False,False,True,False,False,False,0
1306,6.0,494198.5581,5453390.0603,6457.723852621117,14.833333333333334,0.6666666666666666,0.16666666666666666,False,False,False,False,False,True,False,False,False,False,False,False,False,False,False,False,False,False,False,False,False,2
1307,1.0,494198.5581,5453640.0603,6241.772785572359,18.0,0.0,0.0,False,False,False,False,False,True,False,False,False,False,False,False,False,False,False,False,False,False,False,False,False,0
1308,2.0,494198.5581,5453890.0603,6028.45400220585,18.5,0.5,0.0,False,False,False,False,False,True,False,False,False,False,False,False,False,False,False,False,False,False,False,False,False,0
1309,3.0,494198.5581,5454140.0603,5818.057047392345,13.333333333333334,0.6666666666666666,0.3333333333333333,False,False,False,False,False,True,False,False,False,False,False,False,False,False,False,False,False,False,False,False,False,1
1310,0.0,494198.5581,5454390.0603,5610.910617423142,0.0,0.0,0.0,False,False,False,False,False,True,False,False,False,False,False,False,False,False,False,False,False,False,False,False,False,0
1311,1.0,494198.5581,5454640.0603,5407.388288879553,22.0,1.0,1.0,False,False,False,False,False,True,False,False,False,False,False,False,False,False,False,False,False,False,False,False,False,0
1312,2.0,494198.5581,5454890.0603,5207.914962507716,21.5,1.0,0.0,False,False,False,False,False,True,False,False,False,False,False,False,False,False,False,False,False,False,False,False,False,0
1313,6.0,494198.5581,5455140.0603,5012.974008182345,11.833333333333334,0.5,0.3333333333333333,False,False,False,False,False,True,False,False,False,False,False,False,False,False,False,False,False,False,False,False,False,2
1314,3.0,494198.5581,5455390.0603,4823.115026278325,7.666666666666667,1.0,1.0,False,False,False,False,False,True,False,False,False,False,False,False,False,False,False,False,False,False,False,False,False,1
1315,2.0,494198.5581,5455640.0603,4638.962029022417,12.0,1.0,0.0,False,False,False,False,False,True,False,False,False,False,False,False,False,False,False,False,False,False,False,False,False,0
1316,2.0,494198.5581,5455890.0603,4461.221677602647,18.0,0.0,0.5,False,False,False,False,False,True,False,False,False,False,False,False,False,False,False,False,False,False,False,False,False,0
1317,4.0,494198.5581,5456140.0603,4290.690970777526,12.75,0.75,0.5,False,False,False,False,False,False,False,False,False,False,True,False,False,False,False,False,False,False,False,False,False,1
1318,2.0,494198.5581,5456390.0603,4128.263455341942,8.5,0.0,0.0,False,False,False,False,False,False,False,False,False,False,True,False,False,False,False,False,False,False,False,False,False,0
1319,3.0,494198.5581,5456640.0603,3974.932616625318,14.666666666666666,0.0,0.3333333333333333,False,False,False,False,False,False,False,False,False,False,True,False,False,False,False,False,False,False,False,False,False,1
1320,3.0,494198.5990323091,5456890.042606902,3831.834543684812,15.666666666666666,0.3333333333333333,0.3333333333333333,False,False,False,False,False,False,False,False,False,False,True,False,False,False,False,False,False,False,False,False,False,1
1321,1.0,494198.5581,5457140.0603,3700.0202170679836,14.0,0.0,0.0,False,False,False,False,False,False,False,False,False,False,False,False,False,False,False,False,True,False,False,False,False,0
1322,0.0,494198.5581,5457390.0603,3580.876953584389,0.0,0.0,0.0,False,False,False,False,False,False,False,False,False,False,False,False,False,False,False,False,True,False,False,False,False,0
1323,5.0,494198.5581,5457640.0603,3475.659636200274,9.8,0.4,0.0,False,False,False,False,False,False,False,False,False,False,False,False,False,False,False,False,True,False,False,False,False,2
1324,1.0,494198.5581,5457890.0603,3385.666855541435,20.0,1.0,0.0,False,False,False,False,False,False,False,False,False,False,False,False,False,False,False,False,True,False,False,False,False,0
1325,1.0,494198.5581,5458140.0603,3312.1398229410293,15.0,0.0,1.0,False,False,False,False,False,False,False,False,False,False,False,False,False,False,False,False,True,False,False,False,False,0
1326,3.0,494198.5581,5458390.0603,3256.1941521831645,12.333333333333334,0.0,0.3333333333333333,False,False,False,False,False,False,False,False,False,False,False,False,False,False,False,False,True,False,False,False,False,1
1327,15.0,494198.5581,5458640.0603,3218.7467291962944,10.866666666666667,0.4666666666666667,0.26666666666666666,False,False,False,False,False,False,False,False,False,False,False,False,False,False,False,False,True,False,False,False,False,2
1328,12.0,494198.5581,5458890.0603,3200.4469463985574,10.083333333333334,0.4166666666666667,0.25,False,False,False,False,False,False,False,False,False,False,False,False,False,False,False,False,True,False,False,False,False,2
1329,0.0,494198.5581,5459140.0603,3201.6231518890313,0.0,0.0,0.0,False,False,False,False,False,False,False,False,False,False,False,False,False,False,False,False,True,False,False,False,False,0
1330,0.0,494198.5581,5459390.0603,3222.2540180302144,0.0,0.0,0.0,False,False,False,False,False,False,False,False,False,False,False,False,False,False,False,False,True,False,False,False,False,0
1331,0.0,494197.945134634,5459622.600024106,3257.987703191327,0.0,0.0,0.0,False,False,False,False,False,False,False,False,False,False,False,False,False,False,False,False,True,False,False,False,False,0
1332,1.0,494447.2533476229,5450653.216958469,9030.633576061553,19.0,0.0,0.0,False,False,False,False,False,False,False,False,False,False,False,False,False,False,False,False,False,False,True,False,False,0
1333,5.0,494448.5581,5450890.0603,8812.699637835824,16.0,0.0,0.0,False,False,False,False,False,False,False,False,False,False,False,False,False,False,False,False,False,False,True,False,False,2
1334,4.0,494448.5581,5451140.0603,8583.193173680274,13.0,0.5,0.25,False,False,False,False,False,False,False,False,False,False,False,False,False,False,False,False,False,False,True,False,False,1
1335,2.0,494448.5581,5451390.0603,8354.86296756037,12.0,0.0,0.5,False,False,False,False,False,False,False,False,False,False,False,False,False,False,False,False,False,False,True,False,False,0
1336,1.0,494448.5581,5451640.0603,8127.80815206115,1.0,1.0,1.0,False,False,False,False,False,False,False,False,False,False,False,False,False,False,False,False,False,False,True,False,False,0
1337,2.0,494448.5581,5451890.0603,7902.13866663397,11.0,0.0,0.5,False,False,False,False,False,False,False,False,False,False,False,False,False,False,False,False,False,False,True,False,False,0
1338,6.0,494448.5581,5452140.0603,7677.976664246363,7.5,0.5,0.5,False,False,False,False,False,False,False,False,False,False,False,False,False,False,False,False,False,False,True,False,False,2
1339,4.0,494448.5581,5452390.0603,7455.458121853527,16.0,0.25,0.0,False,False,False,False,False,False,False,False,False,False,False,False,False,False,False,False,False,False,True,False,False,1
1340,5.0,494448.5581,5452640.0603,7234.734684610882,5.8,0.4,0.2,False,False,False,False,False,False,False,False,False,False,False,False,False,False,False,False,False,False,True,False,False,2
1341,1.0,494448.5581,5452890.0603,7015.975777232396,12.0,0.0,0.0,False,False,False,False,False,False,False,False,False,False,False,False,False,False,False,False,False,False,True,False,False,0
1342,2.0,494448.5581,5453140.0603,6799.371019198153,6.0,0.5,0.5,False,False,False,False,False,False,False,False,False,False,False,False,False,False,False,False,False,False,True,False,False,0
1343,8.0,494448.5581,5453390.0603,6585.132983221502,9.25,0.5,0.25,False,False,False,False,False,True,False,False,False,False,False,False,False,False,False,False,False,False,False,False,False,2
1344,2.0,494448.5581,5453640.0603,6373.5003378608,22.5,1.0,0.0,False,False,False,False,False,True,False,False,False,False,False,False,False,False,False,False,False,False,False,False,False,0
1345,1.0,494448.5581,5453890.0603,6164.741414423783,18.0,0.0,0.0,False,False,False,False,False,True,False,False,False,False,False,False,False,False,False,False,False,False,False,False,False,0
1346,7.0,494448.5581,5454140.0603,5959.158233904495,8.428571428571429,0.42857142857142855,0.2857142857142857,False,False,False,False,False,True,False,False,False,False,False,False,False,False,False,False,False,False,False,False,False,2
1347,3.0,494448.5581,5454390.0603,5757.09101949168,12.0,0.0,0.0,False,False,False,False,False,True,False,False,False,False,False,False,False,False,False,False,False,False,False,False,False,1
1348,2.0,494448.5581,5454640.0603,5558.923201188496,10.0,0.0,0.0,False,False,False,False,False,True,False,False,False,False,False,False,False,False,False,False,False,False,False,False,False,0
1349,0.0,494448.5581,5454890.0603,5365.086887153997,0.0,0.0,0.0,False,False,False,False,False,True,False,False,False,False,False,False,False,False,False,False,False,False,False,False,False,0
1350,35.0,494448.5581,5455140.0603,5176.068726042166,14.742857142857142,0.22857142857142856,0.37142857142857144,False,False,False,False,False,True,False,False,False,False,False,False,False,False,False,False,False,False,False,False,False,2
1351,4.0,494448.5581,5455390.0603,4992.416008979198,13.25,0.5,0.5,False,False,False,False,False,True,False,False,False,False,False,False,False,False,False,False,False,False,False,False,False,1
1352,2.0,494448.5581,5455640.0603,4814.742750834335,20.0,1.0,0.5,False,False,False,False,False,True,False,False,False,False,False,False,False,False,False,False,False,False,False,False,False,0
1353,4.0,494448.5582246957,5455890.060146041,4643.7355355745,12.25,0.5,0.5,False,False,False,False,False,True,False,False,False,False,False,False,False,False,False,False,False,False,False,False,False,1
1354,2.0,494448.5700885969,5456140.055828343,4480.169229053656,21.0,0.5,0.5,False,False,False,False,False,True,False,False,False,False,False,False,False,False,False,False,False,False,False,False,False,0
1355,8.0,494448.58859439095,5456390.055827383,4324.878250025202,13.125,0.375,0.25,False,False,False,False,False,True,False,False,False,False,False,False,False,False,False,False,False,False,False,False,False,2
1356,13.0,494448.5966698137,5456640.064075321,4178.769742357276,12.0,0.38461538461538464,0.07692307692307693,False,False,False,True,False,False,False,False,False,False,False,False,False,False,False,False,False,False,False,False,False,2
1357,2.0,494448.5662956647,5456890.06714424,4042.8240317145924,13.5,0.0,0.0,False,False,False,True,False,False,False,False,False,False,False,False,False,False,False,False,False,False,False,False,False,0
1358,6.0,494448.5581,5457140.0603,3918.153730612394,11.666666666666666,0.16666666666666666,0.3333333333333333,False,False,False,True,False,False,False,False,False,False,False,False,False,False,False,False,False,False,False,False,False,2
1359,3.0,494448.5581,5457390.0603,3805.845347187905,8.333333333333334,0.3333333333333333,0.0,False,False,False,True,False,False,False,False,False,False,False,False,False,False,False,False,False,False,False,False,False,1
1360,8.0,494448.5581,5457640.0603,3707.0188773071864,12.625,0.5,0.375,False,False,False,True,False,False,False,False,False,False,False,False,False,False,False,False,False,False,False,False,False,2
1361,4.0,494448.5581,5457890.0603,3622.7778163602356,10.25,0.25,0.25,False,False,False,True,False,False,False,False,False,False,False,False,False,False,False,False,False,False,False,False,False,1
1362,4.0,494448.5581,5458140.0603,3554.15943040149,9.75,0.5,0.5,False,False,False,True,False,False,False,False,False,False,False,False,False,False,False,False,False,False,False,False,False,1
1363,2.0,494448.5581,5458390.0603,3502.0821530500752,12.5,1.0,1.0,False,False,False,True,False,False,False,False,False,False,False,False,False,False,False,False,False,False,False,False,False,0
1364,78.0,494448.5581,5458640.0603,3467.2913861848783,15.91025641025641,0.20512820512820512,0.41025641025641024,False,False,False,True,False,False,False,False,False,False,False,False,False,False,False,False,False,False,False,False,False,2
1365,7.0,494448.5581,5458890.0603,3450.3100884865207,7.857142857142857,0.2857142857142857,0.14285714285714285,False,False,False,True,False,False,False,False,False,False,False,False,False,False,False,False,False,False,False,False,False,2
1366,0.0,494448.5581,5459140.0603,3451.4011439865794,0.0,0.0,0.0,False,False,False,True,False,False,False,False,False,False,False,False,False,False,False,False,False,False,False,False,False,0
1367,0.0,494448.5581,5459390.0603,3470.5475082055677,0.0,0.0,0.0,False,False,False,True,False,False,False,False,False,False,False,False,False,False,False,False,False,False,False,False,False,0
1368,0.0,494447.9337344167,5459619.447326241,3503.1360274639765,0.0,0.0,0.0,False,False,False,True,False,False,False,False,False,False,False,False,False,False,False,False,False,False,False,False,False,0
1369,0.0,494768.3211366802,5450499.316963435,9298.486773518158,0.0,0.0,0.0,False,False,False,False,False,False,False,False,False,False,False,False,False,False,False,False,False,False,True,False,False,0
1370,1.0,494700.14630733116,5450641.980478556,9140.436150233596,11.0,0.0,0.0,False,False,False,False,False,False,False,False,False,False,False,False,False,False,False,False,False,False,True,False,False,0
1371,3.0,494698.5581,5450890.0603,8913.498412896683,13.333333333333334,0.0,0.3333333333333333,False,False,False,False,False,False,False,False,False,False,False,False,False,False,False,False,False,False,True,False,False,1
1372,1.0,494698.5581,5451140.0603,8686.65551905402,0.0,1.0,0.0,False,False,False,False,False,False,False,False,False,False,False,False,False,False,False,False,False,False,True,False,False,0
1373,3.0,494698.5581,5451390.0603,8461.117790027018,15.0,0.3333333333333333,0.0,False,False,False,False,False,False,False,False,False,False,False,False,False,False,False,False,False,False,True,False,False,1
1374,3.0,494698.5581,5451640.0603,8236.992436970651,8.666666666666666,0.3333333333333333,0.0,False,False,False,False,False,False,False,False,False,False,False,False,False,False,False,False,False,False,True,False,False,1
1375,1.0,494698.5581,5451890.0603,8014.39795347796,17.0,0.0,0.0,False,False,False,False,False,False,False,False,False,False,False,False,False,False,False,False,False,False,True,False,False,0
1376,2.0,494698.5581,5452140.0603,7793.465513281733,18.5,0.5,0.0,False,False,False,False,False,False,False,False,False,False,False,False,False,False,False,False,False,False,True,False,False,0
1377,1.0,494698.5581,5452390.0603,7574.340555897373,13.0,0.0,0.0,False,False,False,False,False,False,False,False,False,False,False,False,False,False,False,False,False,False,True,False,False,0
1378,1.0,494698.5581,5452640.0603,7357.18458424904,0.0,1.0,1.0,False,False,False,False,False,False,False,False,False,False,False,False,False,False,False,False,False,False,True,False,False,0
1379,3.0,494698.5581,5452890.0603,7142.177200035836,17.0,0.3333333333333333,0.6666666666666666,False,False,False,False,False,False,False,False,False,False,False,False,False,False,False,False,False,False,True,False,False,1
1380,3.0,494698.5581,5453140.0603,6929.518403663543,16.333333333333332,0.3333333333333333,0.3333333333333333,False,False,False,False,False,False,False,False,False,False,False,False,False,False,False,False,False,False,True,False,False,1
1381,7.0,494698.5581,5453390.0603,6719.431185503111,15.571428571428571,0.2857142857142857,0.42857142857142855,False,False,False,False,False,True,False,False,False,False,False,False,False,False,False,False,False,False,False,False,False,2
1382,1.0,494698.5581,5453640.0603,6512.164433328733,0.0,1.0,1.0,False,False,False,False,False,True,False,False,False,False,False,False,False,False,False,False,False,False,False,False,False,0
1383,5.0,494698.5581,5453890.0603,6307.996176022283,17.6,0.4,0.0,False,False,False,False,False,True,False,False,False,False,False,False,False,False,False,False,False,False,False,False,False,2
1384,3.0,494698.5581,5454140.0603,6107.23717459145,13.0,0.6666666666666666,0.0,False,False,False,False,False,True,False,False,False,False,False,False,False,False,False,False,False,False,False,False,False,1
1385,4.0,494698.5581,5454390.0603,5910.234856307468,17.0,1.0,0.0,False,False,False,False,False,True,False,False,False,False,False,False,False,False,False,False,False,False,False,False,False,1
1386,3.0,494698.5581,5454640.0603,5717.377563770979,10.0,0.3333333333333333,0.6666666666666666,False,False,False,False,False,True,False,False,False,False,False,False,False,False,False,False,False,False,False,False,False,1
1387,2.0,494698.5581,5454890.0603,5529.099054702472,13.0,0.0,0.0,False,False,False,False,False,True,False,False,False,False,False,False,False,False,False,False,False,False,False,False,False,0
1388,15.0,494698.5581,5455140.0603,5345.88313627522,17.733333333333334,0.3333333333333333,0.06666666666666667,False,False,False,False,False,True,False,False,False,False,False,False,False,False,False,False,False,False,False,False,False,2
1389,3.0,494698.5581,5455390.0603,5168.268245429197,22.666666666666668,1.0,0.3333333333333333,False,False,False,False,False,True,False,False,False,False,False,False,False,False,False,False,False,False,False,False,False,1
1390,2.0,494698.5581,5455640.0603,4996.85168948527,18.5,0.5,0.0,False,False,False,False,False,True,False,False,False,False,False,False,False,False,False,False,False,False,False,False,False,0
1391,1.0,494698.5581,5455890.0603,4832.293136463453,4.0,1.0,0.0,False,False,False,False,False,True,False,False,False,False,False,False,False,False,False,False,False,False,False,False,False,0
1392,6.0,494698.5581,5456140.0603,4675.316792123483,13.0,0.3333333333333333,0.0,False,False,False,False,False,True,False,False,False,False,False,False,False,False,False,False,False,False,False,False,False,2
1393,5.0,494698.5581,5456390.0603,4526.711527887746,17.2,0.6,0.2,False,False,False,False,False,True,False,False,False,False,False,False,False,False,False,False,False,False,False,False,False,2
1394,9.0,494698.5581,5456640.0603,4387.328048677443,14.666666666666666,0.3333333333333333,0.2222222222222222,False,False,False,True,False,False,False,False,False,False,False,False,False,False,False,False,False,False,False,False,False,2
1395,4.0,494698.5581,5456890.0603,4258.07204691417,12.5,0.25,0.0,False,False,False,True,False,False,False,False,False,False,False,False,False,False,False,False,False,False,False,False,False,1
1396,6.0,494698.5581,5457140.0603,4139.892233707519,10.0,0.0,0.0,False,False,False,True,False,False,False,False,False,False,False,False,False,False,False,False,False,False,False,False,False,2
1397,1.0,494698.5581,5457390.0603,4033.7622459326776,15.0,0.0,0.0,False,False,False,True,False,False,False,False,False,False,False,False,False,False,False,False,False,False,False,False,False,0
1398,11.0,494698.5581,5457640.0603,3940.6557838400254,13.090909090909092,0.36363636363636365,0.09090909090909091,False,False,False,True,False,False,False,False,False,False,False,False,False,False,False,False,False,False,False,False,False,2
1399,5.0,494698.5581,5457890.0603,3861.515007961493,12.4,0.0,0.2,False,False,False,True,False,False,False,False,False,False,False,False,False,False,False,False,False,False,False,False,False,2
1400,5.0,494698.5581,5458140.0603,3797.21322902887,14.4,0.6,0.0,False,False,False,True,False,False,False,False,False,False,False,False,False,False,False,False,False,False,False,False,False,2
1401,16.0,494698.5581,5458390.0603,3748.51416653477,7.5,0.5625,0.625,False,False,False,True,False,False,False,False,False,False,False,False,False,False,False,False,False,False,False,False,False,2
1402,26.0,494698.5581,5458640.0603,3716.0312978649504,13.23076923076923,0.19230769230769232,0.2692307692307692,False,False,False,True,False,False,False,False,False,False,False,False,False,False,False,False,False,False,False,False,False,2
1403,10.0,494698.5581,5458890.0603,3700.1917189129367,10.5,0.2,0.3,False,False,False,True,False,False,False,False,False,False,False,False,False,False,False,False,False,False,False,False,False,2
1404,0.0,494698.5581,5459140.0603,3701.209114156059,0.0,0.0,0.0,False,False,False,True,False,False,False,False,False,False,False,False,False,False,False,False,False,False,False,False,False,0
1405,0.0,494698.5581,5459390.0603,3719.0696493494024,0.0,0.0,0.0,False,False,False,True,False,False,False,False,False,False,False,False,False,False,False,False,False,False,False,False,False,0
1406,0.0,494697.91657035874,5459616.32729626,3748.9260192018514,0.0,0.0,0.0,False,False,False,True,False,False,False,False,False,False,False,False,False,False,False,False,False,False,False,False,False,0
1407,0.0,494973.74289577844,5450462.259933111,9417.199055531693,0.0,0.0,0.0,False,False,False,False,False,False,False,False,False,False,False,False,False,False,False,False,False,False,True,False,False,0
1408,1.0,494948.5581,5450640.0603,9245.523395498585,0.0,1.0,0.0,False,False,False,False,False,False,False,False,False,False,False,False,False,False,False,False,False,False,True,False,False,0
1409,1.0,494948.5581,5450890.0603,9020.101607338562,22.0,1.0,1.0,False,False,False,False,False,False,False,False,False,False,False,False,False,False,False,False,False,False,True,False,False,0
1410,2.0,494948.5581,5451140.0603,8796.008364975087,11.0,0.5,0.5,False,False,False,False,False,False,False,False,False,False,False,False,False,False,False,False,False,False,True,False,False,0
1411,1.0,494948.5581,5451390.0603,8573.347847061363,1.0,1.0,0.0,False,False,False,False,False,False,False,False,False,False,False,False,False,False,False,False,False,False,True,False,False,0
1412,1.0,494948.5581,5451640.0603,8352.234638509128,7.0,0.0,0.0,False,False,False,False,False,False,False,False,False,False,False,False,False,False,False,False,False,False,True,False,False,0
1413,2.0,494948.5581,5451890.0603,8132.794944341811,15.5,0.0,0.0,False,False,False,False,False,False,False,False,False,False,False,False,False,False,False,False,False,False,True,False,False,0
1414,0.0,494948.5581,5452140.0603,7915.167955053874,0.0,0.0,0.0,False,False,False,False,False,False,False,False,False,False,False,False,False,False,False,False,False,False,True,False,False,0
1415,1.0,494948.5581,5452390.0603,7699.507380781691,9.0,0.0,0.0,False,False,False,False,False,False,False,False,False,False,False,False,False,False,False,False,False,False,True,False,False,0
1416,5.0,494948.5581,5452640.0603,7485.983172350292,13.2,0.4,0.2,False,False,False,False,False,False,False,False,False,False,False,False,False,False,False,False,False,False,True,False,False,2
1417,4.0,494948.5581,5452890.0603,7274.783447410084,16.25,0.5,0.0,False,False,False,False,False,False,False,False,False,False,False,False,False,False,False,False,False,False,True,False,False,1
1418,1.0,494948.5581,5453140.0603,7066.116639053714,21.0,1.0,0.0,False,False,False,False,False,False,False,False,False,False,False,False,False,False,False,False,False,False,True,False,False,0
1419,7.0,494948.5581,5453390.0603,6860.213881994624,16.714285714285715,0.42857142857142855,0.2857142857142857,False,False,False,False,False,True,False,False,False,False,False,False,False,False,False,False,False,False,False,False,False,2
1420,5.0,494948.5581,5453640.0603,6657.331646892151,16.8,1.0,0.0,False,False,False,False,False,True,False,False,False,False,False,False,False,False,False,False,False,False,False,False,False,2
1421,3.0,494948.5581,5453890.0603,6457.754625774485,12.666666666666666,0.0,0.3333333333333333,False,False,False,False,False,True,False,False,False,False,False,False,False,False,False,False,False,False,False,False,False,1
1422,4.0,494948.5581,5454140.0603,6261.79885949012,11.25,0.25,0.25,False,False,False,False,False,True,False,False,False,False,False,False,False,False,False,False,False,False,False,False,False,1
1423,4.0,494948.5581,5454390.0603,6069.815080108436,11.75,0.25,0.25,False,False,False,False,False,True,False,False,False,False,False,False,False,False,False,False,False,False,False,False,False,1
1424,5.0,494948.5581,5454640.0603,5882.1922152129455,10.4,0.4,0.4,False,False,False,False,False,True,False,False,False,False,False,False,False,False,False,False,False,False,False,False,False,2
1425,4.0,494948.5581,5454890.0603,5699.360964767172,19.25,0.75,0.25,False,False,False,False,False,True,False,False,False,False,False,False,False,False,False,False,False,False,False,False,False,1
1426,4.0,494948.5581,5455140.0603,5521.79731217217,13.25,0.5,0.5,False,False,False,False,False,True,False,False,False,False,False,False,False,False,False,False,False,False,False,False,False,1
1427,3.0,494948.5581,5455390.0603,5350.025766920361,11.666666666666666,0.6666666666666666,1.0,False,False,False,False,False,True,False,False,False,False,False,False,False,False,False,False,False,False,False,False,False,1
1428,17.0,494948.5581,5455640.0603,5184.622055339406,8.764705882352942,0.5882352941176471,0.29411764705882354,False,False,False,False,False,True,False,False,False,False,False,False,False,False,False,False,False,False,False,False,False,2
1429,3.0,494948.5581,5455890.0603,5026.214878684736,12.666666666666666,0.0,0.0,False,False,False,False,False,True,False,False,False,False,False,False,False,False,False,False,False,False,False,False,False,1
1430,5.0,494948.5581,5456140.0603,4875.486248233279,15.2,0.6,0.4,False,False,False,False,False,True,False,False,False,False,False,False,False,False,False,False,False,False,False,False,False,2
1431,10.0,494948.5581,5456390.0603,4733.1697948321935,14.2,0.6,0.2,False,False,False,False,False,True,False,False,False,False,False,False,False,False,False,False,False,False,False,False,False,2
1432,176.0,494948.5581,5456640.0603,4600.046353756866,14.5,0.2897727272727273,0.3409090909090909,False,False,False,True,False,False,False,False,False,False,False,False,False,False,False,False,False,False,False,False,False,2
1433,12.0,494948.5581,5456890.0603,4476.936073556539,15.0,0.3333333333333333,0.16666666666666666,False,False,False,True,False,False,False,False,False,False,False,False,False,False,False,False,False,False,False,False,False,2
1434,12.0,494948.5581,5457140.0603,4364.686329704787,11.5,0.25,0.25,False,False,False,True,False,False,False,False,False,False,False,False,False,False,False,False,False,False,False,False,False,2
1435,11.0,494948.5581,5457390.0603,4264.154887748785,11.181818181818182,0.2727272727272727,0.18181818181818182,False,False,False,True,False,False,False,False,False,False,False,False,False,False,False,False,False,False,False,False,False,2
1436,15.0,494948.5581,5457640.0603,4176.188101212858,16.6,0.4,0.13333333333333333,False,False,False,True,False,False,False,False,False,False,False,False,False,False,False,False,False,False,False,False,False,2
1437,14.0,494948.5581,5457890.0603,4101.59447126503,14.142857142857142,0.2857142857142857,0.2857142857142857,False,False,False,True,False,False,False,False,False,False,False,False,False,False,False,False,False,False,False,False,False,2
1438,13.0,494948.5581,5458140.0603,4041.11461811118,15.153846153846153,0.23076923076923078,0.3076923076923077,False,False,False,True,False,False,False,False,False,False,False,False,False,False,False,False,False,False,False,False,False,2
1439,25.0,494948.5581,5458390.0603,3995.389531286264,15.12,0.32,0.24,False,False,False,True,False,False,False,False,False,False,False,False,False,False,False,False,False,False,False,False,False,2
1440,19.0,494948.5581,5458640.0603,3964.929716490808,11.68421052631579,0.5263157894736842,0.2631578947368421,False,False,False,True,False,False,False,False,False,False,False,False,False,False,False,False,False,False,False,False,False,2
1441,13.0,494948.5581,5458890.0603,3950.088328975934,12.461538461538462,0.23076923076923078,0.15384615384615385,False,False,False,True,False,False,False,False,False,False,False,False,False,False,False,False,False,False,False,False,False,2
1442,4.0,494948.5581,5459140.0603,3951.041376233852,9.0,0.5,0.0,False,False,False,True,False,False,False,False,False,False,False,False,False,False,False,False,False,False,False,False,False,1
1443,0.0,494948.5581,5459390.0603,3967.777476965146,0.0,0.0,0.0,False,False,False,True,False,False,False,False,False,False,False,False,False,False,False,False,False,False,False,False,False,0
1444,0.0,494947.8952420681,5459613.208720705,3995.23488389507,0.0,0.0,0.0,False,False,False,True,False,False,False,False,False,False,False,False,False,False,False,False,False,False,False,False,False,0
1445,0.0,495296.3193434213,5450254.427808505,9743.890026950976,0.0,0.0,0.0,False,False,False,False,False,False,False,False,False,False,False,False,False,False,False,False,False,False,True,False,False,0
1446,0.0,495207.5503252718,5450402.405402677,9571.94403450052,0.0,0.0,0.0,False,False,False,False,False,False,False,False,False,False,False,False,False,False,False,False,False,False,True,False,False,0
1447,3.0,495198.5581,5450640.0603,9355.024420423055,10.333333333333334,0.6666666666666666,0.3333333333333333,False,False,False,False,False,False,False,False,False,False,False,False,False,False,False,False,False,False,True,False,False,1
1448,9.0,495198.5581,5450890.0603,9132.305955053833,12.777777777777779,0.4444444444444444,0.3333333333333333,False,False,False,False,False,False,False,False,False,False,False,False,False,False,False,False,False,False,True,False,False,2
1449,1.0,495198.5581,5451140.0603,8911.034856104632,2.0,1.0,1.0,False,False,False,False,False,False,False,False,False,False,False,False,False,False,False,False,False,False,True,False,False,0
1450,4.0,495198.5581,5451390.0603,8691.321669154337,19.25,0.25,0.0,False,False,False,False,False,False,False,False,False,False,False,False,False,False,False,False,False,False,True,False,False,1
1451,2.0,495198.5581,5451640.0603,8473.287585507276,10.5,0.0,0.5,False,False,False,False,False,False,False,False,False,False,False,False,False,False,False,False,False,False,True,False,False,0
1452,5.0,495198.5581,5451890.0603,8257.065620225609,8.8,0.2,0.4,False,False,False,False,False,False,False,False,False,False,False,False,False,False,False,False,False,False,True,False,False,2
1453,5.0,495198.5581,5452140.0603,8042.80192511986,11.2,0.6,0.6,False,False,False,False,False,False,False,False,False,False,False,False,False,False,False,False,False,False,True,False,False,2
1454,3.0,495198.5581,5452390.0603,7830.657249344511,12.0,0.0,0.0,False,False,False,False,False,False,False,False,False,False,False,False,False,False,False,False,False,False,True,False,False,1
1455,13.0,495198.5581,5452640.0603,7620.808559904372,14.923076923076923,0.23076923076923078,0.38461538461538464,False,False,False,False,False,False,False,False,False,False,False,False,False,False,False,False,False,False,True,False,False,2
1456,3.0,495198.5581,5452890.0603,7413.450833229539,10.0,0.3333333333333333,0.3333333333333333,False,False,False,False,False,False,False,False,False,False,False,False,False,False,False,False,False,False,True,False,False,1
1457,4.0,495198.5581,5453140.0603,7208.799026655672,11.25,0.5,0.5,False,False,False,False,False,False,False,False,False,False,False,False,False,False,False,False,False,False,True,False,False,1
1458,16.0,495198.5581,5453390.0603,7007.0902346631565,14.9375,0.1875,0.25,False,False,False,False,False,True,False,False,False,False,False,False,False,False,False,False,False,False,False,False,False,2
1459,4.0,495198.5581,5453640.0603,6808.5860284431865,15.5,0.75,0.25,False,False,False,False,False,True,False,False,False,False,False,False,False,False,False,False,False,False,False,False,False,1
1460,11.0,495198.5581,5453890.0603,6613.57496795128,16.90909090909091,0.2727272727272727,0.7272727272727273,False,False,False,False,False,True,False,False,False,False,False,False,False,False,False,False,False,False,False,False,False,2
1461,8.0,495198.5581,5454140.0603,6422.3752620593405,13.125,0.25,0.125,False,False,False,False,False,True,False,False,False,False,False,False,False,False,False,False,False,False,False,False,False,2
1462,6.0,495198.5581,5454390.0603,6235.337533503041,7.166666666666667,0.8333333333333334,0.16666666666666666,False,False,False,False,False,True,False,False,False,False,False,False,False,False,False,False,False,False,False,False,False,2
1463,12.0,495198.5581,5454640.0603,6052.847619650754,13.083333333333334,0.25,0.0,False,False,False,False,False,True,False,False,False,False,False,False,False,False,False,False,False,False,False,False,False,2
1464,6.0,495198.5581,5454890.0603,5875.329306235677,13.666666666666666,0.5,0.8333333333333334,False,False,False,False,False,True,False,False,False,False,False,False,False,False,False,False,False,False,False,False,False,2
1465,6.0,495198.5581,5455140.0603,5703.246847779938,20.333333333333332,0.6666666666666666,0.3333333333333333,False,False,False,False,False,True,False,False,False,False,False,False,False,False,False,False,False,False,False,False,False,2
1466,10.0,495198.5581,5455390.0603,5537.1070747017175,11.7,0.6,0.1,False,False,False,False,False,True,False,False,False,False,False,False,False,False,False,False,False,False,False,False,False,2
1467,11.0,495198.5581,5455640.0603,5377.46082335444,12.272727272727273,0.36363636363636365,0.2727272727272727,False,False,False,False,False,True,False,False,False,False,False,False,False,False,False,False,False,False,False,False,False,2
1468,4.0,495198.5581,5455890.0603,5224.903353815439,14.5,0.0,0.25,False,False,False,False,False,True,False,False,False,False,False,False,False,False,False,False,False,False,False,False,False,1
1469,0.0,495198.5581,5456140.0603,5080.073346587806,0.0,0.0,0.0,False,False,False,False,False,True,False,False,False,False,False,False,False,False,False,False,False,False,False,False,False,0
1470,2.0,495198.5581,5456390.0603,4943.6500034601795,18.5,0.5,0.5,False,False,False,False,False,True,False,False,False,False,False,False,False,False,False,False,False,False,False,False,False,0
1471,6.0,495198.5581,5456640.0603,4816.347735235885,11.166666666666666,0.5,0.3333333333333333,False,False,False,True,False,False,False,False,False,False,False,False,False,False,False,False,False,False,False,False,False,2
1472,0.0,495198.5581,5456890.0603,4698.9079217103035,0.0,0.0,0.0,False,False,False,True,False,False,False,False,False,False,False,False,False,False,False,False,False,False,False,False,False,0
1473,2.0,495198.5581,5457140.0603,4592.087303907871,3.5,0.5,0.5,False,False,False,True,False,False,False,False,False,False,False,False,False,False,False,False,False,False,False,False,False,0
1474,4.0,495198.5581,5457390.0603,4496.642742837355,8.5,0.25,0.5,False,False,False,True,False,False,False,False,False,False,False,False,False,False,False,False,False,False,False,False,False,1
1475,2.0,495198.5581,5457640.0603,4413.312373570657,15.0,0.0,0.5,False,False,False,True,False,False,False,False,False,False,False,False,False,False,False,False,False,False,False,False,False,0
1476,5.0,495198.5581,5457890.0603,4342.793600519356,13.6,0.2,0.4,False,False,False,True,False,False,False,False,False,False,False,False,False,False,False,False,False,False,False,False,False,2
1477,2.0,495198.5581,5458140.0603,4285.718890304388,13.5,0.0,0.5,False,False,False,True,False,False,False,False,False,False,False,False,False,False,False,False,False,False,False,False,False,0
1478,11.0,495198.5581,5458390.0603,4242.630853222076,14.818181818181818,0.45454545454545453,0.18181818181818182,False,False,False,True,False,False,False,False,False,False,False,False,False,False,False,False,False,False,False,False,False,2
1479,4.0,495198.5581,5458640.0603,4213.958555409852,14.75,0.0,0.5,False,False,False,True,False,False,False,False,False,False,False,False,False,False,False,False,False,False,False,False,False,1
1480,2.0,495198.5581,5458890.0603,4199.99724484575,14.5,0.0,0.0,False,False,False,True,False,False,False,False,False,False,False,False,False,False,False,False,False,False,False,False,False,0
1481,5.0,495198.5581,5459140.0603,4200.893596214013,14.4,0.4,0.6,False,False,False,True,False,False,False,False,False,False,False,False,False,False,False,False,False,False,False,False,False,2
1482,0.0,495198.5581,5459390.0603,4216.638134427936,0.0,0.0,0.0,False,False,False,True,False,False,False,False,False,False,False,False,False,False,False,False,False,False,False,False,False,0
1483,0.0,495193.41928742494,5459601.327700098,4236.314474050848,0.0,0.0,0.0,False,False,False,True,False,False,False,False,False,False,False,False,False,False,False,False,False,False,False,False,False,0
1484,0.0,495467.69561082334,5450229.513524618,9842.852080867046,0.0,0.0,0.0,False,False,False,False,False,False,False,False,False,False,False,False,False,False,False,False,False,False,True,False,False,0
1485,0.0,495448.5581,5450390.0603,9691.27085612159,0.0,0.0,0.0,False,False,False,False,False,False,False,False,False,False,False,False,False,False,False,False,False,False,True,False,False,0
1486,2.0,495448.5581,5450640.0603,9469.86066194808,1.0,1.0,0.5,False,False,False,False,False,False,False,False,False,False,False,False,False,False,False,False,False,False,True,False,False,0
1487,1.0,495448.5581,5450890.0603,9249.90762692859,16.0,0.0,0.0,False,False,False,False,False,False,False,False,False,False,False,False,False,False,False,False,False,False,True,False,False,0
1488,1.0,495448.5581,5451140.0603,9031.518214381884,10.0,0.0,1.0,False,False,False,False,False,False,False,False,False,False,False,False,False,False,False,False,False,False,True,False,False,0
1489,1.0,495448.5581,5451390.0603,8814.808642659904,4.0,1.0,0.0,False,False,False,False,False,False,False,False,False,False,False,False,False,False,False,False,False,False,True,False,False,0
1490,2.0,495448.5581,5451640.0603,8599.905903945213,9.5,0.5,0.5,False,False,False,False,False,False,False,False,False,False,False,False,False,False,False,False,False,False,True,False,False,0
1491,0.0,495448.5581,5451890.0603,8386.948891385457,0.0,0.0,0.0,False,False,False,False,False,False,False,False,False,False,False,False,False,False,False,False,False,False,True,False,False,0
1492,3.0,495448.5581,5452140.0603,8176.089643387709,17.666666666666668,0.3333333333333333,0.0,False,False,False,False,False,False,False,False,False,False,False,False,False,False,False,False,False,False,True,False,False,1
1493,0.0,495448.5581,5452390.0603,7967.494713315582,0.0,0.0,0.0,False,False,False,False,False,False,False,False,False,False,False,False,False,False,False,False,False,False,True,False,False,0
1494,2.0,495448.5581,5452640.0603,7761.346671597124,13.0,1.0,0.5,False,False,False,False,False,False,False,False,False,False,False,False,False,False,False,False,False,False,True,False,False,0
1495,3.0,495448.5581,5452890.0603,7557.845745099046,16.0,0.3333333333333333,0.0,False,False,False,False,False,False,False,False,False,False,False,False,False,False,False,False,False,False,True,False,False,1
1496,2.0,495448.5581,5453140.0603,7357.211595211312,11.5,1.0,1.0,False,False,False,False,False,False,False,False,False,False,False,False,False,False,False,False,False,False,True,False,False,0
1497,3.0,495448.5581,5453390.0603,7159.685230979905,16.333333333333332,0.3333333333333333,0.3333333333333333,False,False,False,False,False,True,False,False,False,False,False,False,False,False,False,False,False,False,False,False,False,1
1498,3.0,495448.5581,5453640.0603,6965.531046281524,11.666666666666666,0.6666666666666666,0.3333333333333333,False,False,False,False,False,True,False,False,False,False,False,False,False,False,False,False,False,False,False,False,False,1
1499,2.0,495448.5581,5453890.0603,6775.03895979291,15.5,0.0,0.5,False,False,False,False,False,True,False,False,False,False,False,False,False,False,False,False,False,False,False,False,False,0
1500,4.0,495448.5581,5454140.0603,6588.526622600215,10.5,0.5,0.5,False,False,False,False,False,True,False,False,False,False,False,False,False,False,False,False,False,False,False,False,False,1
1501,10.0,495448.5581,5454390.0603,6406.341639868405,15.5,0.2,0.4,False,False,False,False,False,True,False,False,False,False,False,False,False,False,False,False,False,False,False,False,False,2
1502,28.0,495448.5581,5454640.0603,6228.863729181415,13.035714285714286,0.2857142857142857,0.14285714285714285,False,False,False,False,False,True,False,False,False,False,False,False,False,False,False,False,False,False,False,False,False,2
1503,2.0,495448.5581,5454890.0603,6056.506708219831,18.5,0.5,0.0,False,False,False,False,False,True,False,False,False,False,False,False,False,False,False,False,False,False,False,False,False,0
1504,0.0,495448.5581,5455140.0603,5889.720167946166,0.0,0.0,0.0,False,False,False,False,False,True,False,False,False,False,False,False,False,False,False,False,False,False,False,False,False,0
1505,0.0,495448.5581,5455390.0603,5728.990644669602,0.0,0.0,0.0,False,False,False,False,False,True,False,False,False,False,False,False,False,False,False,False,False,False,False,False,False,0
1506,2.0,495448.5581,5455640.0603,5574.842056660604,18.0,0.0,0.5,False,False,False,False,False,True,False,False,False,False,False,False,False,False,False,False,False,False,False,False,False,0
1507,0.0,495448.5581,5455890.0603,5427.83512154817,0.0,0.0,0.0,False,False,False,False,False,True,False,False,False,False,False,False,False,False,False,False,False,False,False,False,False,0
1508,3.0,495448.5581,5456140.0603,5288.565425208602,21.666666666666668,1.0,0.3333333333333333,False,False,False,False,False,True,False,False,False,False,False,False,False,False,False,False,False,False,False,False,False,1
1509,5.0,495448.5581,5456390.0603,5157.659780046746,13.2,0.2,0.0,False,False,False,False,False,True,False,False,False,False,False,False,False,False,False,False,False,False,False,False,False,2
1510,3.0,495448.5581,5456640.0603,5035.770502784241,11.333333333333334,0.3333333333333333,0.0,False,False,False,True,False,False,False,False,False,False,False,False,False,False,False,False,False,False,False,False,False,1
1511,2.0,495448.5581,5456890.0603,4923.567274518737,19.0,0.5,0.0,False,False,False,True,False,False,False,False,False,False,False,False,False,False,False,False,False,False,False,False,False,0
1512,3.0,495448.5581,5457140.0603,4821.726335734108,11.666666666666666,0.0,0.0,False,False,False,True,False,False,False,False,False,False,False,False,False,False,False,False,False,False,False,False,False,1
1513,3.0,495448.5581,5457390.0603,4730.916930861486,8.0,1.0,0.3333333333333333,False,False,False,True,False,False,False,False,False,False,False,False,False,False,False,False,False,False,False,False,False,1
1514,2.0,495448.5581,5457640.0603,4651.785158056193,10.5,1.0,1.0,False,False,False,True,False,False,False,False,False,False,False,False,False,False,False,False,False,False,False,False,False,0
1515,1.0,495448.5581,5457890.0603,4584.9356927564295,12.0,0.0,1.0,False,False,False,True,False,False,False,False,False,False,False,False,False,False,False,False,False,False,False,False,False,0
1516,2.0,495448.5581,5458140.0603,4530.9122102190295,6.5,0.5,0.0,False,False,False,True,False,False,False,False,False,False,False,False,False,False,False,False,False,False,False,False,False,0
1517,5.0,495448.5581,5458390.0603,4490.1776809734265,14.2,0.4,0.4,False,False,False,True,False,False,False,False,False,False,False,False,False,False,False,False,False,False,False,False,False,2
1518,6.0,495448.5581,5458640.0603,4463.095983363107,12.833333333333334,0.6666666666666666,0.5,False,False,False,True,False,False,False,False,False,False,False,False,False,False,False,False,False,False,False,False,False,2
1519,4.0,495448.5581,5458890.0603,4449.91639322717,8.75,0.75,0.5,False,False,False,True,False,False,False,False,False,False,False,False,False,False,False,False,False,False,False,False,False,1
1520,7.0,495448.5581,5459140.0603,4450.762412970604,9.0,0.2857142857142857,0.2857142857142857,False,False,False,True,False,False,False,False,False,False,False,False,False,False,False,False,False,False,False,False,False,2
1521,2.0,495448.5581,5459390.0603,4465.626071080283,9.0,0.5,0.0,False,False,False,True,False,False,False,False,False,False,False,False,False,False,False,False,False,False,False,False,False,0
1522,0.0,495465.76204537496,5459619.306600511,4508.499895901971,0.0,0.0,0.0,False,False,False,True,False,False,False,False,False,False,False,False,False,False,False,False,False,False,False,False,False,0
1523,0.0,495527.54292610806,5459801.727954818,4597.979193220393,0.0,0.0,0.0,False,False,False,True,False,False,False,False,False,False,False,False,False,False,False,False,False,False,False,False,False,0
1524,0.0,495701.2388452573,5450213.909687604,9964.789493899925,0.0,0.0,0.0,False,False,False,False,False,False,False,False,False,False,False,False,False,False,False,False,False,False,True,False,False,0
1525,1.0,495698.5581,5450390.0603,9808.542697909395,17.0,0.0,1.0,False,False,False,False,False,False,False,False,False,False,False,False,False,False,False,False,False,False,True,False,False,0
1526,1.0,495698.5581,5450640.0603,9589.8404578341,15.0,0.0,0.0,False,False,False,False,False,False,False,False,False,False,False,False,False,False,False,False,False,False,True,False,False,0
1527,1.0,495698.5581,5450890.0603,9372.703460406274,19.0,0.0,1.0,False,False,False,False,False,False,False,False,False,False,False,False,False,False,False,False,False,False,True,False,False,0
1528,1.0,495698.5581,5451140.0603,9157.243051634687,14.0,0.0,0.0,False,False,False,False,False,False,False,False,False,False,False,False,False,False,False,False,False,False,True,False,False,0
1529,1.0,495698.5581,5451390.0603,8943.580404777034,15.0,0.0,0.0,False,False,False,False,False,False,False,False,False,False,False,False,False,False,False,False,False,False,True,False,False,0
1530,2.0,495698.5581,5451640.0603,8731.847491036004,8.5,0.5,0.0,False,False,False,False,False,False,False,False,False,False,False,False,False,False,False,False,False,False,True,False,False,0
1531,3.0,495698.5581,5451890.0603,8522.188143705333,17.333333333333332,0.3333333333333333,0.0,False,False,False,False,False,False,False,False,False,False,False,False,False,False,False,False,False,False,True,False,False,1
1532,2.0,495698.5581,5452140.0603,8314.759221210905,18.0,0.5,0.5,False,False,False,False,False,False,False,False,False,False,False,False,False,False,False,False,False,False,True,False,False,0
1533,2.0,495698.5581,5452390.0603,8109.731873293455,17.5,0.5,0.0,False,False,False,False,False,False,False,False,False,False,False,False,False,False,False,False,False,False,True,False,False,0
1534,1.0,495698.5581,5452640.0603,7907.292912666873,3.0,1.0,0.0,False,False,False,False,False,False,False,False,False,False,False,False,False,False,False,False,False,False,True,False,False,0
1535,4.0,495698.5581,5452890.0603,7707.646291619237,12.25,0.0,0.25,False,False,False,False,False,False,False,False,False,False,False,False,False,False,False,False,False,False,True,False,False,1
1536,1.0,495698.5581,5453140.0603,7511.014678904028,19.0,0.0,0.0,False,False,False,False,False,False,False,False,False,False,False,False,False,False,False,False,False,False,True,False,False,0
1537,5.0,495698.5581,5453390.0603,7317.64112653195,15.2,0.6,0.2,False,False,False,False,False,True,False,False,False,False,False,False,False,False,False,False,False,False,False,False,False,2
1538,7.0,495698.5581,5453640.0603,7127.790808287782,16.428571428571427,0.42857142857142855,0.2857142857142857,False,False,False,False,False,True,False,False,False,False,False,False,False,False,False,False,False,False,False,False,False,2
1539,3.0,495698.5581,5453890.0603,6941.7528014696545,8.333333333333334,0.3333333333333333,0.3333333333333333,False,False,False,False,False,True,False,False,False,False,False,False,False,False,False,False,False,False,False,False,False,1
1540,2.0,495698.5581,5454140.0603,6759.84186994872,15.5,0.0,0.5,False,False,False,False,False,True,False,False,False,False,False,False,False,False,False,False,False,False,False,False,False,0
1541,18.0,495698.5581,5454390.0603,6582.400189650566,12.944444444444445,0.4444444444444444,0.2777777777777778,False,False,False,False,False,True,False,False,False,False,False,False,False,False,False,False,False,False,False,False,False,2
1542,2.0,495698.5581,5454640.0603,6409.798936527714,10.0,0.5,0.0,False,False,False,False,False,True,False,False,False,False,False,False,False,False,False,False,False,False,False,False,False,0
1543,8.0,495698.5581,5454890.0603,6242.439631803564,15.75,0.375,0.375,False,False,False,False,False,True,False,False,False,False,False,False,False,False,False,False,False,False,False,False,False,2
1544,11.0,495698.5581,5455140.0603,6080.755109911254,15.090909090909092,0.18181818181818182,0.18181818181818182,False,False,False,False,False,True,False,False,False,False,False,False,False,False,False,False,False,False,False,False,False,2
1545,5.0,495698.5581,5455390.0603,5925.209941994615,19.4,0.6,0.4,False,False,False,False,False,True,False,False,False,False,False,False,False,False,False,False,False,False,False,False,False,2
1546,0.0,495698.5581,5455640.0603,5776.300113975367,0.0,0.0,0.0,False,False,False,False,False,True,False,False,False,False,False,False,False,False,False,False,False,False,False,False,False,0
1547,1.0,495698.5581,5455890.0603,5634.551726332082,12.0,0.0,0.0,False,False,False,False,False,True,False,False,False,False,False,False,False,False,False,False,False,False,False,False,False,0
1548,0.0,495698.5581,5456140.0603,5500.518457992106,0.0,0.0,0.0,False,False,False,False,False,True,False,False,False,False,False,False,False,False,False,False,False,False,False,False,False,0
1549,9.0,495698.5581,5456390.0603,5374.777526252771,15.666666666666666,0.5555555555555556,0.0,False,False,False,False,False,True,False,False,False,False,False,False,False,False,False,False,False,False,False,False,False,2
1550,4.0,495698.5581,5456640.0603,5257.923887497029,13.0,0.25,0.0,False,False,False,True,False,False,False,False,False,False,False,False,False,False,False,False,False,False,False,False,False,1
1551,3.0,495698.5581,5456890.0603,5150.562469935868,13.666666666666666,0.6666666666666666,0.0,False,False,False,True,False,False,False,False,False,False,False,False,False,False,False,False,False,False,False,False,False,1
1552,2.0,495698.5581,5457140.0603,5053.298319584138,12.0,0.0,0.0,False,False,False,True,False,False,False,False,False,False,False,False,False,False,False,False,False,False,False,False,False,0
1553,3.0,495698.5581,5457390.0603,4966.724680985638,20.0,0.6666666666666666,0.6666666666666666,False,False,False,True,False,False,False,False,False,False,False,False,False,False,False,False,False,False,False,False,False,1
1554,2.0,495698.5581,5457640.0603,4891.409225030337,22.5,1.0,0.0,False,False,False,True,False,False,False,False,False,False,False,False,False,False,False,False,False,False,False,False,False,0
1555,3.0,495698.5581,5457890.0603,4827.878867236822,6.333333333333333,0.6666666666666666,0.3333333333333333,False,False,False,True,False,False,False,False,False,False,False,False,False,False,False,False,False,False,False,False,False,1
1556,7.0,495698.5581,5458140.0603,4776.603867468172,8.714285714285714,0.8571428571428571,0.5714285714285714,False,False,False,True,False,False,False,False,False,False,False,False,False,False,False,False,False,False,False,False,False,2
1557,1.0,495698.5581,5458390.0603,4737.98212920985,0.0,1.0,0.0,False,False,False,True,False,False,False,False,False,False,False,False,False,False,False,False,False,False,False,False,False,0
1558,20.0,495698.5581,5458640.0603,4712.3247772953755,13.5,0.2,0.35,False,False,False,True,False,False,False,False,False,False,False,False,False,False,False,False,False,False,False,False,False,2
1559,2.0,495698.5581,5458890.0603,4699.844141746821,14.5,0.0,0.0,False,False,False,True,False,False,False,False,False,False,False,False,False,False,False,False,False,False,False,False,False,0
1560,11.0,495698.5581,5459140.0603,4700.645179835628,12.181818181818182,0.36363636363636365,0.18181818181818182,False,False,False,True,False,False,False,False,False,False,False,False,False,False,False,False,False,False,False,False,False,2
1561,2.0,495698.5581,5459390.0603,4714.721121838696,16.0,0.5,0.5,False,False,False,True,False,False,False,False,False,False,False,False,False,False,False,False,False,False,False,False,False,0
1562,3.0,495698.5581,5459640.0603,4741.953754172634,5.666666666666667,0.3333333333333333,0.3333333333333333,False,False,False,True,False,False,False,False,False,False,False,False,False,False,False,False,False,False,False,False,False,1
1563,0.0,495716.3898553568,5459864.20780135,4794.912761628483,0.0,0.0,0.0,False,False,False,True,False,False,False,False,False,False,False,False,False,False,False,False,False,False,False,False,False,0
1564,0.0,495812.50468512,5460022.487317352,4919.926997268052,0.0,0.0,0.0,False,False,False,True,False,False,False,False,False,False,False,False,False,False,False,False,False,False,False,False,False,0
1565,0.0,495949.57623240637,5450210.448343998,10087.344704823598,0.0,0.0,0.0,False,False,False,False,False,False,False,True,False,False,False,False,False,False,False,False,False,False,False,False,False,0
1566,1.0,495948.5581,5450390.0603,9930.724490524935,19.0,0.0,0.0,False,False,False,False,False,False,False,True,False,False,False,False,False,False,False,False,False,False,False,False,False,0
1567,1.0,495948.5581,5450640.0603,9714.773237534251,23.0,1.0,0.0,False,False,False,False,False,False,False,True,False,False,False,False,False,False,False,False,False,False,False,False,False,0
1568,2.0,495948.5581,5450890.0603,9500.492050768304,14.5,0.0,0.0,False,False,False,False,False,False,False,False,False,False,False,False,False,False,False,False,False,False,True,False,False,0
1569,1.0,495948.5581,5451140.0603,9287.996520063503,2.0,1.0,0.0,False,False,False,False,False,False,False,False,False,False,False,False,False,False,False,False,False,False,True,False,False,0
1570,0.0,495948.5581,5451390.0603,9077.412048965925,0.0,0.0,0.0,False,False,False,False,False,False,False,False,False,False,False,False,False,False,False,False,False,False,True,False,False,0
1571,1.0,495948.5581,5451640.0603,8868.874768352058,13.0,0.0,1.0,False,False,False,False,False,False,False,False,False,False,False,False,False,False,False,False,False,False,True,False,False,0
1572,0.0,495948.5581,5451890.0603,8662.532528464857,0.0,0.0,0.0,False,False,False,False,False,False,False,False,False,False,False,False,False,False,False,False,False,False,True,False,False,0
1573,1.0,495948.5581,5452140.0603,8458.54597177977,0.0,1.0,0.0,False,False,False,False,False,False,False,False,False,False,False,False,False,False,False,False,False,False,True,False,False,0
1574,9.0,495948.5581,5452390.0603,8257.089687457184,11.222222222222221,0.4444444444444444,0.2222222222222222,False,False,False,False,False,False,False,False,False,False,False,False,False,False,False,False,False,False,True,False,False,2
1575,3.0,495948.5581,5452640.0603,8058.353445755019,16.666666666666668,0.6666666666666666,0.3333333333333333,False,False,False,False,False,False,False,False,False,False,False,False,False,False,False,False,False,False,True,False,False,1
1576,3.0,495948.5581,5452890.0603,7862.54350746066,17.0,0.0,0.0,False,False,False,False,False,False,False,False,False,False,False,False,False,False,False,False,False,False,True,False,False,1
1577,1.0,495948.5581,5453140.0603,7669.8839989084445,9.0,0.0,1.0,False,False,False,False,False,False,False,False,False,False,False,False,False,False,False,False,False,False,True,False,False,0
1578,5.0,495948.5581,5453390.0603,7480.618337190569,7.2,0.6,0.6,False,False,False,False,False,False,False,False,False,False,False,False,True,False,False,False,False,False,False,False,False,2
1579,2.0,495948.5581,5453640.0603,7295.010682426161,2.5,1.0,0.0,False,False,False,False,False,False,False,False,False,False,False,False,True,False,False,False,False,False,False,False,False,0
1580,4.0,495948.5581,5453890.0603,7113.347384088015,14.25,0.5,0.25,False,False,False,False,False,False,False,False,False,False,False,False,True,False,False,False,False,False,False,False,False,1
1581,17.0,495948.5581,5454140.0603,6935.938376075138,14.294117647058824,0.35294117647058826,0.23529411764705882,False,False,False,False,False,False,False,False,False,False,False,False,True,False,False,False,False,False,False,False,False,2
1582,18.0,495948.5581,5454390.0603,6763.118460201021,15.444444444444445,0.3888888888888889,0.3333333333333333,False,False,False,False,False,False,False,False,False,False,False,False,True,False,False,False,False,False,False,False,False,2
1583,3.0,495948.5581,5454640.0603,6595.248399924891,6.333333333333333,0.6666666666666666,0.3333333333333333,False,False,False,False,False,False,False,False,False,False,False,False,True,False,False,False,False,False,False,False,False,1
1584,5.0,495948.5581,5454890.0603,6432.715725625673,13.6,0.0,0.0,False,False,False,False,False,False,False,False,False,False,False,False,True,False,False,False,False,False,False,False,False,2
1585,4.0,495948.5581,5455140.0603,6275.935130059252,10.75,0.5,0.5,False,False,False,False,False,False,False,False,False,False,False,False,True,False,False,False,False,False,False,False,False,1
1586,7.0,495948.5581,5455390.0603,6125.348309011647,12.571428571428571,0.42857142857142855,0.14285714285714285,False,False,False,False,False,False,False,False,False,False,False,False,True,False,False,False,False,False,False,False,False,2
1587,2.0,495948.5581,5455640.0603,5981.423079561573,16.0,0.5,0.0,False,False,False,False,False,False,False,False,False,False,False,False,True,False,False,False,False,False,False,False,False,0
1588,0.0,495948.5581,5455890.0603,5844.651589847924,0.0,0.0,0.0,False,False,False,False,False,False,False,False,False,False,False,False,True,False,False,False,False,False,False,False,False,0
1589,4.0,495948.5581,5456140.0603,5715.547424062884,15.5,0.25,0.25,False,False,False,False,False,False,False,False,False,False,False,False,True,False,False,False,False,False,False,False,False,1
1590,1.0,495948.5581,5456390.0603,5594.6414100201155,20.0,1.0,1.0,False,False,False,False,False,False,False,False,False,False,False,False,True,False,False,False,False,False,False,False,False,0
1591,10.0,495948.5581,5456640.0603,5482.475960431735,12.1,0.5,0.2,False,False,False,False,True,False,False,False,False,False,False,False,False,False,False,False,False,False,False,False,False,2
1592,3.0,495948.5581,5456890.0603,5379.597829458247,15.333333333333334,0.3333333333333333,0.0,False,False,False,False,True,False,False,False,False,False,False,False,False,False,False,False,False,False,False,False,False,1
1593,0.0,495948.5581,5457140.0603,5286.5492484901615,0.0,0.0,0.0,False,False,False,False,True,False,False,False,False,False,False,False,False,False,False,False,False,False,False,False,False,0
1594,3.0,495948.5581,5457390.0603,5203.857521753636,14.0,0.3333333333333333,0.6666666666666666,False,False,False,False,True,False,False,False,False,False,False,False,False,False,False,False,False,False,False,False,False,1
1595,2.0,495948.5581,5457640.0603,5132.023310226864,4.5,0.5,0.0,False,False,False,False,True,False,False,False,False,False,False,False,False,False,False,False,False,False,False,False,False,0
1596,4.0,495948.5581,5457890.0603,5071.508001246957,10.5,0.5,0.5,False,False,False,False,True,False,False,False,False,False,False,False,False,False,False,False,False,False,False,False,False,1
1597,4.0,495948.5581,5458140.0603,5022.720732502646,15.5,0.75,0.25,False,False,False,False,True,False,False,False,False,False,False,False,False,False,False,False,False,False,False,False,False,1
1598,4.0,495948.5581,5458390.0603,4986.005786871082,12.75,0.5,0.5,False,False,False,False,True,False,False,False,False,False,False,False,False,False,False,False,False,False,False,False,False,1
1599,6.0,495948.5581,5458640.0603,4961.631168951591,15.666666666666666,0.16666666666666666,0.16666666666666666,False,False,False,False,True,False,False,False,False,False,False,False,False,False,False,False,False,False,False,False,False,2
1600,5.0,495948.5581,5458890.0603,4949.779187672106,17.2,0.6,0.0,False,False,False,False,True,False,False,False,False,False,False,False,False,False,False,False,False,False,False,False,False,2
1601,2.0,495948.5581,5459140.0603,4950.539784378258,4.0,0.5,0.5,False,False,False,False,True,False,False,False,False,False,False,False,False,False,False,False,False,False,False,False,False,0
1602,2.0,495948.5581,5459390.0603,4963.907161371166,11.5,0.0,0.0,False,False,False,False,True,False,False,False,False,False,False,False,False,False,False,False,False,False,False,False,False,0
1603,3.0,495948.5581,5459640.0603,4989.780000832897,13.0,0.3333333333333333,0.0,False,False,False,False,True,False,False,False,False,False,False,False,False,False,False,False,False,False,False,False,False,1
1604,0.0,495948.5581,5459890.0603,5027.965255121792,0.0,0.0,0.0,False,False,False,False,True,False,False,False,False,False,False,False,False,False,False,False,False,False,False,False,False,0
1605,0.0,495969.2099531734,5460056.7440607995,5080.3302617795125,0.0,0.0,0.0,False,False,False,False,True,False,False,False,False,False,False,False,False,False,False,False,False,False,False,False,False,0
1606,0.0,496199.5362483981,5450207.762943894,10214.627239854364,0.0,0.0,0.0,False,False,False,False,False,False,False,True,False,False,False,False,False,False,False,False,False,False,False,False,False,0
1607,2.0,496198.5581,5450390.0603,10057.637294947146,12.0,0.0,0.0,False,False,False,False,False,False,False,True,False,False,False,False,False,False,False,False,False,False,False,False,False,0
1608,0.0,496198.5581,5450640.0603,9844.470433025423,0.0,0.0,0.0,False,False,False,False,False,False,False,True,False,False,False,False,False,False,False,False,False,False,False,False,False,0
1609,0.0,496198.5581,5450890.0603,9633.074704200719,0.0,0.0,0.0,False,False,False,False,False,False,False,True,False,False,False,False,False,False,False,False,False,False,False,False,False,0
1610,0.0,496198.5581,5451140.0603,9423.569302908096,0.0,0.0,0.0,False,False,False,False,False,False,False,True,False,False,False,False,False,False,False,False,False,False,False,False,False,0
1611,0.0,496198.5581,5451390.0603,9216.083146147921,0.0,0.0,0.0,False,False,False,False,False,False,False,False,False,False,False,False,False,False,False,False,False,False,True,False,False,0
1612,0.0,496198.5581,5451640.0603,9010.755723395889,0.0,0.0,0.0,False,False,False,False,False,False,False,False,False,False,False,False,False,False,False,False,False,False,True,False,False,0
1613,2.0,496198.5581,5451890.0603,8807.738010222136,6.0,0.5,0.0,False,False,False,False,False,False,False,False,False,False,False,False,False,False,False,False,False,False,True,False,False,0
1614,2.0,496198.5581,5452140.0603,8607.19344541017,20.0,0.5,0.0,False,False,False,False,False,False,False,False,False,False,False,False,False,False,False,False,False,False,True,False,False,0
1615,3.0,496198.5581,5452390.0603,8409.298969397614,8.333333333333334,0.3333333333333333,0.3333333333333333,False,False,False,False,False,False,False,False,False,False,False,False,False,False,False,False,False,False,True,False,False,1
1616,2.0,496198.5581,5452640.0603,8214.246119195102,11.0,1.0,0.5,False,False,False,False,False,False,False,False,False,False,False,False,False,False,False,False,False,False,True,False,False,0
1617,2.0,496198.5581,5452890.0603,8022.242171407679,10.5,0.0,0.0,False,False,False,False,False,False,False,False,False,False,False,False,False,False,False,False,False,False,True,False,False,0
1618,0.0,496198.5581,5453140.0603,7833.51132039214,0.0,0.0,0.0,False,False,False,False,False,False,False,False,False,False,False,False,False,False,False,False,False,False,True,False,False,0
1619,0.0,496198.5581,5453390.0603,7648.295872723009,0.0,0.0,0.0,False,False,False,False,False,False,False,False,False,False,False,False,True,False,False,False,False,False,False,False,False,0
1620,1.0,496198.5581,5453640.0603,7466.857431792294,11.0,0.0,0.0,False,False,False,False,False,False,False,False,False,False,False,False,True,False,False,False,False,False,False,False,False,0
1621,4.0,496198.5581,5453890.0603,7289.478037329684,9.5,0.25,0.5,False,False,False,False,False,False,False,False,False,False,False,False,True,False,False,False,False,False,False,False,False,1
1622,4.0,496198.5581,5454140.0603,7116.461213743234,12.5,0.25,0.25,False,False,False,False,False,False,False,False,False,False,False,False,True,False,False,False,False,False,False,False,False,1
1623,2.0,496198.5581,5454390.0603,6948.132868383551,21.0,1.0,0.0,False,False,False,False,False,False,False,False,False,False,False,False,True,False,False,False,False,False,False,False,False,0
1624,4.0,496198.5581,5454640.0603,6784.84196622971,13.0,0.5,0.25,False,False,False,False,False,False,False,False,False,False,False,False,True,False,False,False,False,False,False,False,False,1
1625,1.0,496198.5581,5454890.0603,6626.960891442762,16.0,0.0,0.0,False,False,False,False,False,False,False,False,False,False,False,False,True,False,False,False,False,False,False,False,False,0
1626,2.0,496198.5581,5455140.0603,6474.885389465349,14.5,0.5,0.0,False,False,False,False,False,False,False,False,False,False,False,False,True,False,False,False,False,False,False,False,False,0
1627,3.0,496198.5581,5455390.0603,6329.033967100498,16.333333333333332,0.6666666666666666,0.3333333333333333,False,False,False,False,False,False,False,False,False,False,False,False,True,False,False,False,False,False,False,False,False,1
1628,1.0,496198.5581,5455640.0603,6189.846614150618,16.0,0.0,0.0,False,False,False,False,False,False,False,False,False,False,False,False,True,False,False,False,False,False,False,False,False,0
1629,1.0,496198.5581,5455890.0603,6057.782701344764,0.0,1.0,0.0,False,False,False,False,False,False,False,False,False,False,False,False,True,False,False,False,False,False,False,False,False,0
1630,2.0,496198.5581,5456140.0603,5933.317908785259,22.0,1.0,1.0,False,False,False,False,False,False,False,False,False,False,False,False,True,False,False,False,False,False,False,False,False,0
1631,2.0,496198.5581,5456390.0603,5816.940050981433,22.0,1.0,0.0,False,False,False,False,False,False,False,False,False,False,False,False,True,False,False,False,False,False,False,False,False,0
1632,5.0,496198.5581,5456640.0603,5709.143692946595,13.0,0.2,0.4,False,False,False,False,True,False,False,False,False,False,False,False,False,False,False,False,False,False,False,False,False,2
1633,2.0,496198.5581,5456890.0603,5610.42350065589,17.5,0.0,0.0,False,False,False,False,True,False,False,False,False,False,False,False,False,False,False,False,False,False,False,False,False,0
1634,2.0,496198.5581,5457140.0603,5521.266340859848,18.0,0.0,0.0,False,False,False,False,True,False,False,False,False,False,False,False,False,False,False,False,False,False,False,False,False,0
1635,0.0,496198.5581,5457390.0603,5442.142239661869,0.0,0.0,0.0,False,False,False,False,True,False,False,False,False,False,False,False,False,False,False,False,False,False,False,False,False,0
1636,6.0,496198.5581,5457640.0603,5373.494422320722,6.833333333333333,0.5,0.5,False,False,False,False,True,False,False,False,False,False,False,False,False,False,False,False,False,False,False,False,False,2
1637,1.0,496198.5581,5457890.0603,5315.728779453662,10.0,0.0,0.0,False,False,False,False,True,False,False,False,False,False,False,False,False,False,False,False,False,False,False,False,False,0
1638,3.0,496198.5581,5458140.0603,5269.203223136486,7.333333333333333,1.0,0.0,False,False,False,False,True,False,False,False,False,False,False,False,False,False,False,False,False,False,False,False,False,1
1639,3.0,496198.5581,5458390.0603,5234.217492301206,20.666666666666668,0.6666666666666666,0.0,False,False,False,False,True,False,False,False,False,False,False,False,False,False,False,False,False,False,False,False,False,1
1640,9.0,496198.5581,5458640.0603,5211.00402098405,13.444444444444445,0.6666666666666666,0.1111111111111111,False,False,False,False,True,False,False,False,False,False,False,False,False,False,False,False,False,False,False,False,False,2
1641,4.0,496198.5581,5458890.0603,5199.720478709595,17.0,1.0,0.0,False,False,False,False,True,False,False,False,False,False,False,False,False,False,False,False,False,False,False,False,False,1
1642,3.0,496198.5581,5459140.0603,5200.4445201070985,14.333333333333334,0.0,0.0,False,False,False,False,True,False,False,False,False,False,False,False,False,False,False,False,False,False,False,False,False,1
1643,0.0,496198.5581,5459390.0603,5213.1711420892325,0.0,0.0,0.0,False,False,False,False,True,False,False,False,False,False,False,False,False,False,False,False,False,False,False,False,False,0
1644,4.0,496198.5581,5459640.0603,5237.812855258572,16.0,0.25,0.0,False,False,False,False,True,False,False,False,False,False,False,False,False,False,False,False,False,False,False,False,False,1
1645,1.0,496198.5581,5459890.0603,5274.202656014648,16.0,0.0,0.0,False,False,False,False,True,False,False,False,False,False,False,False,False,False,False,False,False,False,False,False,False,0
1646,0.0,496204.42428139964,5460081.444888347,5315.595464983545,0.0,0.0,0.0,False,False,False,False,True,False,False,False,False,False,False,False,False,False,False,False,False,False,False,False,False,0
1647,0.0,496449.49238277256,5450205.073734708,10346.385612464719,0.0,0.0,0.0,False,False,False,False,False,False,False,True,False,False,False,False,False,False,False,False,False,False,False,False,False,0
1648,4.0,496448.5581,5450390.0603,10189.104327992316,12.75,0.25,0.25,False,False,False,False,False,False,False,True,False,False,False,False,False,False,False,False,False,False,False,False,False,1
1649,0.0,496448.5581,5450640.0603,9978.74627178744,0.0,0.0,0.0,False,False,False,False,False,False,False,True,False,False,False,False,False,False,False,False,False,False,False,False,False,0
1650,0.0,496448.5581,5450890.0603,9770.256255938826,0.0,0.0,0.0,False,False,False,False,False,False,False,True,False,False,False,False,False,False,False,False,False,False,False,False,False,0
1651,0.0,496448.5581,5451140.0603,9563.756451139467,0.0,0.0,0.0,False,False,False,False,False,False,False,True,False,False,False,False,False,False,False,False,False,False,False,False,False,0
1652,0.0,496448.5581,5451390.0603,9359.37859084201,0.0,0.0,0.0,False,False,False,False,False,False,False,True,False,False,False,False,False,False,False,False,False,False,False,False,False,0
1653,0.0,496448.5581,5451640.0603,9157.26475300959,0.0,0.0,0.0,False,False,False,False,False,False,False,True,False,False,False,False,False,False,False,False,False,False,False,False,False,0
1654,0.0,496448.5581,5451890.0603,8957.568191574754,0.0,0.0,0.0,False,False,False,False,False,False,False,True,False,False,False,False,False,False,False,False,False,False,False,False,False,0
1655,0.0,496448.5581,5452140.0603,8760.454215205498,0.0,0.0,0.0,False,False,False,False,False,False,False,True,False,False,False,False,False,False,False,False,False,False,False,False,False,0
1656,3.0,496448.5581,5452390.0603,8566.101108830773,6.0,0.3333333333333333,0.3333333333333333,False,False,False,False,False,False,False,True,False,False,False,False,False,False,False,False,False,False,False,False,False,1
1657,3.0,496448.5581,5452640.0603,8374.701090588953,13.333333333333334,0.3333333333333333,0.0,False,False,False,False,False,False,False,True,False,False,False,False,False,False,False,False,False,False,False,False,False,1
1658,1.0,496448.5581,5452890.0603,8186.461293300776,19.0,0.0,1.0,False,False,False,False,False,False,False,True,False,False,False,False,False,False,False,False,False,False,False,False,False,0
1659,2.0,496448.5581,5453140.0603,8001.604755092057,9.5,0.5,0.0,False,False,False,False,False,False,False,False,False,False,False,False,False,False,False,False,False,False,True,False,False,0
1660,1.0,496448.5581,5453390.0603,7820.371398259281,0.0,1.0,0.0,False,False,False,False,False,False,False,False,False,False,False,False,True,False,False,False,False,False,False,False,False,0
1661,6.0,496448.5581,5453640.0603,7643.018968752585,11.666666666666666,0.5,0.0,False,False,False,False,False,False,False,False,False,False,False,False,True,False,False,False,False,False,False,False,False,2
1662,2.0,496448.5581,5453890.0603,7469.82390064932,14.5,0.5,0.5,False,False,False,False,False,False,False,False,False,False,False,False,True,False,False,False,False,False,False,False,False,0
1663,6.0,496448.5581,5454140.0603,7301.082060675105,12.833333333333334,0.5,0.3333333333333333,False,False,False,False,False,False,False,False,False,False,False,False,True,False,False,False,False,False,False,False,False,2
1664,3.0,496448.5581,5454390.0603,7137.1093172734745,8.333333333333334,0.6666666666666666,0.0,False,False,False,False,False,False,False,False,False,False,False,False,True,False,False,False,False,False,False,False,False,1
1665,0.0,496448.5581,5454640.0603,6978.241867169112,0.0,0.0,0.0,False,False,False,False,False,False,False,False,False,False,False,False,True,False,False,False,False,False,False,False,False,0
1666,1.0,496448.5581,5454890.0603,6824.83624028532,20.0,1.0,0.0,False,False,False,False,False,False,False,False,False,False,False,False,True,False,False,False,False,False,False,False,False,0
1667,7.0,496448.5581,5455140.0603,6677.268892047995,14.428571428571429,0.14285714285714285,0.0,False,False,False,False,False,False,False,False,False,False,False,False,True,False,False,False,False,False,False,False,False,2
1668,0.0,496448.5581,5455390.0603,6535.935281710787,0.0,0.0,0.0,False,False,False,False,False,False,False,False,False,False,False,False,True,False,False,False,False,False,False,False,False,0
1669,2.0,496448.5581,5455640.0603,6401.2483279991475,9.0,0.5,0.0,False,False,False,False,False,False,False,False,False,False,False,False,True,False,False,False,False,False,False,False,False,0
1670,0.0,496448.5581,5455890.0603,6273.636131201099,0.0,0.0,0.0,False,False,False,False,False,False,False,False,False,False,False,False,True,False,False,False,False,False,False,False,False,0
1671,9.0,496448.5581,5456140.0603,6153.538856358338,11.88888888888889,0.1111111111111111,0.1111111111111111,False,False,False,False,False,False,False,False,False,False,False,False,True,False,False,False,False,False,False,False,False,2
1672,1.0,496448.5581,5456390.0603,6041.404688208851,5.0,1.0,0.0,False,False,False,False,False,False,False,False,False,False,False,False,True,False,False,False,False,False,False,False,False,0
1673,3.0,496448.5581,5456640.0603,5937.684797689408,17.0,0.3333333333333333,1.0,False,False,False,False,True,False,False,False,False,False,False,False,False,False,False,False,False,False,False,False,False,1
1674,0.0,496448.5581,5456890.0603,5842.827304200588,0.0,0.0,0.0,False,False,False,False,True,False,False,False,False,False,False,False,False,False,False,False,False,False,False,False,False,0
1675,1.0,496448.5581,5457140.0603,5757.27027824054,13.0,0.0,1.0,False,False,False,False,True,False,False,False,False,False,False,False,False,False,False,False,False,False,False,False,False,0
1676,2.0,496448.5581,5457390.0603,5681.433904104836,18.5,0.0,0.0,False,False,False,False,True,False,False,False,False,False,False,False,False,False,False,False,False,False,False,False,False,0
1677,1.0,496448.5581,5457640.0603,5615.712007992568,15.0,0.0,0.0,False,False,False,False,True,False,False,False,False,False,False,False,False,False,False,False,False,False,False,False,False,0
1678,2.0,496448.5581,5457890.0603,5560.463245693827,12.0,0.5,0.0,False,False,False,False,True,False,False,False,False,False,False,False,False,False,False,False,False,False,False,False,False,0
1679,4.0,496448.5581,5458140.0603,5516.002325662303,16.25,0.0,0.0,False,False,False,False,True,False,False,False,False,False,False,False,False,False,False,False,False,False,False,False,False,1
1680,2.0,496448.5581,5458390.0603,5482.591705271508,2.5,1.0,0.5,False,False,False,False,True,False,False,False,False,False,False,False,False,False,False,False,False,False,False,False,False,0
1681,111.0,496448.5581,5458640.0603,5460.434227853308,16.81981981981982,0.2702702702702703,0.3333333333333333,False,False,False,False,True,False,False,False,False,False,False,False,False,False,False,False,False,False,False,False,False,2
1682,2.0,496448.5581,5458890.0603,5449.667155589592,22.0,1.0,0.5,False,False,False,False,True,False,False,False,False,False,False,False,False,False,False,False,False,False,False,False,False,0
1683,3.0,496448.5581,5459140.0603,5450.357993445197,7.666666666666667,1.0,0.0,False,False,False,False,True,False,False,False,False,False,False,False,False,False,False,False,False,False,False,False,False,1
1684,0.0,496448.5581,5459390.0603,5462.50239420652,0.0,0.0,0.0,False,False,False,False,True,False,False,False,False,False,False,False,False,False,False,False,False,False,False,False,False,0
1685,0.0,496448.5581,5459640.0603,5486.024294214524,0.0,0.0,0.0,False,False,False,False,True,False,False,False,False,False,False,False,False,False,False,False,False,False,False,False,False,0
1686,0.0,496448.5581,5459890.0603,5520.778270018818,0.0,0.0,0.0,False,False,False,False,True,False,False,False,False,False,False,False,False,False,False,False,False,False,False,False,False,0
1687,0.0,496448.89487798634,5460087.014106429,5556.262688077466,0.0,0.0,0.0,False,False,False,False,True,False,False,False,False,False,False,False,False,False,False,False,False,False,False,False,False,0
1688,0.0,496699.45228263945,5450202.38448501,10482.451768154044,0.0,0.0,0.0,False,False,False,False,False,False,False,True,False,False,False,False,False,False,False,False,False,False,False,False,False,0
1689,1.0,496698.5581,5450390.0603,10324.951624909037,1.0,1.0,0.0,False,False,False,False,False,False,False,True,False,False,False,False,False,False,False,False,False,False,False,False,False,0
1690,1.0,496698.5581,5450640.0603,10117.418455649236,1.0,1.0,0.0,False,False,False,False,False,False,False,True,False,False,False,False,False,False,False,False,False,False,False,False,False,0
1691,0.0,496698.5581,5450890.0603,9911.845759328167,0.0,0.0,0.0,False,False,False,False,False,False,False,True,False,False,False,False,False,False,False,False,False,False,False,False,False,0
1692,0.0,496698.5581,5451140.0603,9708.358074706133,0.0,0.0,0.0,False,False,False,False,False,False,False,True,False,False,False,False,False,False,False,False,False,False,False,False,False,0
1693,0.0,496698.5581,5451390.0603,9507.089284145373,0.0,0.0,0.0,False,False,False,False,False,False,False,True,False,False,False,False,False,False,False,False,False,False,False,False,False,0
1694,0.0,496698.5581,5451640.0603,9308.183324726248,0.0,0.0,0.0,False,False,False,False,False,False,False,True,False,False,False,False,False,False,False,False,False,False,False,False,False,0
1695,2.0,496698.5581,5451890.0603,9111.794936054685,16.0,0.0,0.5,False,False,False,False,False,False,False,True,False,False,False,False,False,False,False,False,False,False,False,False,False,0
1696,0.0,496698.5581,5452140.0603,8918.090440599479,0.0,0.0,0.0,False,False,False,False,False,False,False,True,False,False,False,False,False,False,False,False,False,False,False,False,False,0
1697,1.0,496698.5581,5452390.0603,8727.248550185323,7.0,0.0,0.0,False,False,False,False,False,False,False,True,False,False,False,False,False,False,False,False,False,False,False,False,False,0
1698,4.0,496698.5581,5452640.0603,8539.461189484487,17.0,0.25,0.25,False,False,False,False,False,False,False,True,False,False,False,False,False,False,False,False,False,False,False,False,False,1
1699,1.0,496698.5581,5452890.0603,8354.934323901763,10.0,0.0,0.0,False,False,False,False,False,False,False,True,False,False,False,False,False,False,False,False,False,False,False,False,False,0
1700,2.0,496698.5581,5453140.0603,8173.8887750392,16.0,0.0,0.0,False,False,False,False,False,False,False,True,False,False,False,False,False,False,False,False,False,False,False,False,False,0
1701,0.0,496698.5581,5453390.0603,7996.561001875233,0.0,0.0,0.0,False,False,False,False,False,False,False,False,False,False,False,False,True,False,False,False,False,False,False,False,False,0
1702,0.0,496698.5581,5453640.0603,7823.2038198369755,0.0,0.0,0.0,False,False,False,False,False,False,False,False,False,False,False,False,True,False,False,False,False,False,False,False,False,0
1703,1.0,496698.5581,5453890.0603,7654.087023068907,0.0,1.0,1.0,False,False,False,False,False,False,False,False,False,False,False,False,True,False,False,False,False,False,False,False,False,0
1704,6.0,496698.5581,5454140.0603,7489.4978674615995,18.0,0.3333333333333333,0.3333333333333333,False,False,False,False,False,False,False,False,False,False,False,False,True,False,False,False,False,False,False,False,False,2
1705,2.0,496698.5581,5454390.0603,7329.741363562009,11.0,1.0,1.0,False,False,False,False,False,False,False,False,False,False,False,False,True,False,False,False,False,False,False,False,False,0
1706,0.0,496698.5581,5454640.0603,7175.140319653119,0.0,0.0,0.0,False,False,False,False,False,False,False,False,False,False,False,False,True,False,False,False,False,False,False,False,False,0
1707,3.0,496698.5581,5454890.0603,7026.0350665728865,14.0,0.0,0.3333333333333333,False,False,False,False,False,False,False,False,False,False,False,False,True,False,False,False,False,False,False,False,False,1
1708,1.0,496698.5581,5455140.0603,6882.782787994393,17.0,0.0,0.0,False,False,False,False,False,False,False,False,False,False,False,False,True,False,False,False,False,False,False,False,False,0
1709,2.0,496698.5581,5455390.0603,6745.75637395184,4.5,0.5,0.5,False,False,False,False,False,False,False,False,False,False,False,False,True,False,False,False,False,False,False,False,False,0
1710,2.0,496698.5581,5455640.0603,6615.342712718056,5.0,0.5,0.0,False,False,False,False,False,False,False,False,False,False,False,False,True,False,False,False,False,False,False,False,False,0
1711,3.0,496698.5581,5455890.0603,6491.940338351231,20.666666666666668,1.0,0.0,False,False,False,False,False,False,False,False,False,False,False,False,True,False,False,False,False,False,False,False,False,1
1712,4.0,496698.5581,5456140.0603,6375.956360163697,17.0,0.5,0.25,False,False,False,False,False,False,False,False,False,False,False,False,True,False,False,False,False,False,False,False,False,1
1713,7.0,496698.5581,5456390.0603,6267.80261788068,8.571428571428571,0.2857142857142857,0.0,False,False,False,False,False,False,False,False,False,False,False,False,True,False,False,False,False,False,False,False,False,2
1714,7.0,496698.5581,5456640.0603,6167.891033952522,12.428571428571429,0.42857142857142855,0.0,False,False,False,False,True,False,False,False,False,False,False,False,False,False,False,False,False,False,False,False,False,2
1715,3.0,496698.5581,5456890.0603,6076.628173313875,20.666666666666668,0.6666666666666666,0.3333333333333333,False,False,False,False,True,False,False,False,False,False,False,False,False,False,False,False,False,False,False,False,False,1
1716,0.0,496698.5581,5457140.0603,5994.40907068511,0.0,0.0,0.0,False,False,False,False,True,False,False,False,False,False,False,False,False,False,False,False,False,False,False,False,False,0
1717,13.0,496698.5581,5457390.0603,5921.610444525369,14.307692307692308,0.07692307692307693,0.38461538461538464,False,False,False,False,True,False,False,False,False,False,False,False,False,False,False,False,False,False,False,False,False,2
1718,1.0,496698.5581,5457640.0603,5858.583481244586,10.0,0.0,0.0,False,False,False,False,True,False,False,False,False,False,False,False,False,False,False,False,False,False,False,False,False,0
1719,0.0,496698.5581,5457890.0603,5805.646437453106,0.0,0.0,0.0,False,False,False,False,True,False,False,False,False,False,False,False,False,False,False,False,False,False,False,False,False,0
1720,2.0,496698.5581,5458140.0603,5763.0773642830745,5.5,0.5,0.5,False,False,False,False,True,False,False,False,False,False,False,False,False,False,False,False,False,False,False,False,False,0
1721,3.0,496698.5581,5458390.0603,5731.10729760942,10.666666666666666,0.3333333333333333,0.3333333333333333,False,False,False,False,True,False,False,False,False,False,False,False,False,False,False,False,False,False,False,False,False,1
1722,19.0,496698.5581,5458640.0603,5709.914273149113,16.36842105263158,0.5263157894736842,0.15789473684210525,False,False,False,False,True,False,False,False,False,False,False,False,False,False,False,False,False,False,False,False,False,2
1723,6.0,496698.5581,5458890.0603,5699.618509752382,11.666666666666666,0.3333333333333333,0.3333333333333333,False,False,False,False,True,False,False,False,False,False,False,False,False,False,False,False,False,False,False,False,False,2
1724,2.0,496698.5581,5459140.0603,5700.27905516142,20.0,0.5,0.5,False,False,False,False,True,False,False,False,False,False,False,False,False,False,False,False,False,False,False,False,False,0
1725,2.0,496698.5581,5459390.0603,5711.892108287058,4.0,0.5,0.5,False,False,False,False,True,False,False,False,False,False,False,False,False,False,False,False,False,False,False,False,False,0
1726,3.0,496698.5581,5459640.0603,5734.391127810518,17.333333333333332,0.6666666666666666,0.0,False,False,False,False,True,False,False,False,False,False,False,False,False,False,False,False,False,False,False,False,False,1
1727,0.0,496698.5581,5459890.0603,5767.648719947496,0.0,0.0,0.0,False,False,False,False,True,False,False,False,False,False,False,False,False,False,False,False,False,False,False,False,False,0
1728,0.0,496688.9919571884,5460077.81693258,5790.19160556121,0.0,0.0,0.0,False,False,False,False,True,False,False,False,False,False,False,False,False,False,False,False,False,False,False,False,False,0
1729,0.0,496949.586568181,5450199.535498404,10622.888297263227,0.0,0.0,0.0,False,False,False,False,False,False,False,True,False,False,False,False,False,False,False,False,False,False,False,False,False,0
1730,3.0,496948.5581,5450390.0603,10465.008605190527,11.0,0.0,0.0,False,False,False,False,False,False,False,True,False,False,False,False,False,False,False,False,False,False,False,False,False,1
1731,0.0,496948.5581,5450640.0603,10260.308731062227,0.0,0.0,0.0,False,False,False,False,False,False,False,True,False,False,False,False,False,False,False,False,False,False,False,False,False,0
1732,2.0,496948.5581,5450890.0603,10057.657053544419,15.5,0.0,0.5,False,False,False,False,False,False,False,True,False,False,False,False,False,False,False,False,False,False,False,False,False,0
1733,1.0,496948.5581,5451140.0603,9857.17989876982,5.0,1.0,1.0,False,False,False,False,False,False,False,True,False,False,False,False,False,False,False,False,False,False,False,False,False,0
1734,0.0,496948.5581,5451390.0603,9659.012667281879,0.0,0.0,0.0,False,False,False,False,False,False,False,True,False,False,False,False,False,False,False,False,False,False,False,False,False,0
1735,3.0,496948.5581,5451640.0603,9463.300473762407,13.0,0.0,0.0,False,False,False,False,False,False,False,True,False,False,False,False,False,False,False,False,False,False,False,False,False,1
1736,4.0,496948.5581,5451890.0603,9270.198811606568,9.0,0.25,0.5,False,False,False,False,False,False,False,True,False,False,False,False,False,False,False,False,False,False,False,False,False,1
1737,3.0,496948.5581,5452140.0603,9079.87423683345,20.0,0.6666666666666666,0.3333333333333333,False,False,False,False,False,False,False,True,False,False,False,False,False,False,False,False,False,False,False,False,False,1
1738,2.0,496948.5581,5452390.0603,8892.505063631497,9.5,0.5,1.0,False,False,False,False,False,False,False,True,False,False,False,False,False,False,False,False,False,False,False,False,False,0
1739,0.0,496948.5581,5452640.0603,8708.28206115947,0.0,0.0,0.0,False,False,False,False,False,False,False,True,False,False,False,False,False,False,False,False,False,False,False,False,False,0
1740,2.0,496948.5581,5452890.0603,8527.40913799214,21.0,1.0,0.0,False,False,False,False,False,False,False,True,False,False,False,False,False,False,False,False,False,False,False,False,False,0
1741,2.0,496948.5581,5453140.0603,8350.10399676027,9.0,0.5,0.5,False,False,False,False,False,False,False,True,False,False,False,False,False,False,False,False,False,False,False,False,False,0
1742,2.0,496948.5581,5453390.0603,8176.598737049033,18.5,0.5,0.5,False,False,False,False,False,False,False,False,False,False,False,False,True,False,False,False,False,False,False,False,False,0
1743,2.0,496948.5581,5453640.0603,8007.140379480795,8.0,0.5,0.5,False,False,False,False,False,False,False,False,False,False,False,False,True,False,False,False,False,False,False,False,False,0
1744,0.0,496948.5581,5453890.0603,7841.991278158364,0.0,0.0,0.0,False,False,False,False,False,False,False,False,False,False,False,False,True,False,False,False,False,False,False,False,False,0
1745,3.0,496948.5581,5454140.0603,7681.42938239439,7.666666666666667,0.3333333333333333,0.6666666666666666,False,False,False,False,False,False,False,False,False,False,False,False,True,False,False,False,False,False,False,False,False,1
1746,4.0,496948.5581,5454390.0603,7525.7483021100215,11.25,0.75,0.75,False,False,False,False,False,False,False,False,False,False,False,False,True,False,False,False,False,False,False,False,False,1
1747,3.0,496948.5581,5454640.0603,7375.257124786354,13.333333333333334,0.3333333333333333,0.6666666666666666,False,False,False,False,False,False,False,False,False,False,False,False,True,False,False,False,False,False,False,False,False,1
1748,1.0,496948.5581,5454890.0603,7230.279925888892,17.0,0.0,0.0,False,False,False,False,False,False,False,False,False,False,False,False,True,False,False,False,False,False,False,False,False,0
1749,0.0,496948.5581,5455140.0603,7091.154909936173,0.0,0.0,0.0,False,False,False,False,False,False,False,False,False,False,False,False,True,False,False,False,False,False,False,False,False,0
1750,4.0,496948.5581,5455390.0603,6958.233116726681,15.0,0.25,0.75,False,False,False,False,False,False,False,False,False,False,False,False,True,False,False,False,False,False,False,False,False,1
1751,2.0,496948.5581,5455640.0603,6831.8766277437935,9.0,0.5,0.0,False,False,False,False,False,False,False,False,False,False,False,False,True,False,False,False,False,False,False,False,False,0
1752,2.0,496948.5581,5455890.0603,6712.456212647641,10.5,1.0,0.0,False,False,False,False,False,False,False,False,False,False,False,False,True,False,False,False,False,False,False,False,False,0
1753,6.0,496948.5581,5456140.0603,6600.348366314608,15.166666666666666,0.0,0.16666666666666666,False,False,False,False,False,False,False,False,False,False,False,False,True,False,False,False,False,False,False,False,False,2
1754,3.0,496948.5581,5456390.0603,6495.931704283222,13.0,0.0,0.0,False,False,False,False,False,False,False,False,False,False,False,False,True,False,False,False,False,False,False,False,False,1
1755,1.0,496948.5581,5456640.0603,6399.582709576612,17.0,0.0,1.0,False,False,False,False,True,False,False,False,False,False,False,False,False,False,False,False,False,False,False,False,False,0
1756,1.0,496948.5581,5456890.0603,6311.670856969012,21.0,1.0,0.0,False,False,False,False,True,False,False,False,False,False,False,False,False,False,False,False,False,False,False,False,False,0
1757,0.0,496948.5581,5457140.0603,6232.553181218107,0.0,0.0,0.0,False,False,False,False,True,False,False,False,False,False,False,False,False,False,False,False,False,False,False,False,False,0
1758,1.0,496948.5581,5457390.0603,6162.568401787679,12.0,0.0,0.0,False,False,False,False,True,False,False,False,False,False,False,False,False,False,False,False,False,False,False,False,False,0
1759,2.0,496948.5581,5457640.0603,6102.030764975866,16.5,0.0,0.0,False,False,False,False,True,False,False,False,False,False,False,False,False,False,False,False,False,False,False,False,False,0
1760,2.0,496948.5581,5457890.0603,6051.223810661109,12.0,0.0,0.5,False,False,False,False,True,False,False,False,False,False,False,False,False,False,False,False,False,False,False,False,False,0
1761,0.0,496948.5581,5458140.0603,6010.394309586682,0.0,0.0,0.0,False,False,False,False,True,False,False,False,False,False,False,False,False,False,False,False,False,False,False,False,False,0
1762,0.0,496948.5581,5458390.0603,5979.746642351327,0.0,0.0,0.0,False,False,False,False,True,False,False,False,False,False,False,False,False,False,False,False,False,False,False,False,False,0
1763,1.0,496948.5581,5458640.0603,5959.437897714178,6.0,0.0,0.0,False,False,False,False,True,False,False,False,False,False,False,False,False,False,False,False,False,False,False,False,False,0
1764,0.0,496948.5581,5458890.0603,5949.573951697044,0.0,0.0,0.0,False,False,False,False,True,False,False,False,False,False,False,False,False,False,False,False,False,False,False,False,False,0
1765,0.0,496948.5581,5459140.0603,5950.206749072841,0.0,0.0,0.0,False,False,False,False,True,False,False,False,False,False,False,False,False,False,False,False,False,False,False,False,False,0
1766,0.0,496948.5581,5459390.0603,5961.332947144623,0.0,0.0,0.0,False,False,False,False,True,False,False,False,False,False,False,False,False,False,False,False,False,False,False,False,False,0
1767,3.0,496948.5581,5459640.0603,5982.8940034662155,15.666666666666666,0.0,0.0,False,False,False,False,True,False,False,False,False,False,False,False,False,False,False,False,False,False,False,False,False,1
1768,0.0,496948.5581,5459890.0603,6014.777702185843,0.0,0.0,0.0,False,False,False,False,True,False,False,False,False,False,False,False,False,False,False,False,False,False,False,False,False,0
1769,0.0,496928.94353058346,5460049.344942524,6021.087625773968,0.0,0.0,0.0,False,False,False,False,True,False,False,False,False,False,False,False,False,False,False,False,False,False,False,False,False,0
1770,0.0,497209.07915233483,5450176.092404614,10789.53238893448,0.0,0.0,0.0,False,False,False,False,False,False,False,True,False,False,False,False,False,False,False,False,False,False,False,False,False,0
1771,3.0,497198.5581,5450390.0603,10609.108546749429,20.0,0.6666666666666666,0.0,False,False,False,False,False,False,False,True,False,False,False,False,False,False,False,False,False,False,False,False,False,1
1772,0.0,497198.5581,5450640.0603,10407.243357715422,0.0,0.0,0.0,False,False,False,False,False,False,False,True,False,False,False,False,False,False,False,False,False,False,False,False,False,0
1773,0.0,497198.5581,5450890.0603,10207.509219036336,0.0,0.0,0.0,False,False,False,False,False,False,False,True,False,False,False,False,False,False,False,False,False,False,False,False,False,0
1774,0.0,497198.5581,5451140.0603,10010.033696582235,0.0,0.0,0.0,False,False,False,False,False,False,False,True,False,False,False,False,False,False,False,False,False,False,False,False,False,0
1775,1.0,497198.5581,5451390.0603,9814.953120454107,14.0,0.0,1.0,False,False,False,False,False,False,False,True,False,False,False,False,False,False,False,False,False,False,False,False,False,0
1776,1.0,497198.5581,5451640.0603,9622.413154022843,17.0,0.0,0.0,False,False,False,False,False,False,False,True,False,False,False,False,False,False,False,False,False,False,False,False,False,0
1777,1.0,497198.5581,5451890.0603,9432.569377254102,18.0,0.0,1.0,False,False,False,False,False,False,False,True,False,False,False,False,False,False,False,False,False,False,False,False,False,0
1778,2.0,497198.5581,5452140.0603,9245.587877831882,14.5,0.0,0.5,False,False,False,False,False,False,False,True,False,False,False,False,False,False,False,False,False,False,False,False,False,0
1779,0.0,497198.5581,5452390.0603,9061.645841496556,0.0,0.0,0.0,False,False,False,False,False,False,False,True,False,False,False,False,False,False,False,False,False,False,False,False,False,0
1780,1.0,497198.5581,5452640.0603,8880.932130509265,23.0,1.0,0.0,False,False,False,False,False,False,False,True,False,False,False,False,False,False,False,False,False,False,False,False,False,0
1781,1.0,497198.5581,5452890.0603,8703.647836207061,0.0,1.0,0.0,False,False,False,False,False,False,False,True,False,False,False,False,False,False,False,False,False,False,False,False,False,0
1782,5.0,497198.5581,5453140.0603,8530.006788198463,7.6,0.6,0.2,False,False,False,False,False,False,False,True,False,False,False,False,False,False,False,False,False,False,False,False,False,2
1783,2.0,497198.5581,5453390.0603,8360.235998864617,16.0,0.0,0.0,False,False,False,False,False,False,False,False,False,False,False,False,True,False,False,False,False,False,False,False,False,0
1784,5.0,497198.5581,5453640.0603,8194.57601750767,7.8,0.8,0.4,False,False,False,False,False,False,False,False,False,False,False,False,True,False,False,False,False,False,False,False,False,2
1785,2.0,497198.5581,5453890.0603,8033.281163802987,5.0,0.5,0.0,False,False,False,False,False,False,False,False,False,False,False,False,True,False,False,False,False,False,False,False,False,0
1786,4.0,497198.5581,5454140.0603,7876.6196053073345,14.0,0.75,0.25,False,False,False,False,False,False,False,False,False,False,False,False,True,False,False,False,False,False,False,False,False,1
1787,0.0,497198.5581,5454390.0603,7724.873238876602,0.0,0.0,0.0,False,False,False,False,False,False,False,False,False,False,False,False,True,False,False,False,False,False,False,False,False,0
1788,1.0,497198.5581,5454640.0603,7578.337331282627,15.0,0.0,0.0,False,False,False,False,False,False,False,False,False,False,False,False,True,False,False,False,False,False,False,False,False,0
1789,2.0,497198.5581,5454890.0603,7437.319870538842,9.0,0.0,0.0,False,False,False,False,False,False,False,False,False,False,False,False,True,False,False,False,False,False,False,False,False,0
1790,1.0,497198.5581,5455140.0603,7302.140577030266,19.0,0.0,1.0,False,False,False,False,False,False,False,False,False,False,False,False,True,False,False,False,False,False,False,False,False,0
1791,6.0,497198.5581,5455390.0603,7173.12952320756,7.166666666666667,0.6666666666666666,0.16666666666666666,False,False,False,False,False,False,False,False,False,False,False,False,True,False,False,False,False,False,False,False,False,2
1792,0.0,497198.5581,5455640.0603,7050.625313169884,0.0,0.0,0.0,False,False,False,False,False,False,False,False,False,False,False,False,True,False,False,False,False,False,False,False,False,0
1793,2.0,497198.5581,5455890.0603,6934.972779810453,6.5,0.5,0.5,False,False,False,False,False,False,False,False,False,False,False,False,True,False,False,False,False,False,False,False,False,0
1794,360.0,497198.5581,5456140.0603,6826.52016819052,16.086111111111112,0.2833333333333333,0.3638888888888889,False,False,False,False,False,False,False,False,False,False,False,False,True,False,False,False,False,False,False,False,False,2
1795,0.0,497198.5581,5456390.0603,6725.615790149772,0.0,0.0,0.0,False,False,False,False,False,False,False,False,False,False,False,False,True,False,False,False,False,False,False,False,False,0
1796,17.0,497198.5581,5456640.0603,6632.604157245624,14.882352941176471,0.11764705882352941,0.23529411764705882,False,False,False,False,True,False,False,False,False,False,False,False,False,False,False,False,False,False,False,False,False,2
1797,1.0,497198.5581,5456890.0603,6547.8216268246,11.0,0.0,1.0,False,False,False,False,True,False,False,False,False,False,False,False,False,False,False,False,False,False,False,False,False,0
1798,2.0,497198.5581,5457140.0603,6471.591628549499,19.0,0.5,0.0,False,False,False,False,True,False,False,False,False,False,False,False,False,False,False,False,False,False,False,False,False,0
1799,5.0,497198.5581,5457390.0603,6404.219574367509,11.8,0.4,0.4,False,False,False,False,True,False,False,False,False,False,False,False,False,False,False,False,False,False,False,False,False,2
1800,1.0,497198.5581,5457640.0603,6345.987591124959,1.0,1.0,0.0,False,False,False,False,True,False,False,False,False,False,False,False,False,False,False,False,False,False,False,False,False,0
1801,0.0,497198.5581,5457890.0603,6297.14924840693,0.0,0.0,0.0,False,False,False,False,True,False,False,False,False,False,False,False,False,False,False,False,False,False,False,False,False,0
1802,0.0,497198.5581,5458140.0603,6257.9244807453515,0.0,0.0,0.0,False,False,False,False,True,False,False,False,False,False,False,False,False,False,False,False,False,False,False,False,False,0
1803,0.0,497198.5581,5458390.0603,6228.4949190564475,0.0,0.0,0.0,False,False,False,False,True,False,False,False,False,False,False,False,False,False,False,False,False,False,False,False,False,0
1804,4.0,497198.5581,5458640.0603,6208.999847536799,12.25,0.0,0.75,False,False,False,False,True,False,False,False,False,False,False,False,False,False,False,False,False,False,False,False,False,1
1805,0.0,497198.5581,5458890.0603,6199.532986984746,0.0,0.0,0.0,False,False,False,False,True,False,False,False,False,False,False,False,False,False,False,False,False,False,False,False,False,0
1806,0.0,497198.5581,5459140.0603,6200.14027314802,0.0,0.0,0.0,False,False,False,False,True,False,False,False,False,False,False,False,False,False,False,False,False,False,False,False,False,0
1807,0.0,497198.5581,5459390.0603,6210.818750914569,0.0,0.0,0.0,False,False,False,False,True,False,False,False,False,False,False,False,False,False,False,False,False,False,False,False,False,0
1808,0.0,497198.5581,5459640.0603,6231.516645786322,0.0,0.0,0.0,False,False,False,False,True,False,False,False,False,False,False,False,False,False,False,False,False,False,False,False,False,0
1809,0.0,497197.01007544395,5459887.841504264,6260.287246752103,0.0,0.0,0.0,False,False,False,False,True,False,False,False,False,False,False,False,False,False,False,False,False,False,False,False,False,0
1810,0.0,497120.4027370611,5460026.324969077,6205.857926666933,0.0,0.0,0.0,False,False,False,False,True,False,False,False,False,False,False,False,False,False,False,False,False,False,False,False,False,0
1811,2.0,497450.7431020075,5450142.682444964,10957.379286985237,10.5,0.0,0.5,False,False,False,False,False,False,False,True,False,False,False,False,False,False,False,False,False,False,False,False,False,0
1812,2.0,497448.5581,5450390.0603,10757.088974565182,11.0,0.0,0.5,False,False,False,False,False,False,False,True,False,False,False,False,False,False,False,False,False,False,False,False,False,0
1813,2.0,497448.5581,5450640.0603,10558.053483323136,14.5,0.0,0.0,False,False,False,False,False,False,False,True,False,False,False,False,False,False,False,False,False,False,False,False,False,0
1814,0.0,497448.5581,5450890.0603,10361.22693056724,0.0,0.0,0.0,False,False,False,False,False,False,False,True,False,False,False,False,False,False,False,False,False,False,False,False,False,0
1815,0.0,497448.5581,5451140.0603,10166.737611284743,0.0,0.0,0.0,False,False,False,False,False,False,False,True,False,False,False,False,False,False,False,False,False,False,False,False,False,0
1816,0.0,497448.5581,5451390.0603,9974.722242083326,0.0,0.0,0.0,False,False,False,False,False,False,False,True,False,False,False,False,False,False,False,False,False,False,False,False,False,0
1817,1.0,497448.5581,5451640.0603,9785.326461427429,18.0,0.0,1.0,False,False,False,False,False,False,False,True,False,False,False,False,False,False,False,False,False,False,False,False,False,0
1818,0.0,497448.5581,5451890.0603,9598.705334924696,0.0,0.0,0.0,False,False,False,False,False,False,False,True,False,False,False,False,False,False,False,False,False,False,False,False,False,0
1819,2.0,497448.5581,5452140.0603,9415.023858531205,20.5,1.0,0.5,False,False,False,False,False,False,False,True,False,False,False,False,False,False,False,False,False,False,False,False,False,0
1820,1.0,497448.5581,5452390.0603,9234.457450587546,4.0,1.0,0.0,False,False,False,False,False,False,False,True,False,False,False,False,False,False,False,False,False,False,False,False,False,0
1821,3.0,497448.5581,5452640.0603,9057.192421314227,21.0,0.6666666666666666,0.3333333333333333,False,False,False,False,False,False,False,True,False,False,False,False,False,False,False,False,False,False,False,False,False,1
1822,5.0,497448.5581,5452890.0603,8883.426405768883,13.8,0.4,0.2,False,False,False,False,False,False,False,True,False,False,False,False,False,False,False,False,False,False,False,False,False,2
1823,3.0,497448.5581,5453140.0603,8713.368743299681,11.0,0.3333333333333333,0.3333333333333333,False,False,False,False,False,False,False,True,False,False,False,False,False,False,False,False,False,False,False,False,False,1
1824,13.0,497448.55947977054,5453390.060330247,8547.24180437243,16.615384615384617,0.23076923076923078,0.07692307692307693,False,False,False,False,False,False,False,True,False,False,False,False,False,False,False,False,False,False,False,False,False,2
1825,5.0,497448.5581,5453640.0603,8385.276093052147,15.4,0.2,0.0,False,False,False,False,False,False,False,False,False,False,False,False,True,False,False,False,False,False,False,False,False,2
1826,3.0,497448.5581,5453890.0603,8227.720541359671,19.333333333333332,0.6666666666666666,0.3333333333333333,False,False,False,False,False,False,False,False,False,False,False,False,True,False,False,False,False,False,False,False,False,1
1827,1.0,497448.5581,5454140.0603,8074.832224678844,0.0,1.0,0.0,False,False,False,False,False,False,False,False,False,False,False,False,True,False,False,False,False,False,False,False,False,0
1828,3.0,497448.5581,5454390.0603,7926.881203014959,19.0,0.3333333333333333,0.6666666666666666,False,False,False,False,False,False,False,False,False,False,False,False,True,False,False,False,False,False,False,False,False,1
1829,3.0,497448.5581,5454640.0603,7784.149006584593,13.0,0.6666666666666666,0.3333333333333333,False,False,False,False,False,False,False,False,False,False,False,False,True,False,False,False,False,False,False,False,False,1
1830,3.0,497448.5581,5454890.0603,7646.9278737746645,8.666666666666666,0.3333333333333333,0.0,False,False,False,False,False,False,False,False,False,False,False,False,True,False,False,False,False,False,False,False,False,1
1831,0.0,497448.5581,5455140.0603,7515.5196797501585,0.0,0.0,0.0,False,False,False,False,False,False,False,False,False,False,False,False,True,False,False,False,False,False,False,False,False,0
1832,0.0,497448.5581,5455390.0603,7390.234516354128,0.0,0.0,0.0,False,False,False,False,False,False,False,False,False,False,False,False,True,False,False,False,False,False,False,False,False,0
1833,1.0,497448.5581,5455640.0603,7271.388887737468,20.0,1.0,0.0,False,False,False,False,False,False,False,False,False,False,False,False,True,False,False,False,False,False,False,False,False,0
1834,2.0,497448.5581,5455890.0603,7159.303493127802,0.5,1.0,0.5,False,False,False,False,False,False,False,False,False,False,False,False,True,False,False,False,False,False,False,False,False,0
1835,2.0,497448.5581,5456140.0603,7054.30057884635,18.0,0.5,0.0,False,False,False,False,False,False,False,False,False,False,False,False,True,False,False,False,False,False,False,False,False,0
1836,1.0,497448.5581,5456390.0603,6956.700856491671,12.0,0.0,1.0,False,False,False,False,False,False,False,False,False,False,False,False,True,False,False,False,False,False,False,False,False,0
1837,2.0,497448.5581,5456640.0603,6866.820003226527,18.5,0.0,0.0,False,False,False,False,True,False,False,False,False,False,False,False,False,False,False,False,False,False,False,False,False,0
1838,3.0,497448.5581,5456890.0603,6784.9647830119175,8.333333333333334,0.3333333333333333,0.3333333333333333,False,False,False,False,True,False,False,False,False,False,False,False,False,False,False,False,False,False,False,False,False,1
1839,4.0,497448.5581,5457140.0603,6711.428853583413,7.25,0.5,0.0,False,False,False,False,True,False,False,False,False,False,False,False,False,False,False,False,False,False,False,False,False,1
1840,5.0,497448.5581,5457390.0603,6646.4883515065285,18.0,0.4,0.2,False,False,False,False,True,False,False,False,False,False,False,False,False,False,False,False,False,False,False,False,False,2
1841,1.0,497448.5581,5457640.0603,6590.397374719674,18.0,0.0,1.0,False,False,False,False,True,False,False,False,False,False,False,False,False,False,False,False,False,False,False,False,False,0
1842,0.0,497448.5581,5457890.0603,6543.383506009103,0.0,0.0,0.0,False,False,False,False,True,False,False,False,False,False,False,False,False,False,False,False,False,False,False,False,False,0
1843,1.0,497448.5581,5458140.0603,6505.643539013799,3.0,1.0,1.0,False,False,False,False,True,False,False,False,False,False,False,False,False,False,False,False,False,False,False,False,False,0
1844,3.0,497448.5581,5458390.0603,6477.339577844595,11.0,0.3333333333333333,0.0,False,False,False,False,True,False,False,False,False,False,False,False,False,False,False,False,False,False,False,False,False,1
1845,6.0,497448.5581,5458640.0603,6458.595679922378,16.333333333333332,0.16666666666666666,0.3333333333333333,False,False,False,False,True,False,False,False,False,False,False,False,False,False,False,False,False,False,False,False,False,2
1846,0.0,497448.5581,5458890.0603,6449.49519782068,0.0,0.0,0.0,False,False,False,False,True,False,False,False,False,False,False,False,False,False,False,False,False,False,False,False,False,0
1847,0.0,497448.5581,5459140.0603,6450.078949649533,0.0,0.0,0.0,False,False,False,False,True,False,False,False,False,False,False,False,False,False,False,False,False,False,False,False,False,0
1848,0.0,497448.5581,5459390.0603,6460.344310229295,0.0,0.0,0.0,False,False,False,False,True,False,False,False,False,False,False,False,False,False,False,False,False,False,False,False,False,0
1849,0.0,497448.5581,5459640.0603,6480.2452697958915,0.0,0.0,0.0,False,False,False,False,True,False,False,False,False,False,False,False,False,False,False,False,False,False,False,False,False,0
1850,0.0,497449.68510841386,5459888.281811623,6510.566993323669,0.0,0.0,0.0,False,False,False,False,True,False,False,False,False,False,False,False,False,False,False,False,False,False,False,False,False,0
1851,0.0,497538.6497914221,5460018.0591287045,6617.430429132076,0.0,0.0,0.0,False,False,False,False,True,False,False,False,False,False,False,False,False,False,False,False,False,False,False,False,False,0
1852,0.0,497698.5581,5450140.0603,11107.169401189118,0.0,0.0,0.0,False,False,False,False,False,False,False,True,False,False,False,False,False,False,False,False,False,False,False,False,False,0
1853,12.0,497698.5581,5450390.0603,10908.791970548884,9.0,0.6666666666666666,0.25,False,False,False,False,False,False,False,True,False,False,False,False,False,False,False,False,False,False,False,False,False,2
1854,0.0,497698.5581,5450640.0603,10712.57543295317,0.0,0.0,0.0,False,False,False,False,False,False,False,True,False,False,False,False,False,False,False,False,False,False,False,False,False,0
1855,0.0,497698.5581,5450890.0603,10518.640718111434,0.0,0.0,0.0,False,False,False,False,False,False,False,True,False,False,False,False,False,False,False,False,False,False,False,False,False,0
1856,0.0,497698.5581,5451140.0603,10327.116379063025,0.0,0.0,0.0,False,False,False,False,False,False,False,True,False,False,False,False,False,False,False,False,False,False,False,False,False,0
1857,0.0,497698.5581,5451390.0603,10138.139023347028,0.0,0.0,0.0,False,False,False,False,False,False,False,True,False,False,False,False,False,False,False,False,False,False,False,False,False,0
1858,0.0,497698.5581,5451640.0603,9951.853747252913,0.0,0.0,0.0,False,False,False,False,False,False,False,True,False,False,False,False,False,False,False,False,False,False,False,False,False,0
1859,2.0,497698.5581,5451890.0603,9768.414567201366,9.5,0.5,0.5,False,False,False,False,False,False,False,True,False,False,False,False,False,False,False,False,False,False,False,False,False,0
1860,1.0,497698.5581,5452140.0603,9587.984840763562,6.0,0.0,0.0,False,False,False,False,False,False,False,True,False,False,False,False,False,False,False,False,False,False,False,False,False,0
1861,1.0,497698.5581,5452390.0603,9410.737668042386,1.0,1.0,1.0,False,False,False,False,False,False,False,True,False,False,False,False,False,False,False,False,False,False,False,False,False,0
1862,1.0,497698.5581,5452640.0603,9236.85626210086,15.0,0.0,0.0,False,False,False,False,False,False,False,True,False,False,False,False,False,False,False,False,False,False,False,False,False,0
1863,1.0,497698.5581,5452890.0603,9066.534274832466,21.0,1.0,1.0,False,False,False,False,False,False,False,True,False,False,False,False,False,False,False,False,False,False,False,False,False,0
1864,29.0,497698.5581,5453140.0603,8899.976062142632,14.0,0.2413793103448276,0.3103448275862069,False,False,False,False,False,False,False,True,False,False,False,False,False,False,False,False,False,False,False,False,False,2
1865,21.0,497698.5581,5453390.0603,8737.396869589471,13.857142857142858,0.047619047619047616,0.14285714285714285,False,False,False,False,False,False,False,False,False,False,False,False,True,False,False,False,False,False,False,False,False,2
1866,0.0,497698.5581,5453640.0603,8579.022916784399,0.0,0.0,0.0,False,False,False,False,False,False,False,False,False,False,False,False,True,False,False,False,False,False,False,False,False,0
1867,16.0,497698.5581,5453890.0603,8425.091355986111,11.9375,0.3125,0.1875,False,False,False,False,False,False,False,False,False,False,False,False,True,False,False,False,False,False,False,False,False,2
1868,8.0,497698.5581,5454140.0603,8275.850077587915,6.125,0.625,0.25,False,False,False,False,False,False,False,False,False,False,False,False,True,False,False,False,False,False,False,False,False,2
1869,1.0,497698.5581,5454390.0603,8131.557332806054,15.0,0.0,0.0,False,False,False,False,False,False,False,False,False,False,False,False,True,False,False,False,False,False,False,False,False,0
1870,1.0,497698.5581,5454640.0603,7992.48114209298,5.0,1.0,1.0,False,False,False,False,False,False,False,False,False,False,False,False,True,False,False,False,False,False,False,False,False,0
1871,2.0,497698.5581,5454890.0603,7858.89845695387,16.5,0.5,0.0,False,False,False,False,False,False,False,False,False,False,False,False,True,False,False,False,False,False,False,False,False,0
1872,0.0,497698.5581,5455140.0603,7731.094043323489,0.0,0.0,0.0,False,False,False,False,False,False,False,False,False,False,False,False,True,False,False,False,False,False,False,False,False,0
1873,1.0,497698.5581,5455390.0603,7609.359056892501,14.0,0.0,0.0,False,False,False,False,False,False,False,False,False,False,False,False,True,False,False,False,False,False,False,False,False,0
1874,1.0,497698.5581,5455640.0603,7493.989285201304,19.0,0.0,0.0,False,False,False,False,False,False,False,False,False,False,False,False,True,False,False,False,False,False,False,False,False,0
1875,1.0,497698.5581,5455890.0603,7385.283038361627,22.0,1.0,0.0,False,False,False,False,False,False,False,False,False,False,False,False,True,False,False,False,False,False,False,False,False,0
1876,31.0,497698.5581,5456140.0603,7283.538680250964,16.548387096774192,0.12903225806451613,0.1935483870967742,False,False,False,False,False,False,False,False,False,False,False,False,True,False,False,False,False,False,False,False,False,2
1877,2.0,497698.5581,5456390.0603,7189.051805120893,9.0,0.0,0.5,False,False,False,False,False,False,False,False,False,False,False,False,True,False,False,False,False,False,False,False,False,0
1878,1.0,497698.5581,5456640.0603,7102.112080692051,1.0,1.0,1.0,False,False,False,False,True,False,False,False,False,False,False,False,False,False,False,False,False,False,False,False,False,0
1879,0.0,497698.5581,5456890.0603,7022.999797573112,0.0,0.0,0.0,False,False,False,False,True,False,False,False,False,False,False,False,False,False,False,False,False,False,False,False,False,0
1880,1.0,497698.5581,5457140.0603,6951.982185442651,2.0,1.0,1.0,False,False,False,False,True,False,False,False,False,False,False,False,False,False,False,False,False,False,False,False,False,0
1881,1.0,497698.5581,5457390.0603,6889.309577650868,15.0,0.0,1.0,False,False,False,False,True,False,False,False,False,False,False,False,False,False,False,False,False,False,False,False,False,0
1882,0.0,497698.5581,5457640.0603,6835.211526113291,0.0,0.0,0.0,False,False,False,False,True,False,False,False,False,False,False,False,False,False,False,False,False,False,False,False,False,0
1883,0.0,497698.5581,5457890.0603,6789.892985659789,0.0,0.0,0.0,False,False,False,False,True,False,False,False,False,False,False,False,False,False,False,False,False,False,False,False,False,0
1884,0.0,497698.5581,5458140.0603,6753.530699324021,0.0,0.0,0.0,False,False,False,False,True,False,False,False,False,False,False,False,False,False,False,False,False,False,False,False,False,0
1885,0.0,497698.5581,5458390.0603,6726.2699214878385,0.0,0.0,0.0,False,False,False,False,True,False,False,False,False,False,False,False,False,False,False,False,False,False,False,False,False,0
1886,2.0,497698.5581,5458640.0603,6708.2216128204955,18.0,0.5,0.0,False,False,False,False,True,False,False,False,False,False,False,False,False,False,False,False,False,False,False,False,False,0
1887,5.0,497698.5581,5458890.0603,6699.4602287581365,14.8,0.6,0.6,False,False,False,False,True,False,False,False,False,False,False,False,False,False,False,False,False,False,False,False,False,2
1888,3.0,497698.5581,5459140.0603,6700.022201956649,18.0,0.6666666666666666,0.3333333333333333,False,False,False,False,True,False,False,False,False,False,False,False,False,False,False,False,False,False,False,False,False,1
1889,0.0,497698.5581,5459390.0603,6709.905189845236,0.0,0.0,0.0,False,False,False,False,True,False,False,False,False,False,False,False,False,False,False,False,False,False,False,False,False,0
1890,1.0,497698.5581,5459640.0603,6729.068123203393,15.0,0.0,0.0,False,False,False,False,True,False,False,False,False,False,False,False,False,False,False,False,False,False,False,False,False,0
1891,0.0,497698.5581,5459890.0603,6757.4320534291755,0.0,0.0,0.0,False,False,False,False,True,False,False,False,False,False,False,False,False,False,False,False,False,False,False,False,False,0
1892,0.0,497721.23014273355,5460025.901490895,6799.0740914194175,0.0,0.0,0.0,False,False,False,False,True,False,False,False,False,False,False,False,False,False,False,False,False,False,False,False,False,0
1893,1.0,497948.5581,5450140.0603,11259.706530665522,21.0,1.0,0.0,False,False,False,False,False,False,False,True,False,False,False,False,False,False,False,False,False,False,False,False,False,0
1894,1.0,497948.5581,5450390.0603,11064.06441172103,17.0,0.0,0.0,False,False,False,False,False,False,False,True,False,False,False,False,False,False,False,False,False,False,False,False,False,0
1895,3.0,497948.5581,5450640.0603,10870.650921481742,19.333333333333332,0.6666666666666666,0.6666666666666666,False,False,False,False,False,False,False,True,False,False,False,False,False,False,False,False,False,False,False,False,False,1
1896,1.0,497948.5581,5450890.0603,10679.587145892478,17.0,0.0,0.0,False,False,False,False,False,False,False,True,False,False,False,False,False,False,False,False,False,False,False,False,False,0
1897,2.0,497948.5581,5451140.0603,10491.001465861676,23.0,1.0,0.0,False,False,False,False,False,False,False,True,False,False,False,False,False,False,False,False,False,False,False,False,False,0
1898,2.0,497948.5581,5451390.0603,10305.029932353998,16.5,0.0,0.5,False,False,False,False,False,False,False,True,False,False,False,False,False,False,False,False,False,False,False,False,False,0
1899,1.0,497948.5581,5451640.0603,10121.816638168855,4.0,1.0,0.0,False,False,False,False,False,False,False,True,False,False,False,False,False,False,False,False,False,False,False,False,False,0
1900,1.0,497948.5581,5451890.0603,9941.51408019482,12.0,0.0,0.0,False,False,False,False,False,False,False,True,False,False,False,False,False,False,False,False,False,False,False,False,False,0
1901,0.0,497948.5581,5452140.0603,9764.28350452361,0.0,0.0,0.0,False,False,False,False,False,False,False,True,False,False,False,False,False,False,False,False,False,False,False,False,False,0
1902,0.0,497948.5581,5452390.0603,9590.295225211363,0.0,0.0,0.0,False,False,False,False,False,False,False,True,False,False,False,False,False,False,False,False,False,False,False,False,False,0
1903,1.0,497948.5581,5452640.0603,9419.72890569107,5.0,1.0,1.0,False,False,False,False,False,False,False,True,False,False,False,False,False,False,False,False,False,False,False,False,False,0
1904,2.0,497948.5581,5452890.0603,9252.773789881167,17.5,0.0,0.0,False,False,False,False,False,False,False,True,False,False,False,False,False,False,False,False,False,False,False,False,False,0
1905,4.0,497948.5581,5453140.0603,9089.628867930302,13.5,0.5,0.5,False,False,False,False,False,False,False,True,False,False,False,False,False,False,False,False,False,False,False,False,False,1
1906,5.0,497948.5581,5453390.0603,8930.50295933616,10.0,0.6,0.8,False,False,False,False,False,False,False,False,False,False,False,False,True,False,False,False,False,False,False,False,False,2
1907,7.0,497948.5581,5453640.0603,8775.614693952322,14.857142857142858,0.2857142857142857,0.42857142857142855,False,False,False,False,False,False,False,False,False,False,False,False,True,False,False,False,False,False,False,False,False,2
1908,4.0,497948.5581,5453890.0603,8625.192369258317,10.0,0.25,0.0,False,False,False,False,False,False,False,False,False,False,False,False,True,False,False,False,False,False,False,False,False,1
1909,2.0,497948.5581,5454140.0603,8479.473660358402,14.5,0.0,0.5,False,False,False,False,False,False,False,False,False,False,False,False,True,False,False,False,False,False,False,False,False,0
1910,2.0,497948.5581,5454390.0603,8338.705157679573,16.5,0.5,0.0,False,False,False,False,False,False,False,False,False,False,False,False,True,False,False,False,False,False,False,False,False,0
1911,0.0,497948.5581,5454640.0603,8203.141706487333,0.0,0.0,0.0,False,False,False,False,False,False,False,False,False,False,False,False,True,False,False,False,False,False,False,False,False,0
1912,3.0,497948.5581,5454890.0603,8073.045522398095,14.333333333333334,0.0,0.0,False,False,False,False,False,False,False,False,False,False,False,False,True,False,False,False,False,False,False,False,False,1
1913,2.0,497948.5581,5455140.0603,7948.685058342162,13.5,0.0,0.5,False,False,False,False,False,False,False,False,False,False,False,False,True,False,False,False,False,False,False,False,False,0
1914,0.0,497948.5581,5455390.0603,7830.333601240241,0.0,0.0,0.0,False,False,False,False,False,False,False,False,False,False,False,False,True,False,False,False,False,False,False,False,False,0
1915,1.0,497948.5581,5455640.0603,7718.267581310715,15.0,0.0,0.0,False,False,False,False,False,False,False,False,False,False,False,False,True,False,False,False,False,False,False,False,False,0
1916,1.0,497948.5581,5455890.0603,7612.764583691785,19.0,0.0,0.0,False,False,False,False,False,False,False,False,False,False,False,False,True,False,False,False,False,False,False,False,False,0
1917,61.0,497948.5581,5456140.0603,7514.101061119152,16.868852459016395,0.4918032786885246,0.3770491803278688,False,False,False,False,False,False,False,False,False,False,False,False,True,False,False,False,False,False,False,False,False,2
1918,0.0,497948.5581,5456390.0603,7422.549757779464,0.0,0.0,0.0,False,False,False,False,False,False,False,False,False,False,False,False,True,False,False,False,False,False,False,False,False,0
1919,0.0,497948.5581,5456640.0603,7338.376867994174,0.0,0.0,0.0,False,False,False,False,False,False,False,False,False,False,False,False,True,False,False,False,False,False,False,False,False,0
1920,1.0,497948.5581,5456890.0603,7261.8389686574565,13.0,0.0,1.0,False,False,False,False,True,False,False,False,False,False,False,False,False,False,False,False,False,False,False,False,False,0
1921,0.0,497948.5581,5457140.0603,7193.1797806472205,0.0,0.0,0.0,False,False,False,False,True,False,False,False,False,False,False,False,False,False,False,False,False,False,False,False,False,0
1922,0.0,497948.5581,5457390.0603,7132.626830748402,0.0,0.0,0.0,False,False,False,False,True,False,False,False,False,False,False,False,False,False,False,False,False,False,False,False,False,0
1923,2.0,497948.5581,5457640.0603,7080.388100712559,4.0,0.5,0.0,False,False,False,False,True,False,False,False,False,False,False,False,False,False,False,False,False,False,False,False,False,0
1924,0.0,497948.5581,5457890.0603,7036.64876249426,0.0,0.0,0.0,False,False,False,False,True,False,False,False,False,False,False,False,False,False,False,False,False,False,False,False,False,0
1925,1.0,497948.5581,5458140.0603,7001.568106982322,1.0,1.0,0.0,False,False,False,False,True,False,False,False,False,False,False,False,False,False,False,False,False,False,False,False,False,0
1926,3.0,497948.5581,5458390.0603,6975.276776351747,19.333333333333332,0.3333333333333333,0.3333333333333333,False,False,False,False,True,False,False,False,False,False,False,False,False,False,False,False,False,False,False,False,False,1
1927,14.0,497948.5581,5458640.0603,6957.874406506058,11.0,0.42857142857142855,0.14285714285714285,False,False,False,False,True,False,False,False,False,False,False,False,False,False,False,False,False,False,False,False,False,2
1928,1.0,497948.5581,5458890.0603,6949.427775487133,1.0,1.0,1.0,False,False,False,False,True,False,False,False,False,False,False,False,False,False,False,False,False,False,False,False,False,0
1929,3.0,497948.5581,5459140.0603,6949.969536387339,12.333333333333334,0.6666666666666666,0.0,False,False,False,False,True,False,False,False,False,False,False,False,False,False,False,False,False,False,False,False,False,1
1930,5.0,497948.5581,5459390.0603,6959.497590107496,20.4,0.6,0.0,False,False,False,False,True,False,False,False,False,False,False,False,False,False,False,False,False,False,False,False,False,2
1931,1.0,497948.5581,5459640.0603,6977.975125830705,6.0,0.0,0.0,False,False,False,False,True,False,False,False,False,False,False,False,False,False,False,False,False,False,False,False,False,0
1932,0.0,497948.5581,5459890.0603,7005.331327404298,0.0,0.0,0.0,False,False,False,False,True,False,False,False,False,False,False,False,False,False,False,False,False,False,False,False,False,0
1933,0.0,497959.4150162324,5460036.132230582,7036.123035266748,0.0,0.0,0.0,False,False,False,False,True,False,False,False,False,False,False,False,False,False,False,False,False,False,False,False,False,0
1934,2.0,498183.2777706523,5450140.567277342,11405.657705614773,14.0,0.0,0.5,False,False,False,False,False,False,False,True,False,False,False,False,False,False,False,False,False,False,False,False,False,0
1935,2.0,498185.9475288461,5450390.555233186,11214.293605936504,6.5,0.5,0.0,False,False,False,False,False,False,False,True,False,False,False,False,False,False,False,False,False,False,False,False,False,0
1936,1.0,498188.5904730064,5450640.517523591,11025.279146669305,21.0,1.0,0.0,False,False,False,False,False,False,False,True,False,False,False,False,False,False,False,False,False,False,False,False,False,0
1937,0.0,498188.9779611041,5450889.869997833,10837.694071032389,0.0,0.0,0.0,False,False,False,False,False,False,False,True,False,False,False,False,False,False,False,False,False,False,False,False,False,0
1938,1.0,498187.9236726469,5451139.868243492,10651.19326429956,4.0,1.0,0.0,False,False,False,False,False,False,False,True,False,False,False,False,False,False,False,False,False,False,False,False,False,0
1939,1.0,498186.86938432744,5451389.866456505,10467.340832189051,12.0,0.0,1.0,False,False,False,False,False,False,False,True,False,False,False,False,False,False,False,False,False,False,False,False,False,0
1940,0.0,498185.8150961494,5451639.86463595,10286.278781619165,0.0,0.0,0.0,False,False,False,False,False,False,False,True,False,False,False,False,False,False,False,False,False,False,False,False,False,0
1941,1.0,498184.76080811693,5451889.8627808755,10108.157059752888,23.0,1.0,0.0,False,False,False,False,False,False,False,True,False,False,False,False,False,False,False,False,False,False,False,False,False,0
1942,1.0,498183.70652023435,5452139.860890289,9933.133844534976,8.0,0.0,0.0,False,False,False,False,False,False,False,True,False,False,False,False,False,False,False,False,False,False,False,False,False,0
1943,2.0,498182.6522325058,5452389.85896316,9761.375805696583,6.0,0.5,0.0,False,False,False,False,False,False,False,True,False,False,False,False,False,False,False,False,False,False,False,False,False,0
1944,0.0,498181.5979449359,5452639.856998418,9593.058325855953,0.0,0.0,0.0,False,False,False,False,False,False,False,True,False,False,False,False,False,False,False,False,False,False,False,False,False,0
1945,1.0,498180.5436575292,5452889.854994955,9428.365669635707,20.0,1.0,0.0,False,False,False,False,False,False,False,True,False,False,False,False,False,False,False,False,False,False,False,False,False,0
1946,5.0,498179.48937029083,5453139.85295161,9267.49108695917,12.0,0.2,0.4,False,False,False,False,False,False,False,True,False,False,False,False,False,False,False,False,False,False,False,False,False,2
1947,2.0,498179.0429969635,5453390.115195898,9110.953071306052,11.5,0.0,1.0,False,False,False,False,False,False,False,False,False,False,False,False,True,False,False,False,False,False,False,False,False,0
1948,3.0,498179.23539695714,5453640.067963145,8959.368969108802,17.333333333333332,0.6666666666666666,0.0,False,False,False,False,False,False,False,False,False,False,False,False,True,False,False,False,False,False,False,False,False,1
1949,2.0,498179.25782721385,5453890.063972346,8812.104695039217,9.0,0.5,0.0,False,False,False,False,False,False,False,False,False,False,False,False,True,False,False,False,False,False,False,False,False,0
1950,0.0,498179.2764591744,5454140.063971696,8669.543740962321,0.0,0.0,0.0,False,False,False,False,False,False,False,False,False,False,False,False,True,False,False,False,False,False,False,False,False,0
1951,0.0,498179.29509113485,5454390.063971051,8531.927578020974,0.0,0.0,0.0,False,False,False,False,False,False,False,False,False,False,False,False,True,False,False,False,False,False,False,False,False,0
1952,3.0,498179.3137230953,5454640.063970405,8399.499253931017,13.0,0.0,0.0,False,False,False,False,False,False,False,False,False,False,False,False,True,False,False,False,False,False,False,False,False,1
1953,1.0,498179.33235505567,5454890.063969757,8272.507917012554,22.0,1.0,1.0,False,False,False,False,False,False,False,False,False,False,False,False,True,False,False,False,False,False,False,False,False,0
1954,0.0,498179.35098701605,5455140.06396911,8151.2076870443,0.0,0.0,0.0,False,False,False,False,False,False,False,False,False,False,False,False,True,False,False,False,False,False,False,False,False,0
1955,3.0,498179.3696189766,5455390.063968466,8035.856287767606,18.333333333333332,0.3333333333333333,0.6666666666666666,False,False,False,False,False,False,False,False,False,False,False,False,True,False,False,False,False,False,False,False,False,1
1956,0.0,498179.388250937,5455640.063967819,7926.713429791572,0.0,0.0,0.0,False,False,False,False,False,False,False,False,False,False,False,False,True,False,False,False,False,False,False,False,False,0
1957,2.0,498179.4068828975,5455890.063967174,7824.038938966613,20.5,0.5,0.0,False,False,False,False,False,False,False,False,False,False,False,False,True,False,False,False,False,False,False,False,False,0
1958,2.0,498179.4255148579,5456140.0639665285,7728.090633458021,3.0,0.5,0.0,False,False,False,False,False,False,False,False,False,False,False,False,True,False,False,False,False,False,False,False,False,0
1959,0.0,498179.4441468183,5456390.063965882,7639.121962599519,0.0,0.0,0.0,False,False,False,False,False,False,False,False,False,False,False,False,True,False,False,False,False,False,False,False,False,0
1960,0.0,498179.46277877886,5456640.063965238,7557.379432054522,0.0,0.0,0.0,False,False,False,False,False,False,False,False,False,False,False,False,True,False,False,False,False,False,False,False,False,0
1961,1.0,498179.49517514044,5456890.07841039,7483.1089851857705,20.0,1.0,0.0,False,False,False,False,False,False,False,False,False,False,False,False,True,False,False,False,False,False,False,False,False,0
1962,0.0,498180.17732138943,5457140.262900611,7417.113215088302,0.0,0.0,0.0,False,False,False,False,True,False,False,False,False,False,False,False,False,False,False,False,False,False,False,False,False,0
1963,1.0,498181.21415885666,5457390.26094933,7359.422301146606,16.0,0.0,0.0,False,False,False,False,True,False,False,False,False,False,False,False,False,False,False,False,False,False,False,False,False,0
1964,0.0,498182.25099647813,5457640.259035277,7309.830700334755,0.0,0.0,0.0,False,False,False,False,True,False,False,False,False,False,False,False,False,False,False,False,False,False,False,False,False,0
1965,2.0,498183.2878342496,5457890.2571573965,7268.50419869096,16.5,0.0,1.0,False,False,False,False,True,False,False,False,False,False,False,False,False,False,False,False,False,False,False,False,False,0
1966,0.0,498184.32467216696,5458140.255314673,7235.584421389495,0.0,0.0,0.0,False,False,False,False,True,False,False,False,False,False,False,False,False,False,False,False,False,False,False,False,False,0
1967,1.0,498185.361510226,5458390.253506128,7211.186505660942,3.0,1.0,1.0,False,False,False,False,True,False,False,False,False,False,False,False,False,False,False,False,False,False,False,False,False,0
1968,16.0,498186.3983484229,5458640.251730818,7195.397142576256,13.75,0.25,0.3125,False,False,False,False,True,False,False,False,False,False,False,False,False,False,False,False,False,False,False,False,False,2
1969,1.0,498187.4351867539,5458890.249987838,7188.273063049148,22.0,1.0,0.0,False,False,False,False,True,False,False,False,False,False,False,False,False,False,False,False,False,False,False,False,False,0
1970,7.0,498188.47202521533,5459140.248276311,7189.840028561947,14.714285714285714,0.2857142857142857,0.0,False,False,False,False,True,False,False,False,False,False,False,False,False,False,False,False,False,False,False,False,False,2
1971,1.0,498189.50886380376,5459390.246595393,7200.09236801366,1.0,1.0,0.0,False,False,False,False,True,False,False,False,False,False,False,False,False,False,False,False,False,False,False,False,False,0
1972,0.0,498190.5457025157,5459640.244944271,7218.9930799683625,0.0,0.0,0.0,False,False,False,False,True,False,False,False,False,False,False,False,False,False,False,False,False,False,False,False,False,0
1973,2.0,498191.582541348,5459890.243322159,7246.474496033945,10.0,1.0,0.5,False,False,False,False,True,False,False,False,False,False,False,False,False,False,False,False,False,False,False,False,False,0
1974,0.0,498199.1190172821,5460046.504739366,7274.784312576368,0.0,0.0,0.0,False,False,False,False,True,False,False,False,False,False,False,False,False,False,False,False,False,False,False,False,False,0
